14:17:47  6607 Wrk-0.0 | Info in <TProofServLite::Setup>: fWorkDir: /home/gcoulon/.proof
14:17:47  6607 Wrk-0.0 | Info in <TProofServLite::SetupCommon>:  0 global package directories registered
14:17:59  6607 Wrk-0.0 | Info in <TProofServLite::HandleProcess>: calling fPlayer->Process() with selector name: HSCPSelector.C+
14:18:08  6607 Wrk-0.0 | Info in <TProofPlayerSlave::AssertSelector>: Processing via filename (HSCPSelector.C+)
14:18:08  6607 Wrk-0.0 | Info in <TEventIter::TEventIter>: fPackets list 'ProcessedPackets_0.0' created
14:18:08  6607 Wrk-0.0 | Info in <TProofPlayerSlave::Process>: save partial results? 0  per-packet? 0
Got ouf of loop on selections_
14:18:08  6607 Wrk-0.0 | SvcMsg in <TProofPlayerSlave::CheckMemUsage>: Memory 2210544 virtual 845300 resident event 0
14:18:08  6607 Wrk-0.0 | Info in <TEventIterTree::GetTrees>: the tree cache is in learning phase
14:18:08  6607 Wrk-0.0 | Error in <TTreeReaderArrayBase::CreateContentProxy()>: The branch IsoTrack_dz contains data of type double. It cannot be accessed by a TTreeReaderArray<float>
14:18:08  6607 Wrk-0.0 | Error in <TTreeReaderArrayBase::CreateContentProxy()>: The branch IsoTrack_dxy contains data of type double. It cannot be accessed by a TTreeReaderArray<float>
      Run : 1 Lumi: 25 Event: 24145
HSCP type: 0
Ih: 9.81594
P: 878.609
Pt: 871.14
Eta: 0.130859
Phi: 0.768844
NbPixelHit_noL1: 1
NOM_noL1: 12
FracOfValidHit: 1
isHighPurityTrack: 1
miniRelIsoAll: 1
IsoSumPt_dr03: 0
dz: 8.83003e-10
dxy: -2.08377e+15
normChi2: 0.609159
EoP: 0.0183441
Pterr: 357.625
Fpix: 0.99297
RecoPFMET: 832.34
RecoPFMET_phi: -2.37709
RecoCaloMET: 24.4893
RecoCaloMET_phi: 0.857903
Flag_allMETFilters: 0

14:18:08  6607 Wrk-0.0 | Info in <TProofServLite::RestartComputeTime>: compute time restarted after 0.051102 secs (100 entries)
      Run : 1 Lumi: 25 Event: 24149
HSCP type: 0
Ih: 12.2765
P: 925.43
Pt: 467.916
Eta: 1.30403
Phi: 0.406932
NbPixelHit_noL1: 2
NOM_noL1: 10
FracOfValidHit: 1
isHighPurityTrack: 1
miniRelIsoAll: 1.18398
IsoSumPt_dr03: 0
dz: -5.97484e-37
dxy: -1.27378e-20
normChi2: 0.472361
EoP: 0
Pterr: 75.4579
Fpix: 0.999684
RecoPFMET: 28.2177
RecoPFMET_phi: -2.96065
RecoCaloMET: 121.861
RecoCaloMET_phi: 2.74899
Flag_allMETFilters: 0

      Run : 1 Lumi: 25 Event: 24146
HSCP type: 1
Ih: 7.49263
P: 1476.04
Pt: 1416.6
Eta: -0.28869
Phi: 1.10337
NbPixelHit_noL1: 3
NOM_noL1: 15
FracOfValidHit: 1
isHighPurityTrack: 1
miniRelIsoAll: 0.00603903
IsoSumPt_dr03: 0
dz: -7.05391e+15
dxy: 1.282e-24
normChi2: 0.274776
EoP: 0.00496178
Pterr: 564.005
Fpix: 0.963314
RecoPFMET: 1511.47
RecoPFMET_phi: 1.08746
RecoCaloMET: 60.5961
RecoCaloMET_phi: 2.36911
Flag_allMETFilters: 0

      Run : 1 Lumi: 25 Event: 24147
HSCP type: 0
Ih: 7.8851
P: 1297.86
Pt: 580.753
Eta: -1.443
Phi: 2.00177
NbPixelHit_noL1: 4
NOM_noL1: 18
FracOfValidHit: 1
isHighPurityTrack: 1
miniRelIsoAll: 0.937203
IsoSumPt_dr03: 0
dz: 9.71638e+30
dxy: -5.67842e+35
normChi2: 0.662122
EoP: 0
Pterr: 66.0047
Fpix: 0.999798
RecoPFMET: 436.045
RecoPFMET_phi: -1.0778
RecoCaloMET: 98.3733
RecoCaloMET_phi: 1.84558
Flag_allMETFilters: 0

      Run : 1 Lumi: 25 Event: 24154
HSCP type: 0
Ih: 24.2409
P: 577.058
Pt: 537.063
Eta: -0.383572
Phi: -0.875031
NbPixelHit_noL1: 2
NOM_noL1: 14
FracOfValidHit: 1
isHighPurityTrack: 1
miniRelIsoAll: 0.967696
IsoSumPt_dr03: 0
dz: -3.12362e+31
dxy: -1.407e-25
normChi2: 2.01648
EoP: 0.000504525
Pterr: 100.582
Fpix: 0.999523
RecoPFMET: 93.9509
RecoPFMET_phi: -1.05418
RecoCaloMET: 31.251
RecoCaloMET_phi: -2.01106
Flag_allMETFilters: 0

      Run : 1 Lumi: 25 Event: 24153
HSCP type: 0
Ih: 12.5185
P: 1100.83
Pt: 1078.43
Eta: 0.203483
Phi: -0.3712
NbPixelHit_noL1: 2
NOM_noL1: 19
FracOfValidHit: 1
isHighPurityTrack: 1
miniRelIsoAll: 1
IsoSumPt_dr03: 0
dz: -4.86146e+14
dxy: -4.53112e-06
normChi2: 0.162177
EoP: 0.0114505
Pterr: 309.344
Fpix: 0.999611
RecoPFMET: 34.4352
RecoPFMET_phi: -2.9271
RecoCaloMET: 80.6457
RecoCaloMET_phi: 2.43011
Flag_allMETFilters: 0

      Run : 1 Lumi: 25 Event: 24151
HSCP type: 0
Ih: 33.8821
P: 454.031
Pt: 406.432
Eta: 0.479371
Phi: 2.57797
NbPixelHit_noL1: 2
NOM_noL1: 16
FracOfValidHit: 0.944444
isHighPurityTrack: 1
miniRelIsoAll: 1.02534
IsoSumPt_dr03: 0
dz: -7.45107e+33
dxy: -1.01769e+11
normChi2: 0.0937934
EoP: 0
Pterr: 87.2803
Fpix: 0.999294
RecoPFMET: 321.532
RecoPFMET_phi: -0.3745
RecoCaloMET: 158.395
RecoCaloMET_phi: 2.35318
Flag_allMETFilters: 0

      Run : 1 Lumi: 25 Event: 24155
HSCP type: 0
Ih: 9.07622
P: 1291.32
Pt: 1055.17
Eta: 0.657152
Phi: -0.0741323
NbPixelHit_noL1: 2
NOM_noL1: 15
FracOfValidHit: 1
isHighPurityTrack: 1
miniRelIsoAll: 4.87529
IsoSumPt_dr03: 0
dz: 1.37679e+38
dxy: -5.39383e-08
normChi2: 0.280764
EoP: 0
Pterr: 273.407
Fpix: 0.994872
RecoPFMET: 5510.06
RecoPFMET_phi: -0.115043
RecoCaloMET: 33.2905
RecoCaloMET_phi: 1.80946
Flag_allMETFilters: 0

      Run : 1 Lumi: 25 Event: 24156
HSCP type: 0
Ih: 6.99319
P: 1721.73
Pt: 558.631
Eta: -1.79132
Phi: -1.10984
NbPixelHit_noL1: 6
NOM_noL1: 25
FracOfValidHit: 1
isHighPurityTrack: 1
miniRelIsoAll: 1.30755
IsoSumPt_dr03: 0
dz: 2.15322e+21
dxy: 2.25012e+24
normChi2: 0.670854
EoP: 0
Pterr: 71.5276
Fpix: 0.999983
RecoPFMET: 62.1775
RecoPFMET_phi: 1.3119
RecoCaloMET: 17.0834
RecoCaloMET_phi: -0.997007
Flag_allMETFilters: 0

      Run : 1 Lumi: 25 Event: 24150
HSCP type: 0
Ih: 9.68157
P: 1590.55
Pt: 1545.02
Eta: -0.242199
Phi: 2.56438
NbPixelHit_noL1: 2
NOM_noL1: 17
FracOfValidHit: 1
isHighPurityTrack: 1
miniRelIsoAll: 0.824883
IsoSumPt_dr03: 0
dz: 7.68449e+18
dxy: -5.8805e+10
normChi2: 0.552741
EoP: 0.00366753
Pterr: 762.423
Fpix: 0.997765
RecoPFMET: 180.374
RecoPFMET_phi: 1.45338
RecoCaloMET: 486.435
RecoCaloMET_phi: -2.14297
Flag_allMETFilters: 0

      Run : 1 Lumi: 25 Event: 24148
HSCP type: 0
Ih: 17.3108
P: 467.668
Pt: 238.964
Eta: 1.29181
Phi: -1.6619
NbPixelHit_noL1: 2
NOM_noL1: 13
FracOfValidHit: 1
isHighPurityTrack: 1
miniRelIsoAll: 1
IsoSumPt_dr03: 0
dz: -8.16922e+08
dxy: -2.7242e-11
normChi2: 0.598514
EoP: 0
Pterr: 23.2697
Fpix: 0.999999
RecoPFMET: 210.464
RecoPFMET_phi: 1.60182
RecoCaloMET: 73.4085
RecoCaloMET_phi: -2.58763
Flag_allMETFilters: 0

      Run : 1 Lumi: 25 Event: 24157
HSCP type: 0
Ih: 6.27383
P: 1714.01
Pt: 1077.3
Eta: 1.03975
Phi: -1.29172
NbPixelHit_noL1: 4
NOM_noL1: 10
FracOfValidHit: 1
isHighPurityTrack: 1
miniRelIsoAll: 0.893701
IsoSumPt_dr03: 0
dz: -6.41782e-36
dxy: 2.18837e-11
normChi2: 0.55232
EoP: 0.0129061
Pterr: 262.79
Fpix: 0.99877
RecoPFMET: 933.142
RecoPFMET_phi: 1.74273
RecoCaloMET: 33.9865
RecoCaloMET_phi: 0.208335
Flag_allMETFilters: 0

      Run : 1 Lumi: 25 Event: 24152
HSCP type: 0
Ih: 8.68109
P: 1287.97
Pt: 460.889
Eta: 1.68714
Phi: -1.27582
NbPixelHit_noL1: 5
NOM_noL1: 24
FracOfValidHit: 1
isHighPurityTrack: 1
miniRelIsoAll: 1.02809
IsoSumPt_dr03: 0
dz: -2.27834e+18
dxy: 4.9617e+22
normChi2: 0.880936
EoP: 0
Pterr: 34.9642
Fpix: 0.999984
RecoPFMET: 9180.8
RecoPFMET_phi: -1.15639
RecoCaloMET: 10316.6
RecoCaloMET_phi: -1.13804
Flag_allMETFilters: 0

      Run : 1 Lumi: 25 Event: 24158
HSCP type: 0
Ih: 17.0299
P: 746.434
Pt: 627.791
Eta: 0.605499
Phi: 2.36777
NbPixelHit_noL1: 3
NOM_noL1: 15
FracOfValidHit: 0.944444
isHighPurityTrack: 1
miniRelIsoAll: 0.899897
IsoSumPt_dr03: 0
dz: -2.3041e-05
dxy: 612289
normChi2: 0.271454
EoP: 0.0139948
Pterr: 159.099
Fpix: 0.999765
RecoPFMET: 89.4397
RecoPFMET_phi: -1.7159
RecoCaloMET: 394.625
RecoCaloMET_phi: -1.79729
Flag_allMETFilters: 0

      Run : 1 Lumi: 25 Event: 24161
HSCP type: 0
Ih: 4.45939
P: 2139.63
Pt: 1569.2
Eta: -0.828743
Phi: 2.71397
NbPixelHit_noL1: 4
NOM_noL1: 18
FracOfValidHit: 1
isHighPurityTrack: 1
miniRelIsoAll: 0.994373
IsoSumPt_dr03: 0
dz: 6.13947e+07
dxy: 4.09328e+14
normChi2: 1.03385
EoP: 0.00327333
Pterr: 231.091
Fpix: 0.852264
RecoPFMET: 1574.54
RecoPFMET_phi: -0.520588
RecoCaloMET: 141.608
RecoCaloMET_phi: -2.10459
Flag_allMETFilters: 0

      Run : 1 Lumi: 25 Event: 24162
HSCP type: 0
Ih: 9.57675
P: 883.882
Pt: 251.64
Eta: -1.92856
Phi: 1.6084
NbPixelHit_noL1: 0
NOM_noL1: 16
FracOfValidHit: 1
isHighPurityTrack: 1
miniRelIsoAll: 0.821054
IsoSumPt_dr03: 0
dz: -5.3606e-27
dxy: -2.04071e-14
normChi2: 0.915325
EoP: 0
Pterr: 55.3008
Fpix: 1
RecoPFMET: 204.32
RecoPFMET_phi: -1.55747
RecoCaloMET: 8.11214
RecoCaloMET_phi: -2.25307
Flag_allMETFilters: 0

      Run : 1 Lumi: 25 Event: 24163
HSCP type: 0
Ih: 4.01302
P: 3023.71
Pt: 931.412
Eta: 1.84607
Phi: 2.18383
NbPixelHit_noL1: 4
NOM_noL1: 20
FracOfValidHit: 1
isHighPurityTrack: 1
miniRelIsoAll: 1.10442
IsoSumPt_dr03: 0
dz: 5.73996e-35
dxy: -1.83857e+06
normChi2: 0.922883
EoP: 0
Pterr: 192.786
Fpix: 0.956963
RecoPFMET: 1034.77
RecoPFMET_phi: -0.955441
RecoCaloMET: 30.0522
RecoCaloMET_phi: 0.417799
Flag_allMETFilters: 0

      Run : 1 Lumi: 25 Event: 24167
HSCP type: 0
Ih: 10.3746
P: 1126.67
Pt: 905.462
Eta: 0.685497
Phi: 1.20391
NbPixelHit_noL1: 3
NOM_noL1: 16
FracOfValidHit: 1
isHighPurityTrack: 1
miniRelIsoAll: 1.39327
IsoSumPt_dr03: 0
dz: -2.91295e-23
dxy: 3.25138e-29
normChi2: 0.308623
EoP: 0.0123528
Pterr: 333
Fpix: 0.999986
RecoPFMET: 231.252
RecoPFMET_phi: -1.95126
RecoCaloMET: 15.4884
RecoCaloMET_phi: 1.80945
Flag_allMETFilters: 0

      Run : 1 Lumi: 25 Event: 24170
HSCP type: 4
Ih: 2.91615
P: 66.49
Pt: 65.9068
Eta: 0.132942
Phi: 0.0316614
NbPixelHit_noL1: 3
NOM_noL1: 13
FracOfValidHit: 1
isHighPurityTrack: 1
miniRelIsoAll: 1
IsoSumPt_dr03: 0
dz: -1.91656e+37
dxy: 1.19478e-08
normChi2: 1.57944
EoP: 1.14267
Pterr: 0.746295
Fpix: 0.891406
RecoPFMET: 138.122
RecoPFMET_phi: -3.04794
RecoCaloMET: 147.931
RecoCaloMET_phi: -3.03999
Flag_allMETFilters: 0

      Run : 1 Lumi: 25 Event: 24165
HSCP type: 0
Ih: 13.1975
P: 979.563
Pt: 976.889
Eta: -0.073982
Phi: 2.47039
NbPixelHit_noL1: 3
NOM_noL1: 18
FracOfValidHit: 1
isHighPurityTrack: 1
miniRelIsoAll: 1.06568
IsoSumPt_dr03: 0
dz: 7.05058e-32
dxy: -1.32845e+06
normChi2: 0.278393
EoP: 0.0226588
Pterr: 286.119
Fpix: 0.993438
RecoPFMET: 68.0352
RecoPFMET_phi: 2.76945
RecoCaloMET: 42.4184
RecoCaloMET_phi: -0.552474
Flag_allMETFilters: 0

      Run : 1 Lumi: 25 Event: 24177
HSCP type: 1
Ih: 12.8889
P: 1060.95
Pt: 957.229
Eta: -0.461408
Phi: 1.32118
NbPixelHit_noL1: 3
NOM_noL1: 15
FracOfValidHit: 1
isHighPurityTrack: 1
miniRelIsoAll: 0.00400343
IsoSumPt_dr03: 0
dz: 7.61406e+34
dxy: 1.74476e+15
normChi2: 0.22169
EoP: 0.00400343
Pterr: 293.783
Fpix: 0.999935
RecoPFMET: 146.409
RecoPFMET_phi: -2.45095
RecoCaloMET: 117.368
RecoCaloMET_phi: -2.49887
Flag_allMETFilters: 0

      Run : 1 Lumi: 25 Event: 24169
HSCP type: 1
Ih: 20.9856
P: 585.554
Pt: 553.081
Eta: 0.34102
Phi: 0.0922449
NbPixelHit_noL1: 2
NOM_noL1: 14
FracOfValidHit: 0.941176
isHighPurityTrack: 1
miniRelIsoAll: 0.0112951
IsoSumPt_dr03: 0
dz: -4.14852e+09
dxy: -0.0285755
normChi2: 0.140369
EoP: 0.0112951
Pterr: 110.213
Fpix: 0.995314
RecoPFMET: 139.429
RecoPFMET_phi: 0.886694
RecoCaloMET: 128.811
RecoCaloMET_phi: 1.24806
Flag_allMETFilters: 0

      Run : 1 Lumi: 25 Event: 24171
HSCP type: 0
Ih: 6.20813
P: 1926.59
Pt: 538.14
Eta: 1.94843
Phi: 0.82635
NbPixelHit_noL1: 6
NOM_noL1: 20
FracOfValidHit: 1
isHighPurityTrack: 1
miniRelIsoAll: 0.963421
IsoSumPt_dr03: 0
dz: 1006.27
dxy: 4.41259e+15
normChi2: 0.918185
EoP: 0
Pterr: 83.9045
Fpix: 0.999675
RecoPFMET: 463.879
RecoPFMET_phi: -2.68208
RecoCaloMET: 215.759
RecoCaloMET_phi: 2.24964
Flag_allMETFilters: 0

      Run : 1 Lumi: 25 Event: 24175
HSCP type: 0
Ih: 25.4601
P: 705.916
Pt: 669.374
Eta: 0.328943
Phi: 1.30601
NbPixelHit_noL1: 2
NOM_noL1: 16
FracOfValidHit: 0.944444
isHighPurityTrack: 1
miniRelIsoAll: 0.936263
IsoSumPt_dr03: 0
dz: 4.03465e+08
dxy: -8.22689e+07
normChi2: 0.0621851
EoP: 0.000601172
Pterr: 176.019
Fpix: 0.99999
RecoPFMET: 595.559
RecoPFMET_phi: -2.27124
RecoCaloMET: 237.755
RecoCaloMET_phi: 2.58517
Flag_allMETFilters: 0

      Run : 1 Lumi: 25 Event: 24178
HSCP type: 4
Ih: 9.21852
P: 238.415
Pt: 236.788
Eta: 0.11716
Phi: -0.408681
NbPixelHit_noL1: 3
NOM_noL1: 14
FracOfValidHit: 0.888889
isHighPurityTrack: 1
miniRelIsoAll: 0
IsoSumPt_dr03: 0
dz: -98978.8
dxy: 1.87851e-11
normChi2: 0.0873341
EoP: 0
Pterr: 33.5679
Fpix: 0.999976
RecoPFMET: 119.524
RecoPFMET_phi: 0.338142
RecoCaloMET: 57.4405
RecoCaloMET_phi: 0.844888
Flag_allMETFilters: 0

      Run : 1 Lumi: 25 Event: 24174
HSCP type: 0
Ih: 12.1955
P: 1062.22
Pt: 965.064
Eta: 0.445034
Phi: 3.08947
NbPixelHit_noL1: 3
NOM_noL1: 13
FracOfValidHit: 1
isHighPurityTrack: 1
miniRelIsoAll: 1.16706
IsoSumPt_dr03: 0
dz: 6.19188e+07
dxy: -50.2219
normChi2: 0.236227
EoP: 0.00433865
Pterr: 229.382
Fpix: 0.999951
RecoPFMET: 15.9136
RecoPFMET_phi: -0.454036
RecoCaloMET: 22.1514
RecoCaloMET_phi: 1.07684
Flag_allMETFilters: 0

      Run : 1 Lumi: 25 Event: 24183
HSCP type: 0
Ih: 10.3609
P: 1128.6
Pt: 336.375
Eta: -1.88067
Phi: 0.239998
NbPixelHit_noL1: 3
NOM_noL1: 21
FracOfValidHit: 1
isHighPurityTrack: 1
miniRelIsoAll: 0.806191
IsoSumPt_dr03: 0
dz: -2.89689e+22
dxy: -0.383922
normChi2: 0.534698
EoP: 0
Pterr: 32.5424
Fpix: 0.999973
RecoPFMET: 267.5
RecoPFMET_phi: 3.02684
RecoCaloMET: 62.4637
RecoCaloMET_phi: 1.47607
Flag_allMETFilters: 0

      Run : 1 Lumi: 25 Event: 24180
HSCP type: 4
Ih: 31.7345
P: 271.993
Pt: 271.763
Eta: -0.0411739
Phi: -0.837303
NbPixelHit_noL1: 3
NOM_noL1: 15
FracOfValidHit: 1
isHighPurityTrack: 1
miniRelIsoAll: 0
IsoSumPt_dr03: 0
dz: -1.86762e-37
dxy: 1.9745e-32
normChi2: 0.141921
EoP: 0
Pterr: 45.5172
Fpix: 0.99297
RecoPFMET: 359.267
RecoPFMET_phi: 2.55729
RecoCaloMET: 834.588
RecoCaloMET_phi: 2.56008
Flag_allMETFilters: 0

      Run : 1 Lumi: 25 Event: 24187
HSCP type: 0
Ih: 4.84951
P: 1949.73
Pt: 560.465
Eta: 1.9185
Phi: -2.8685
NbPixelHit_noL1: 4
NOM_noL1: 22
FracOfValidHit: 1
isHighPurityTrack: 1
miniRelIsoAll: 1.00382
IsoSumPt_dr03: 0
dz: -3.11413e+09
dxy: 2.67561e-33
normChi2: 0.668248
EoP: 0
Pterr: 92.4329
Fpix: 0.987461
RecoPFMET: 524.611
RecoPFMET_phi: 0.288618
RecoCaloMET: 5.7015
RecoCaloMET_phi: -0.404677
Flag_allMETFilters: 0

      Run : 1 Lumi: 25 Event: 24192
HSCP type: 0
Ih: 13.5874
P: 893.573
Pt: 430.536
Eta: -1.35949
Phi: -2.54473
NbPixelHit_noL1: 3
NOM_noL1: 9
FracOfValidHit: 1
isHighPurityTrack: 1
miniRelIsoAll: 1.18081
IsoSumPt_dr03: 0
dz: 1.07885e-18
dxy: 3.04048e-29
normChi2: 0.406102
EoP: 0
Pterr: 70.4976
Fpix: 1
RecoPFMET: 251.333
RecoPFMET_phi: 0.67347
RecoCaloMET: 44.6393
RecoCaloMET_phi: 2.34289
Flag_allMETFilters: 0

      Run : 1 Lumi: 25 Event: 24190
HSCP type: 0
Ih: 16.879
P: 828.447
Pt: 664.248
Eta: 0.689396
Phi: -1.44104
NbPixelHit_noL1: 3
NOM_noL1: 15
FracOfValidHit: 1
isHighPurityTrack: 1
miniRelIsoAll: 0.764141
IsoSumPt_dr03: 0
dz: 1.13885e+18
dxy: -17.4531
normChi2: 0.221194
EoP: 0.015661
Pterr: 152.767
Fpix: 0.999999
RecoPFMET: 574.369
RecoPFMET_phi: 1.77704
RecoCaloMET: 82.2061
RecoCaloMET_phi: 2.22742
Flag_allMETFilters: 0

      Run : 1 Lumi: 25 Event: 24184
HSCP type: 4
Ih: 21.757
P: 646.993
Pt: 570.31
Eta: 0.512929
Phi: -0.740837
NbPixelHit_noL1: 2
NOM_noL1: 16
FracOfValidHit: 1
isHighPurityTrack: 1
miniRelIsoAll: 0.0184025
IsoSumPt_dr03: 0
dz: 1.64011e+34
dxy: -0.00042019
normChi2: 0.0374594
EoP: 0.0184025
Pterr: 99.5945
Fpix: 0.998673
RecoPFMET: 561.772
RecoPFMET_phi: -0.721723
RecoCaloMET: 15.8135
RecoCaloMET_phi: 2.84002
Flag_allMETFilters: 0

      Run : 1 Lumi: 25 Event: 24186
HSCP type: 0
Ih: 6.5844
P: 2517.25
Pt: 1324.68
Eta: -1.25737
Phi: 0.0824735
NbPixelHit_noL1: 2
NOM_noL1: 8
FracOfValidHit: 0.944444
isHighPurityTrack: 1
miniRelIsoAll: 0.700645
IsoSumPt_dr03: 0
dz: -2.15389e-19
dxy: -5.5659e+11
normChi2: 0.735874
EoP: 0.0043832
Pterr: 271.108
Fpix: 0.947606
RecoPFMET: 81.5747
RecoPFMET_phi: -0.0636553
RecoCaloMET: 75.2059
RecoCaloMET_phi: 1.87135
Flag_allMETFilters: 0

      Run : 1 Lumi: 25 Event: 24182
HSCP type: 0
Ih: 7.96293
P: 829.481
Pt: 689.384
Eta: 0.627196
Phi: 2.5685
NbPixelHit_noL1: 3
NOM_noL1: 16
FracOfValidHit: 1
isHighPurityTrack: 1
miniRelIsoAll: 1
IsoSumPt_dr03: 0
dz: -1.8727e+37
dxy: -2.54992e+32
normChi2: 0.226275
EoP: 0
Pterr: 124.851
Fpix: 0.997622
RecoPFMET: 709.873
RecoPFMET_phi: -0.617248
RecoCaloMET: 17.8399
RecoCaloMET_phi: -0.733429
Flag_allMETFilters: 0

      Run : 1 Lumi: 25 Event: 24193
HSCP type: 0
Ih: 29.8454
P: 481.866
Pt: 473.274
Eta: -0.190256
Phi: -1.87551
NbPixelHit_noL1: 3
NOM_noL1: 14
FracOfValidHit: 1
isHighPurityTrack: 1
miniRelIsoAll: 1.24002
IsoSumPt_dr03: 0
dz: -0.000300511
dxy: 1.1748e+06
normChi2: 0.122863
EoP: 0.0100842
Pterr: 118.623
Fpix: 0.999995
RecoPFMET: 157.71
RecoPFMET_phi: -2.11198
RecoCaloMET: 665.256
RecoCaloMET_phi: -1.94522
Flag_allMETFilters: 0

      Run : 1 Lumi: 25 Event: 24188
HSCP type: 1
Ih: 7.54294
P: 1524.88
Pt: 873.44
Eta: -1.1559
Phi: -0.295072
NbPixelHit_noL1: 3
NOM_noL1: 8
FracOfValidHit: 0.9375
isHighPurityTrack: 1
miniRelIsoAll: 0.00151416
IsoSumPt_dr03: 0
dz: -7.0493e-13
dxy: -4.35592e+33
normChi2: 1.54597
EoP: 0.00151265
Pterr: 204.961
Fpix: 0.999746
RecoPFMET: 228.449
RecoPFMET_phi: 1.93438
RecoCaloMET: 241.019
RecoCaloMET_phi: 1.90715
Flag_allMETFilters: 0

      Run : 1 Lumi: 25 Event: 24195
HSCP type: 0
Ih: 2.42981
P: 27.2139
Pt: 11.4572
Eta: -1.51068
Phi: 0.40584
NbPixelHit_noL1: 0
NOM_noL1: 2
FracOfValidHit: 0.75
isHighPurityTrack: 0
miniRelIsoAll: 1.51945
IsoSumPt_dr03: 0
dz: 3.94622e+06
dxy: 2.30942e+33
normChi2: 8.20801
EoP: 0
Pterr: 1.12238
Fpix: 1
RecoPFMET: 9.17029
RecoPFMET_phi: -1.19238
RecoCaloMET: 19.3125
RecoCaloMET_phi: 0.566977
Flag_allMETFilters: 0

      Run : 1 Lumi: 25 Event: 24199
HSCP type: 0
Ih: 9.99503
P: 878.568
Pt: 235.436
Eta: -1.99154
Phi: -0.523915
NbPixelHit_noL1: 5
NOM_noL1: 21
FracOfValidHit: 0.961538
isHighPurityTrack: 1
miniRelIsoAll: 1.12672
IsoSumPt_dr03: 0
dz: 3.27475e+19
dxy: -4.48125e+32
normChi2: 0.605354
EoP: 0
Pterr: 26.7296
Fpix: 1
RecoPFMET: 322.834
RecoPFMET_phi: 2.26216
RecoCaloMET: 100.08
RecoCaloMET_phi: 1.3008
Flag_allMETFilters: 0

      Run : 1 Lumi: 25 Event: 24201
HSCP type: 0
Ih: 9.41698
P: 1026.16
Pt: 996.571
Eta: 0.243078
Phi: 0.389609
NbPixelHit_noL1: 3
NOM_noL1: 13
FracOfValidHit: 0.944444
isHighPurityTrack: 1
miniRelIsoAll: 1.0721
IsoSumPt_dr03: 0
dz: -4.10951e-16
dxy: 4.45031e-24
normChi2: 0.301072
EoP: 0.0100234
Pterr: 307.841
Fpix: 0.998234
RecoPFMET: 1054.82
RecoPFMET_phi: -2.75033
RecoCaloMET: 8.67488
RecoCaloMET_phi: 0.83919
Flag_allMETFilters: 0

      Run : 1 Lumi: 25 Event: 24196
HSCP type: 0
Ih: 10.9369
P: 930.833
Pt: 754.309
Eta: -0.671451
Phi: -2.21394
NbPixelHit_noL1: 3
NOM_noL1: 14
FracOfValidHit: 0.9375
isHighPurityTrack: 1
miniRelIsoAll: 0.857094
IsoSumPt_dr03: 0
dz: 1.40958e+29
dxy: 8.15717e+09
normChi2: 0.209369
EoP: 0.0197646
Pterr: 184.324
Fpix: 0.999763
RecoPFMET: 719.327
RecoPFMET_phi: 0.800843
RecoCaloMET: 45.9797
RecoCaloMET_phi: -0.00951164
Flag_allMETFilters: 0

      Run : 1 Lumi: 25 Event: 24194
HSCP type: 0
Ih: 10.6209
P: 1037.82
Pt: 622.529
Eta: -1.09894
Phi: 1.54465
NbPixelHit_noL1: 3
NOM_noL1: 10
FracOfValidHit: 1
isHighPurityTrack: 1
miniRelIsoAll: 0.890289
IsoSumPt_dr03: 0
dz: 2.61758e-34
dxy: -1.22708e-30
normChi2: 0.408979
EoP: 0.00449669
Pterr: 68.1012
Fpix: 0.999849
RecoPFMET: 165.245
RecoPFMET_phi: -0.997935
RecoCaloMET: 269.562
RecoCaloMET_phi: 0.549487
Flag_allMETFilters: 0

      Run : 1 Lumi: 25 Event: 24203
HSCP type: 1
Ih: 7.23677
P: 1087.55
Pt: 194.076
Eta: -2.40852
Phi: 2.09693
NbPixelHit_noL1: 5
NOM_noL1: 19
FracOfValidHit: 0.95
isHighPurityTrack: 1
miniRelIsoAll: 0.36329
IsoSumPt_dr03: 0
dz: -1.88991e-27
dxy: -37.1892
normChi2: 0.859039
EoP: 0.363386
Pterr: 50.2919
Fpix: 0.998739
RecoPFMET: 41.1144
RecoPFMET_phi: 2.86817
RecoCaloMET: 28.6552
RecoCaloMET_phi: -3.03541
Flag_allMETFilters: 0

      Run : 1 Lumi: 25 Event: 24204
HSCP type: 0
Ih: 10.472
P: 1126.4
Pt: 700.992
Eta: 1.05245
Phi: -1.02375
NbPixelHit_noL1: 3
NOM_noL1: 8
FracOfValidHit: 0.928571
isHighPurityTrack: 1
miniRelIsoAll: 1.09882
IsoSumPt_dr03: 0
dz: -3.36507e-15
dxy: 2.37845e+37
normChi2: 0.711081
EoP: 0.00261642
Pterr: 229.939
Fpix: 0.999992
RecoPFMET: 674.016
RecoPFMET_phi: 2.1208
RecoCaloMET: 81.8438
RecoCaloMET_phi: -1.14642
Flag_allMETFilters: 0

      Run : 1 Lumi: 25 Event: 24197
HSCP type: 0
Ih: 7.9759
P: 1580.62
Pt: 1148.02
Eta: 0.842955
Phi: 1.60419
NbPixelHit_noL1: 3
NOM_noL1: 15
FracOfValidHit: 1
isHighPurityTrack: 1
miniRelIsoAll: 1.17668
IsoSumPt_dr03: 0
dz: -1.76535e+23
dxy: 1.57558e+34
normChi2: 0.3514
EoP: 0
Pterr: 219.265
Fpix: 0.997622
RecoPFMET: 121.103
RecoPFMET_phi: 1.54879
RecoCaloMET: 5.05366
RecoCaloMET_phi: 1.62099
Flag_allMETFilters: 0

      Run : 1 Lumi: 25 Event: 24202
HSCP type: 0
Ih: 17.3706
P: 850.441
Pt: 822.277
Eta: 0.260985
Phi: -0.545639
NbPixelHit_noL1: 3
NOM_noL1: 16
FracOfValidHit: 1
isHighPurityTrack: 1
miniRelIsoAll: 1.14459
IsoSumPt_dr03: 0
dz: 4.19428e+33
dxy: -8.40702e+35
normChi2: 0.385946
EoP: 0.0123861
Pterr: 202.839
Fpix: 0.999969
RecoPFMET: 557.993
RecoPFMET_phi: -0.448799
RecoCaloMET: 57.0961
RecoCaloMET_phi: -1.82471
Flag_allMETFilters: 0

      Run : 1 Lumi: 25 Event: 24198
HSCP type: 0
Ih: 7.40351
P: 1217.79
Pt: 1119.34
Eta: -0.416383
Phi: -2.51374
NbPixelHit_noL1: 3
NOM_noL1: 13
FracOfValidHit: 1
isHighPurityTrack: 1
miniRelIsoAll: 1
IsoSumPt_dr03: 0
dz: 3.06287e-15
dxy: 3.13592e+31
normChi2: 0.165777
EoP: 0.00317701
Pterr: 543.515
Fpix: 0.998831
RecoPFMET: 76.7478
RecoPFMET_phi: 0.260641
RecoCaloMET: 56.2315
RecoCaloMET_phi: -0.860832
Flag_allMETFilters: 0

      Run : 1 Lumi: 25 Event: 24205
HSCP type: 0
Ih: 4.81753
P: 3626.98
Pt: 2397.31
Eta: -0.973903
Phi: -2.33698
NbPixelHit_noL1: 3
NOM_noL1: 14
FracOfValidHit: 1
isHighPurityTrack: 1
miniRelIsoAll: 3.19623
IsoSumPt_dr03: 0
dz: 1.76743e+36
dxy: -1.328e+14
normChi2: 0.55513
EoP: 0.00205829
Pterr: 1219.23
Fpix: 0.953144
RecoPFMET: 7576.19
RecoPFMET_phi: 0.823424
RecoCaloMET: 168.652
RecoCaloMET_phi: 2.78213
Flag_allMETFilters: 0

      Run : 1 Lumi: 25 Event: 24208
HSCP type: 4
Ih: 2.90698
P: 73.6713
Pt: 65.6664
Eta: -0.488883
Phi: -0.00562022
NbPixelHit_noL1: 5
NOM_noL1: 21
FracOfValidHit: 0.956522
isHighPurityTrack: 1
miniRelIsoAll: 1
IsoSumPt_dr03: 0
dz: -5.18694e+34
dxy: -4.65077e-10
normChi2: 1.18521
EoP: 1.07361
Pterr: 0.915162
Fpix: 0.610589
RecoPFMET: 220.858
RecoPFMET_phi: 2.04834
RecoCaloMET: 178.905
RecoCaloMET_phi: 2.02544
Flag_allMETFilters: 0

      Run : 1 Lumi: 25 Event: 24211
HSCP type: 1
Ih: 30.1454
P: 374.102
Pt: 364.472
Eta: -0.229379
Phi: 0.316091
NbPixelHit_noL1: 3
NOM_noL1: 14
FracOfValidHit: 0.842105
isHighPurityTrack: 1
miniRelIsoAll: 0
IsoSumPt_dr03: 0
dz: 1.81724e+20
dxy: -2.23593e+33
normChi2: 0.131899
EoP: 0
Pterr: 105.969
Fpix: 0.999998
RecoPFMET: 45.7793
RecoPFMET_phi: 0.384124
RecoCaloMET: 34.8943
RecoCaloMET_phi: -0.71823
Flag_allMETFilters: 0

      Run : 1 Lumi: 25 Event: 24213
HSCP type: 0
Ih: 5.17306
P: 3850.13
Pt: 2343.56
Eta: -1.08055
Phi: -0.73035
NbPixelHit_noL1: 3
NOM_noL1: 7
FracOfValidHit: 1
isHighPurityTrack: 1
miniRelIsoAll: 0.520934
IsoSumPt_dr03: 0
dz: 1.57114e+26
dxy: 0.000470461
normChi2: 0.446877
EoP: 0.00406106
Pterr: 866.917
Fpix: 0.916945
RecoPFMET: 1629.6
RecoPFMET_phi: 2.22999
RecoCaloMET: 494.488
RecoCaloMET_phi: 1.82454
Flag_allMETFilters: 0

      Run : 1 Lumi: 25 Event: 24212
HSCP type: 0
Ih: 8.65836
P: 1465.16
Pt: 662.879
Eta: -1.43066
Phi: -1.85135
NbPixelHit_noL1: 4
NOM_noL1: 11
FracOfValidHit: 0.705882
isHighPurityTrack: 1
miniRelIsoAll: 1
IsoSumPt_dr03: 0
dz: 0.000823087
dxy: -1.9107e+20
normChi2: 1.68972
EoP: 0
Pterr: 344.318
Fpix: 1
RecoPFMET: 55.8324
RecoPFMET_phi: 1.61777
RecoCaloMET: 84.7187
RecoCaloMET_phi: 1.64311
Flag_allMETFilters: 0

      Run : 1 Lumi: 25 Event: 24216
HSCP type: 1
Ih: 28.9751
P: 443.769
Pt: 356.842
Eta: -0.684555
Phi: 2.73762
NbPixelHit_noL1: 2
NOM_noL1: 14
FracOfValidHit: 0.888889
isHighPurityTrack: 1
miniRelIsoAll: 0
IsoSumPt_dr03: 0
dz: 1.03795e+35
dxy: -1.59223e-11
normChi2: 0.0443935
EoP: 0
Pterr: 60.0128
Fpix: 0.999994
RecoPFMET: 23.0184
RecoPFMET_phi: -2.41627
RecoCaloMET: 40.3649
RecoCaloMET_phi: -2.02194
Flag_allMETFilters: 0

      Run : 1 Lumi: 25 Event: 24219
HSCP type: 0
Ih: 18.8364
P: 740.629
Pt: 680.238
Eta: -0.418321
Phi: 2.98642
NbPixelHit_noL1: 2
NOM_noL1: 16
FracOfValidHit: 1
isHighPurityTrack: 1
miniRelIsoAll: 0.855488
IsoSumPt_dr03: 0
dz: -4.22036e-21
dxy: -9.8499e-17
normChi2: 0.041564
EoP: 0.00822455
Pterr: 167.048
Fpix: 0.999969
RecoPFMET: 68.5655
RecoPFMET_phi: 2.50284
RecoCaloMET: 565.532
RecoCaloMET_phi: 3.03662
Flag_allMETFilters: 0

      Run : 1 Lumi: 25 Event: 24215
HSCP type: 4
Ih: 25.4603
P: 431.404
Pt: 242.999
Eta: 1.17626
Phi: -2.81187
NbPixelHit_noL1: 3
NOM_noL1: 10
FracOfValidHit: 1
isHighPurityTrack: 1
miniRelIsoAll: 0.00953052
IsoSumPt_dr03: 0
dz: 4.94467e+30
dxy: -4.05515e-32
normChi2: 0.445913
EoP: 0.00953052
Pterr: 30.9445
Fpix: 0.999991
RecoPFMET: 86.7337
RecoPFMET_phi: -2.42343
RecoCaloMET: 86.301
RecoCaloMET_phi: -2.73045
Flag_allMETFilters: 0

      Run : 1 Lumi: 25 Event: 24206
HSCP type: 0
Ih: 16.5168
P: 600.42
Pt: 342.077
Eta: 1.16244
Phi: -1.6136
NbPixelHit_noL1: 3
NOM_noL1: 11
FracOfValidHit: 1
isHighPurityTrack: 1
miniRelIsoAll: 1.1315
IsoSumPt_dr03: 0
dz: -0.00686148
dxy: 5.56823e+17
normChi2: 0.346163
EoP: 0.00808038
Pterr: 47.492
Fpix: 0.999995
RecoPFMET: 191.07
RecoPFMET_phi: 1.33216
RecoCaloMET: 198.382
RecoCaloMET_phi: -1.58599
Flag_allMETFilters: 0

      Run : 1 Lumi: 25 Event: 24218
HSCP type: 0
Ih: 15.7532
P: 886.163
Pt: 662.469
Eta: 0.800261
Phi: -1.75955
NbPixelHit_noL1: 3
NOM_noL1: 16
FracOfValidHit: 1
isHighPurityTrack: 1
miniRelIsoAll: 1
IsoSumPt_dr03: 0
dz: -7.09533e+32
dxy: 4.42782e-26
normChi2: 0.170366
EoP: 0.00332115
Pterr: 165.631
Fpix: 0.999997
RecoPFMET: 11.6925
RecoPFMET_phi: 2.80524
RecoCaloMET: 68.6865
RecoCaloMET_phi: 2.8175
Flag_allMETFilters: 0

      Run : 1 Lumi: 25 Event: 24222
HSCP type: 0
Ih: 8.81776
P: 1687.42
Pt: 366.132
Eta: -2.20912
Phi: 2.98827
NbPixelHit_noL1: 6
NOM_noL1: 20
FracOfValidHit: 1
isHighPurityTrack: 1
miniRelIsoAll: 0.903841
IsoSumPt_dr03: 0
dz: -3.14111e-11
dxy: 1.7286e+23
normChi2: 0.835456
EoP: 0
Pterr: 74.5351
Fpix: 0.999986
RecoPFMET: 383.352
RecoPFMET_phi: -0.660281
RecoCaloMET: 137.255
RecoCaloMET_phi: -1.80432
Flag_allMETFilters: 0

      Run : 1 Lumi: 25 Event: 24217
HSCP type: 0
Ih: 7.18694
P: 1481.66
Pt: 1194.38
Eta: 0.680372
Phi: -1.147
NbPixelHit_noL1: 4
NOM_noL1: 18
FracOfValidHit: 1
isHighPurityTrack: 1
miniRelIsoAll: 1.46516
IsoSumPt_dr03: 0
dz: 8.82833e+34
dxy: -0.301893
normChi2: 0.193177
EoP: 0.00289891
Pterr: 234.905
Fpix: 0.998691
RecoPFMET: 499.857
RecoPFMET_phi: -1.11212
RecoCaloMET: 24.5366
RecoCaloMET_phi: 1.6365
Flag_allMETFilters: 0

      Run : 1 Lumi: 25 Event: 24221
HSCP type: 4
Ih: 37.3115
P: 324.312
Pt: 317.636
Eta: 0.204674
Phi: 0.133942
NbPixelHit_noL1: 4
NOM_noL1: 18
FracOfValidHit: 1
isHighPurityTrack: 1
miniRelIsoAll: 0
IsoSumPt_dr03: 0
dz: -2.51566e+19
dxy: -0
normChi2: 0.108277
EoP: 0
Pterr: 54.7391
Fpix: 1
RecoPFMET: 29.8683
RecoPFMET_phi: -0.310622
RecoCaloMET: 17.8499
RecoCaloMET_phi: 2.35393
Flag_allMETFilters: 0

      Run : 1 Lumi: 25 Event: 24223
HSCP type: 4
Ih: 3.71104
P: 359.716
Pt: 173.111
Eta: -1.36084
Phi: -2.04518
NbPixelHit_noL1: 1
NOM_noL1: 4
FracOfValidHit: 1
isHighPurityTrack: 1
miniRelIsoAll: 1
IsoSumPt_dr03: 0
dz: -9.66662e-15
dxy: -8.45576e+10
normChi2: 1.29287
EoP: 1.14219
Pterr: 12.5576
Fpix: 1
RecoPFMET: 503.927
RecoPFMET_phi: 1.12724
RecoCaloMET: 454.043
RecoCaloMET_phi: 1.1655
Flag_allMETFilters: 0

      Run : 1 Lumi: 25 Event: 24220
HSCP type: 4
Ih: 5.57854
P: 141.147
Pt: 110.274
Eta: 0.731855
Phi: -0.188468
NbPixelHit_noL1: 0
NOM_noL1: 4
FracOfValidHit: 0.8
isHighPurityTrack: 1
miniRelIsoAll: 0
IsoSumPt_dr03: 0
dz: -3.84153e+35
dxy: -1.30347e-22
normChi2: 3.95508
EoP: 0
Pterr: 49.1719
Fpix: 1
RecoPFMET: 22.5829
RecoPFMET_phi: 2.00862
RecoCaloMET: 28.3448
RecoCaloMET_phi: 1.68516
Flag_allMETFilters: 0

      Run : 1 Lumi: 25 Event: 24226
HSCP type: 0
Ih: 6.07432
P: 2029.92
Pt: 1889.22
Eta: 0.383582
Phi: -0.84004
NbPixelHit_noL1: 2
NOM_noL1: 16
FracOfValidHit: 1
isHighPurityTrack: 1
miniRelIsoAll: 1.42846
IsoSumPt_dr03: 0
dz: -4.3497e-37
dxy: 3.52483e-15
normChi2: 0.677096
EoP: 0
Pterr: 434.394
Fpix: 0.921481
RecoPFMET: 1956.03
RecoPFMET_phi: -0.790009
RecoCaloMET: 38.2738
RecoCaloMET_phi: -1.19677
Flag_allMETFilters: 0

      Run : 1 Lumi: 25 Event: 24227
HSCP type: 0
Ih: 17.8678
P: 718.526
Pt: 711.387
Eta: -0.141553
Phi: -1.25765
NbPixelHit_noL1: 2
NOM_noL1: 15
FracOfValidHit: 1
isHighPurityTrack: 1
miniRelIsoAll: 1
IsoSumPt_dr03: 0
dz: -4.75683e-05
dxy: 4.40121e-38
normChi2: 0.413844
EoP: 0.00909985
Pterr: 175.933
Fpix: 0.999966
RecoPFMET: 859.367
RecoPFMET_phi: 1.95108
RecoCaloMET: 193.532
RecoCaloMET_phi: 2.23586
Flag_allMETFilters: 0

      Run : 1 Lumi: 25 Event: 24228
HSCP type: 4
Ih: 37.6123
P: 324.832
Pt: 318.198
Eta: 0.203845
Phi: 1.71996
NbPixelHit_noL1: 2
NOM_noL1: 13
FracOfValidHit: 1
isHighPurityTrack: 1
miniRelIsoAll: 0
IsoSumPt_dr03: 0
dz: -3.33958e+34
dxy: 1.56133e+12
normChi2: 0.0544819
EoP: 0
Pterr: 56.5786
Fpix: 0.995314
RecoPFMET: 305.741
RecoPFMET_phi: 2.07299
RecoCaloMET: 299.56
RecoCaloMET_phi: 2.04071
Flag_allMETFilters: 0

      Run : 1 Lumi: 25 Event: 24231
HSCP type: 1
Ih: 6.8025
P: 1080.42
Pt: 1078.33
Eta: -0.0622691
Phi: -1.56937
NbPixelHit_noL1: 3
NOM_noL1: 14
FracOfValidHit: 0.941176
isHighPurityTrack: 1
miniRelIsoAll: 0
IsoSumPt_dr03: 0
dz: 10026.4
dxy: -1.06473e-22
normChi2: 0.484802
EoP: 0
Pterr: 292.75
Fpix: 0.971044
RecoPFMET: 160.384
RecoPFMET_phi: -1.74535
RecoCaloMET: 154.218
RecoCaloMET_phi: -1.73817
Flag_allMETFilters: 0

      Run : 1 Lumi: 25 Event: 24229
HSCP type: 1
Ih: 12.7123
P: 903.113
Pt: 875.928
Eta: -0.248498
Phi: 2.39594
NbPixelHit_noL1: 3
NOM_noL1: 15
FracOfValidHit: 1
isHighPurityTrack: 1
miniRelIsoAll: 0.0157673
IsoSumPt_dr03: 0
dz: -1.03838e+37
dxy: 2.12126e+15
normChi2: 0.28399
EoP: 0.0108704
Pterr: 258.12
Fpix: 0.999982
RecoPFMET: 99.2236
RecoPFMET_phi: 3.01939
RecoCaloMET: 103.947
RecoCaloMET_phi: 3.0425
Flag_allMETFilters: 0

      Run : 1 Lumi: 25 Event: 24238
HSCP type: 1
Ih: 9.54696
P: 1781.55
Pt: 1528.08
Eta: 0.568294
Phi: 0.444126
NbPixelHit_noL1: 2
NOM_noL1: 11
FracOfValidHit: 1
isHighPurityTrack: 1
miniRelIsoAll: 0
IsoSumPt_dr03: 0
dz: -8.47207e+19
dxy: 6.22639e+10
normChi2: 0.120413
EoP: 0
Pterr: 1064.59
Fpix: 0.997765
RecoPFMET: 32.231
RecoPFMET_phi: 0.315267
RecoCaloMET: 25.7005
RecoCaloMET_phi: 0.490982
Flag_allMETFilters: 0

      Run : 1 Lumi: 25 Event: 24232
HSCP type: 0
Ih: 9.04683
P: 1276.31
Pt: 224.193
Eta: 2.42456
Phi: -0.39361
NbPixelHit_noL1: 2
NOM_noL1: 14
FracOfValidHit: 1
isHighPurityTrack: 1
miniRelIsoAll: 0.909281
IsoSumPt_dr03: 0
dz: 9.06901e+17
dxy: -2.88116e+32
normChi2: 1.15052
EoP: 0
Pterr: 51.9416
Fpix: 0.997392
RecoPFMET: 79.5293
RecoPFMET_phi: 0.171731
RecoCaloMET: 172.222
RecoCaloMET_phi: -2.81731
Flag_allMETFilters: 0

      Run : 1 Lumi: 25 Event: 24236
HSCP type: 0
Ih: 5.38257
P: 2504.29
Pt: 919.459
Eta: -1.65958
Phi: -0.166019
NbPixelHit_noL1: 4
NOM_noL1: 21
FracOfValidHit: 1
isHighPurityTrack: 1
miniRelIsoAll: 1.09017
IsoSumPt_dr03: 0
dz: -1.85919e+20
dxy: -2.6395e-14
normChi2: 0.919698
EoP: 0
Pterr: 151.223
Fpix: 0.990677
RecoPFMET: 991.628
RecoPFMET_phi: 2.99071
RecoCaloMET: 23.5016
RecoCaloMET_phi: -2.32232
Flag_allMETFilters: 0

      Run : 1 Lumi: 25 Event: 24240
HSCP type: 0
Ih: 8.53949
P: 1459.33
Pt: 427.919
Eta: -1.89772
Phi: 0.478062
NbPixelHit_noL1: 4
NOM_noL1: 14
FracOfValidHit: 0.952381
isHighPurityTrack: 1
miniRelIsoAll: 0.98103
IsoSumPt_dr03: 0
dz: 5.2303e-23
dxy: -1.91413e+33
normChi2: 0.840176
EoP: 0
Pterr: 54.2992
Fpix: 0.99979
RecoPFMET: 463.933
RecoPFMET_phi: -2.70423
RecoCaloMET: 35.5814
RecoCaloMET_phi: -2.9243
Flag_allMETFilters: 0

      Run : 1 Lumi: 25 Event: 24234
HSCP type: 0
Ih: 14.1557
P: 831.863
Pt: 394.336
Eta: -1.37801
Phi: 1.43771
NbPixelHit_noL1: 2
NOM_noL1: 15
FracOfValidHit: 1
isHighPurityTrack: 1
miniRelIsoAll: 1.79516
IsoSumPt_dr03: 0
dz: -9.80204e+12
dxy: 2.41482e+27
normChi2: 0.528204
EoP: 0
Pterr: 38.1383
Fpix: 0.999641
RecoPFMET: 702.693
RecoPFMET_phi: -1.68675
RecoCaloMET: 14.5468
RecoCaloMET_phi: -0.194085
Flag_allMETFilters: 0

      Run : 1 Lumi: 25 Event: 24239
HSCP type: 0
Ih: 20.3416
P: 609.792
Pt: 381.077
Eta: 1.04711
Phi: -1.49367
NbPixelHit_noL1: 3
NOM_noL1: 10
FracOfValidHit: 1
isHighPurityTrack: 1
miniRelIsoAll: 4.5605
IsoSumPt_dr03: 0
dz: -8.44825e-21
dxy: -2.20557e+15
normChi2: 0.0590272
EoP: 0
Pterr: 73.5303
Fpix: 1
RecoPFMET: 1659.18
RecoPFMET_phi: 1.69065
RecoCaloMET: 97.3182
RecoCaloMET_phi: -2.20771
Flag_allMETFilters: 0

      Run : 1 Lumi: 25 Event: 24225
HSCP type: 0
Ih: 7.74
P: 1239.73
Pt: 707.37
Eta: -1.16061
Phi: 3.08118
NbPixelHit_noL1: 1
NOM_noL1: 3
FracOfValidHit: 0.7
isHighPurityTrack: 0
miniRelIsoAll: 0.320816
IsoSumPt_dr03: 0
dz: 5.53792e+13
dxy: 3.44828e+37
normChi2: 8.48706
EoP: 0.0104529
Pterr: 989.702
Fpix: 0.912291
RecoPFMET: 65.0388
RecoPFMET_phi: -1.22024
RecoCaloMET: 193.063
RecoCaloMET_phi: -2.92785
Flag_allMETFilters: 0

      Run : 1 Lumi: 25 Event: 24242
HSCP type: 4
Ih: 11.8552
P: 897.586
Pt: 789.969
Eta: -0.516226
Phi: 2.53844
NbPixelHit_noL1: 2
NOM_noL1: 15
FracOfValidHit: 1
isHighPurityTrack: 1
miniRelIsoAll: 0.00121745
IsoSumPt_dr03: 0
dz: 4.78749e+14
dxy: 1.74043e+08
normChi2: 0.0957949
EoP: 0.00119587
Pterr: 226.192
Fpix: 0.999252
RecoPFMET: 51.8995
RecoPFMET_phi: 0.197393
RecoCaloMET: 47.6496
RecoCaloMET_phi: -0.266368
Flag_allMETFilters: 0

      Run : 1 Lumi: 25 Event: 24245
HSCP type: 4
Ih: 28.4438
P: 240.435
Pt: 234.667
Eta: -0.22126
Phi: 1.73621
NbPixelHit_noL1: 3
NOM_noL1: 15
FracOfValidHit: 1
isHighPurityTrack: 1
miniRelIsoAll: 0
IsoSumPt_dr03: 0
dz: 5.62825e+27
dxy: 5.58485e-27
normChi2: 0.120929
EoP: 0
Pterr: 29.066
Fpix: 0.999861
RecoPFMET: 46.3813
RecoPFMET_phi: 1.59288
RecoCaloMET: 56.8146
RecoCaloMET_phi: 1.55421
Flag_allMETFilters: 0

      Run : 1 Lumi: 25 Event: 24243
HSCP type: 4
Ih: 3.60782
P: 150.904
Pt: 57.491
Eta: 1.61973
Phi: -2.06206
NbPixelHit_noL1: 3
NOM_noL1: 22
FracOfValidHit: 1
isHighPurityTrack: 1
miniRelIsoAll: 1
IsoSumPt_dr03: 0
dz: 3.70004e-09
dxy: -19572.7
normChi2: 1.2057
EoP: 0.971312
Pterr: 1.20222
Fpix: 0.647468
RecoPFMET: 193.967
RecoPFMET_phi: 0.878374
RecoCaloMET: 155.281
RecoCaloMET_phi: 0.891529
Flag_allMETFilters: 0

      Run : 1 Lumi: 25 Event: 24247
HSCP type: 1
Ih: 9.21258
P: 1149.57
Pt: 1145.44
Eta: -0.0848831
Phi: -1.20561
NbPixelHit_noL1: 3
NOM_noL1: 15
FracOfValidHit: 1
isHighPurityTrack: 1
miniRelIsoAll: 0.00674424
IsoSumPt_dr03: 0
dz: -87913.7
dxy: -4.29477e-21
normChi2: 0.579024
EoP: 0.00649114
Pterr: 246.936
Fpix: 0.993131
RecoPFMET: 1325.39
RecoPFMET_phi: -1.21831
RecoCaloMET: 16.0332
RecoCaloMET_phi: -1.58458
Flag_allMETFilters: 0

      Run : 1 Lumi: 25 Event: 24237
HSCP type: 0
Ih: 12.2815
P: 1207.72
Pt: 1116.94
Eta: -0.400485
Phi: 3.06986
NbPixelHit_noL1: 3
NOM_noL1: 16
FracOfValidHit: 1
isHighPurityTrack: 1
miniRelIsoAll: 0.976551
IsoSumPt_dr03: 0
dz: -1.55006e+28
dxy: -6.04319e-22
normChi2: 0.170209
EoP: 0
Pterr: 357.865
Fpix: 0.999791
RecoPFMET: 141.737
RecoPFMET_phi: -0.312666
RecoCaloMET: 517.36
RecoCaloMET_phi: 2.94361
Flag_allMETFilters: 0

      Run : 1 Lumi: 25 Event: 24244
HSCP type: 0
Ih: 48.5821
P: 751.096
Pt: 365.871
Eta: -1.34698
Phi: 0.099377
NbPixelHit_noL1: 0
NOM_noL1: 7
FracOfValidHit: 1
isHighPurityTrack: 1
miniRelIsoAll: 1.29143
IsoSumPt_dr03: 0
dz: -0.264502
dxy: 5.61853e+26
normChi2: 0.595805
EoP: 0
Pterr: 481.417
Fpix: 1
RecoPFMET: 177.889
RecoPFMET_phi: -0.00889986
RecoCaloMET: 65.1743
RecoCaloMET_phi: 2.27548
Flag_allMETFilters: 0

      Run : 1 Lumi: 25 Event: 24246
HSCP type: 0
Ih: 10.1892
P: 1202.18
Pt: 670.61
Eta: -1.18799
Phi: 1.57377
NbPixelHit_noL1: 2
NOM_noL1: 12
FracOfValidHit: 1
isHighPurityTrack: 1
miniRelIsoAll: 0.998995
IsoSumPt_dr03: 0
dz: -1.26912e-07
dxy: 1112.29
normChi2: 0.423503
EoP: 0.000278807
Pterr: 92.9243
Fpix: 0.99297
RecoPFMET: 864.202
RecoPFMET_phi: -1.51377
RecoCaloMET: 118.234
RecoCaloMET_phi: -1.35075
Flag_allMETFilters: 0

      Run : 1 Lumi: 25 Event: 24253
HSCP type: 0
Ih: 6.97718
P: 1705.26
Pt: 1637.29
Eta: -0.287158
Phi: 0.279668
NbPixelHit_noL1: 4
NOM_noL1: 18
FracOfValidHit: 1
isHighPurityTrack: 1
miniRelIsoAll: 0.948273
IsoSumPt_dr03: 0
dz: -3.74242e+22
dxy: 4.55893e+12
normChi2: 0.736228
EoP: 0.00140774
Pterr: 392.39
Fpix: 0.980152
RecoPFMET: 1624.86
RecoPFMET_phi: -2.91565
RecoCaloMET: 59.9021
RecoCaloMET_phi: 3.04668
Flag_allMETFilters: 0

      Run : 1 Lumi: 25 Event: 24248
HSCP type: 4
Ih: 3.57837
P: 51.4361
Pt: 47.5638
Eta: 0.40083
Phi: 0.430507
NbPixelHit_noL1: 3
NOM_noL1: 15
FracOfValidHit: 0.941176
isHighPurityTrack: 1
miniRelIsoAll: 1
IsoSumPt_dr03: 0
dz: -2.96355e+30
dxy: -nan
normChi2: 0.900366
EoP: 1.13141
Pterr: 0.524424
Fpix: 0.625054
RecoPFMET: 235.04
RecoPFMET_phi: -2.62169
RecoCaloMET: 206.488
RecoCaloMET_phi: -2.63593
Flag_allMETFilters: 0

      Run : 1 Lumi: 25 Event: 24251
HSCP type: 4
Ih: 27.288
P: 416.242
Pt: 362.245
Eta: 0.539443
Phi: -1.82218
NbPixelHit_noL1: 3
NOM_noL1: 15
FracOfValidHit: 1
isHighPurityTrack: 1
miniRelIsoAll: 1
IsoSumPt_dr03: 0
dz: 1.99978
dxy: -5.54183e-25
normChi2: 0.372783
EoP: 0.999981
Pterr: 58.0642
Fpix: 0.998299
RecoPFMET: 3465.97
RecoPFMET_phi: 1.37561
RecoCaloMET: 3692.47
RecoCaloMET_phi: 1.3769
Flag_allMETFilters: 0

      Run : 1 Lumi: 25 Event: 24252
HSCP type: 0
Ih: 25.7868
P: 631.476
Pt: 626.164
Eta: -0.130167
Phi: 0.605308
NbPixelHit_noL1: 2
NOM_noL1: 14
FracOfValidHit: 1
isHighPurityTrack: 1
miniRelIsoAll: 0.831546
IsoSumPt_dr03: 0
dz: -1.03959e+14
dxy: -2.0646e+09
normChi2: 0.0393179
EoP: 0.00715402
Pterr: 186.825
Fpix: 0.999772
RecoPFMET: 25.6314
RecoPFMET_phi: -0.909916
RecoCaloMET: 99.6566
RecoCaloMET_phi: -3.04073
Flag_allMETFilters: 0

      Run : 1 Lumi: 25 Event: 24257
HSCP type: 0
Ih: 21.3328
P: 586.713
Pt: 584.89
Eta: -0.0789194
Phi: -2.95206
NbPixelHit_noL1: 3
NOM_noL1: 15
FracOfValidHit: 0.944444
isHighPurityTrack: 1
miniRelIsoAll: 1
IsoSumPt_dr03: 0
dz: nan
dxy: -9.53285e+22
normChi2: 0.183131
EoP: 0.00646522
Pterr: 150.001
Fpix: 0.999827
RecoPFMET: 595.148
RecoPFMET_phi: 0.18779
RecoCaloMET: 31.1523
RecoCaloMET_phi: -0.647867
Flag_allMETFilters: 0

      Run : 1 Lumi: 25 Event: 24254
HSCP type: 0
Ih: 8.81216
P: 1087.72
Pt: 1081.13
Eta: -0.110333
Phi: 1.48721
NbPixelHit_noL1: 3
NOM_noL1: 13
FracOfValidHit: 0.9375
isHighPurityTrack: 1
miniRelIsoAll: 1.37534
IsoSumPt_dr03: 0
dz: 1.17969e-26
dxy: -1.06035e-36
normChi2: 0.473711
EoP: 0.00342646
Pterr: 259.28
Fpix: 0.989885
RecoPFMET: 114.116
RecoPFMET_phi: 1.78045
RecoCaloMET: 27.3195
RecoCaloMET_phi: -2.98538
Flag_allMETFilters: 0

      Run : 1 Lumi: 25 Event: 24255
HSCP type: 1
Ih: 12.1427
P: 1429.35
Pt: 885.471
Eta: -1.05827
Phi: -1.4669
NbPixelHit_noL1: 2
NOM_noL1: 10
FracOfValidHit: 1
isHighPurityTrack: 1
miniRelIsoAll: 0.00410738
IsoSumPt_dr03: 0
dz: 6.80665e-35
dxy: -3.28981e-36
normChi2: 0.67577
EoP: 0.00410738
Pterr: 153.091
Fpix: 0.999772
RecoPFMET: 129.332
RecoPFMET_phi: -2.57228
RecoCaloMET: 76.4641
RecoCaloMET_phi: -2.59768
Flag_allMETFilters: 0

      Run : 1 Lumi: 25 Event: 24265
HSCP type: 1
Ih: 7.84633
P: 1314.43
Pt: 1033.9
Eta: -0.720943
Phi: 0.13591
NbPixelHit_noL1: 2
NOM_noL1: 17
FracOfValidHit: 1
isHighPurityTrack: 1
miniRelIsoAll: 0.00534478
IsoSumPt_dr03: 0
dz: 1.56531e+29
dxy: -4.26662e+24
normChi2: 0.321114
EoP: 0.00501426
Pterr: 340.694
Fpix: 0.995925
RecoPFMET: 169.535
RecoPFMET_phi: -2.71873
RecoCaloMET: 122.627
RecoCaloMET_phi: -2.69321
Flag_allMETFilters: 0

      Run : 1 Lumi: 25 Event: 24262
HSCP type: 0
Ih: 10.8105
P: 722.183
Pt: 252.6
Eta: 1.71153
Phi: 1.70769
NbPixelHit_noL1: 3
NOM_noL1: 13
FracOfValidHit: 0.952381
isHighPurityTrack: 1
miniRelIsoAll: 1.10398
IsoSumPt_dr03: 0
dz: 2.95957e+22
dxy: 2.882e-05
normChi2: 0.447476
EoP: 0.000692345
Pterr: 16.9175
Fpix: 0.999998
RecoPFMET: 353.717
RecoPFMET_phi: -1.39475
RecoCaloMET: 42.4539
RecoCaloMET_phi: -1.24724
Flag_allMETFilters: 0

      Run : 1 Lumi: 25 Event: 24266
HSCP type: 1
Ih: 6.76937
P: 1700.45
Pt: 456.364
Eta: -1.98999
Phi: -2.57777
NbPixelHit_noL1: 7
NOM_noL1: 24
FracOfValidHit: 0.961538
isHighPurityTrack: 1
miniRelIsoAll: 0.00826103
IsoSumPt_dr03: 0
dz: -6.44598e-26
dxy: 7.52508e-38
normChi2: 0.666326
EoP: 0.00825817
Pterr: 77.6345
Fpix: 0.999934
RecoPFMET: 2.16835
RecoPFMET_phi: 2.51935
RecoCaloMET: 17.895
RecoCaloMET_phi: -0.0912494
Flag_allMETFilters: 0

      Run : 1 Lumi: 25 Event: 24268
HSCP type: 0
Ih: 8.7608
P: 1302.95
Pt: 1074.53
Eta: -0.641021
Phi: -1.80519
NbPixelHit_noL1: 3
NOM_noL1: 15
FracOfValidHit: 1
isHighPurityTrack: 1
miniRelIsoAll: 1
IsoSumPt_dr03: 0
dz: -1.14758e-17
dxy: -1.91283e-33
normChi2: 0.357022
EoP: 0.00656294
Pterr: 140.329
Fpix: 0.99982
RecoPFMET: 1050.21
RecoPFMET_phi: 1.29925
RecoCaloMET: 37.8133
RecoCaloMET_phi: -0.714976
Flag_allMETFilters: 0

      Run : 1 Lumi: 25 Event: 24272
HSCP type: 0
Ih: 8.30079
P: 1359.02
Pt: 1090.22
Eta: -0.688539
Phi: 1.45783
NbPixelHit_noL1: 3
NOM_noL1: 17
FracOfValidHit: 1
isHighPurityTrack: 1
miniRelIsoAll: 1.13867
IsoSumPt_dr03: 0
dz: -2.63989e-38
dxy: -11735.3
normChi2: 0.819499
EoP: 0
Pterr: 326.172
Fpix: 0.994399
RecoPFMET: 1188.84
RecoPFMET_phi: -1.71685
RecoCaloMET: 43.6737
RecoCaloMET_phi: 2.4998
Flag_allMETFilters: 0

      Run : 1 Lumi: 25 Event: 24260
HSCP type: 4
Ih: 12.4775
P: 550.25
Pt: 251.108
Eta: -1.42096
Phi: 1.18465
NbPixelHit_noL1: 2
NOM_noL1: 14
FracOfValidHit: 0.9375
isHighPurityTrack: 1
miniRelIsoAll: 0
IsoSumPt_dr03: 0
dz: 1.27325e-26
dxy: 6.20723e+26
normChi2: 0.433225
EoP: 0
Pterr: 13.8134
Fpix: 0.999508
RecoPFMET: 24.8802
RecoPFMET_phi: -1.13638
RecoCaloMET: 20.5252
RecoCaloMET_phi: -0.965784
Flag_allMETFilters: 0

      Run : 1 Lumi: 25 Event: 24269
HSCP type: 0
Ih: 5.9736
P: 2189.31
Pt: 469.534
Eta: 2.22104
Phi: 0.372642
NbPixelHit_noL1: 5
NOM_noL1: 16
FracOfValidHit: 1
isHighPurityTrack: 1
miniRelIsoAll: 1.09465
IsoSumPt_dr03: 0
dz: -3.36234
dxy: -1.65827e+10
normChi2: 0.576053
EoP: 0
Pterr: 117.205
Fpix: 0.999819
RecoPFMET: 292.656
RecoPFMET_phi: 2.91566
RecoCaloMET: 264.005
RecoCaloMET_phi: 0.863463
Flag_allMETFilters: 0

      Run : 1 Lumi: 25 Event: 24261
HSCP type: 0
Ih: 10.1856
P: 964.014
Pt: 948.331
Eta: 0.181613
Phi: 1.50191
NbPixelHit_noL1: 3
NOM_noL1: 15
FracOfValidHit: 1
isHighPurityTrack: 1
miniRelIsoAll: 1
IsoSumPt_dr03: 0
dz: 1.44317e+19
dxy: -2.75172
normChi2: 0.950779
EoP: 0
Pterr: 262.236
Fpix: 0.999965
RecoPFMET: 35.5804
RecoPFMET_phi: -1.58326
RecoCaloMET: 24.1293
RecoCaloMET_phi: 2.94677
Flag_allMETFilters: 0

      Run : 1 Lumi: 25 Event: 24271
HSCP type: 0
Ih: 4.10589
P: 3736.16
Pt: 1853.73
Eta: -1.32585
Phi: -0.976177
NbPixelHit_noL1: 3
NOM_noL1: 10
FracOfValidHit: 1
isHighPurityTrack: 1
miniRelIsoAll: 0.89421
IsoSumPt_dr03: 0
dz: -6.89565e+09
dxy: 6.79918e+36
normChi2: 1.15739
EoP: 0
Pterr: 493.257
Fpix: 0.998421
RecoPFMET: 1675.9
RecoPFMET_phi: 2.13938
RecoCaloMET: 46.5428
RecoCaloMET_phi: 0.181216
Flag_allMETFilters: 0

      Run : 1 Lumi: 25 Event: 24274
HSCP type: 1
Ih: 5.96378
P: 341.87
Pt: 110.067
Eta: -1.7995
Phi: 3.08086
NbPixelHit_noL1: 3
NOM_noL1: 8
FracOfValidHit: 0.6
isHighPurityTrack: 1
miniRelIsoAll: 0
IsoSumPt_dr03: 0
dz: 1.02175e-11
dxy: 5.92915e-10
normChi2: 0.473862
EoP: 0
Pterr: 14.4015
Fpix: 0.999873
RecoPFMET: 135.162
RecoPFMET_phi: -0.382684
RecoCaloMET: 115.975
RecoCaloMET_phi: -0.362286
Flag_allMETFilters: 0

      Run : 1 Lumi: 25 Event: 24276
HSCP type: 1
Ih: 8.3413
P: 1414.84
Pt: 1149.08
Eta: -0.667651
Phi: -1.20333
NbPixelHit_noL1: 3
NOM_noL1: 16
FracOfValidHit: 1
isHighPurityTrack: 1
miniRelIsoAll: 0.00789535
IsoSumPt_dr03: 0
dz: -3.29874e-31
dxy: -0.019282
normChi2: 0.898461
EoP: 0.00551376
Pterr: 190.666
Fpix: 0.998234
RecoPFMET: 383.572
RecoPFMET_phi: -1.64168
RecoCaloMET: 366.153
RecoCaloMET_phi: -1.67139
Flag_allMETFilters: 0

      Run : 1 Lumi: 25 Event: 24279
HSCP type: 4
Ih: 47.2589
P: 226.495
Pt: 187.3
Eta: 0.636153
Phi: -2.92511
NbPixelHit_noL1: 3
NOM_noL1: 7
FracOfValidHit: 1
isHighPurityTrack: 1
miniRelIsoAll: 0
IsoSumPt_dr03: 0
dz: -9.87441e-37
dxy: -165.223
normChi2: 0.182554
EoP: 0
Pterr: 19.8557
Fpix: 0.99998
RecoPFMET: 68.0105
RecoPFMET_phi: 0.423741
RecoCaloMET: 69.2985
RecoCaloMET_phi: 0.848167
Flag_allMETFilters: 0

      Run : 1 Lumi: 25 Event: 24275
HSCP type: 0
Ih: 3.44848
P: 1050.21
Pt: 473.517
Eta: -1.4345
Phi: -1.62828
NbPixelHit_noL1: 1
NOM_noL1: 11
FracOfValidHit: 0.923077
isHighPurityTrack: 1
miniRelIsoAll: 1
IsoSumPt_dr03: 0
dz: 2.55385e+20
dxy: -1.04025e+10
normChi2: 3.02715
EoP: 0
Pterr: 87.6246
Fpix: 1
RecoPFMET: 434.466
RecoPFMET_phi: 1.51608
RecoCaloMET: 8.72386
RecoCaloMET_phi: -1.52332
Flag_allMETFilters: 0

      Run : 1 Lumi: 25 Event: 24273
HSCP type: 0
Ih: 13.7756
P: 892.146
Pt: 562.791
Eta: -1.03504
Phi: -3.01155
NbPixelHit_noL1: 2
NOM_noL1: 8
FracOfValidHit: 1
isHighPurityTrack: 1
miniRelIsoAll: 1
IsoSumPt_dr03: 0
dz: -1.33732e-15
dxy: 4.77914e+36
normChi2: 0.089232
EoP: 0.0017972
Pterr: 244.717
Fpix: 0.999503
RecoPFMET: 541.32
RecoPFMET_phi: 0.152961
RecoCaloMET: 38.9873
RecoCaloMET_phi: -2.74825
Flag_allMETFilters: 0

      Run : 1 Lumi: 25 Event: 24282
HSCP type: 1
Ih: 5.27347
P: 2060.12
Pt: 1219.02
Eta: -1.11591
Phi: -1.64077
NbPixelHit_noL1: 2
NOM_noL1: 9
FracOfValidHit: 1
isHighPurityTrack: 1
miniRelIsoAll: 0.0087839
IsoSumPt_dr03: 0
dz: 1.30561e-09
dxy: 3.35166e-16
normChi2: 0.41823
EoP: 0.0087839
Pterr: 256.794
Fpix: 0.994399
RecoPFMET: 1317.85
RecoPFMET_phi: -1.60143
RecoCaloMET: 44.0259
RecoCaloMET_phi: -0.899055
Flag_allMETFilters: 0

      Run : 1 Lumi: 25 Event: 24280
HSCP type: 0
Ih: 5.05137
P: 1993.04
Pt: 1958.23
Eta: 0.188278
Phi: 2.30882
NbPixelHit_noL1: 2
NOM_noL1: 15
FracOfValidHit: 1
isHighPurityTrack: 1
miniRelIsoAll: 1
IsoSumPt_dr03: 0
dz: -1.75001e+36
dxy: 1.97345e+27
normChi2: 0.761133
EoP: 0.0057696
Pterr: 461.825
Fpix: 0.611883
RecoPFMET: 1922.47
RecoPFMET_phi: -0.825415
RecoCaloMET: 3.22507
RecoCaloMET_phi: -2.93417
Flag_allMETFilters: 0

      Run : 1 Lumi: 25 Event: 24285
HSCP type: 4
Ih: 3.76115
P: 175.971
Pt: 150.658
Eta: 0.571859
Phi: 0.58105
NbPixelHit_noL1: 2
NOM_noL1: 12
FracOfValidHit: 0.941176
isHighPurityTrack: 1
miniRelIsoAll: 1
IsoSumPt_dr03: 0
dz: -5.73728e-22
dxy: -3.08643e-38
normChi2: 0.740344
EoP: 1.12342
Pterr: 2.90542
Fpix: 0.625054
RecoPFMET: 403.536
RecoPFMET_phi: 2.91811
RecoCaloMET: 368.516
RecoCaloMET_phi: 2.98842
Flag_allMETFilters: 0

      Run : 1 Lumi: 25 Event: 24287
HSCP type: 0
Ih: 10.7589
P: 877.986
Pt: 612.147
Eta: 0.901155
Phi: 1.07099
NbPixelHit_noL1: 3
NOM_noL1: 14
FracOfValidHit: 1
isHighPurityTrack: 1
miniRelIsoAll: 1.846
IsoSumPt_dr03: 0
dz: 8.33655e+29
dxy: -1.17957e-19
normChi2: 0.455602
EoP: 0.00529593
Pterr: 156.524
Fpix: 0.998173
RecoPFMET: 262.512
RecoPFMET_phi: -2.09444
RecoCaloMET: 168.335
RecoCaloMET_phi: -1.5617
Flag_allMETFilters: 0

      Run : 1 Lumi: 25 Event: 24288
HSCP type: 1
Ih: 18.9545
P: 642.215
Pt: 611.566
Eta: -0.315281
Phi: -0.314407
NbPixelHit_noL1: 3
NOM_noL1: 16
FracOfValidHit: 1
isHighPurityTrack: 1
miniRelIsoAll: 0.00808871
IsoSumPt_dr03: 0
dz: -nan
dxy: 0.000453237
normChi2: 0.166511
EoP: 0.00808871
Pterr: 132.433
Fpix: 0.999993
RecoPFMET: 85.7976
RecoPFMET_phi: -2.676
RecoCaloMET: 64.346
RecoCaloMET_phi: -2.60016
Flag_allMETFilters: 0

      Run : 1 Lumi: 25 Event: 24277
HSCP type: 0
Ih: 14.3991
P: 1066.27
Pt: 951.623
Eta: -0.486066
Phi: -0.392639
NbPixelHit_noL1: 3
NOM_noL1: 16
FracOfValidHit: 1
isHighPurityTrack: 1
miniRelIsoAll: 2.21101
IsoSumPt_dr03: 0
dz: -3.13214e-10
dxy: 0.45406
normChi2: 0.175082
EoP: 0.00361048
Pterr: 244.182
Fpix: 0.999782
RecoPFMET: 1613.85
RecoPFMET_phi: 2.17125
RecoCaloMET: 1152.2
RecoCaloMET_phi: 0.469711
Flag_allMETFilters: 0

      Run : 1 Lumi: 25 Event: 24292
HSCP type: 4
Ih: 12.3826
P: 1309.23
Pt: 864.3
Eta: -0.975528
Phi: 1.34597
NbPixelHit_noL1: 3
NOM_noL1: 14
FracOfValidHit: 1
isHighPurityTrack: 1
miniRelIsoAll: 0.00520701
IsoSumPt_dr03: 0
dz: 8.04234e-15
dxy: 4.44814e+11
normChi2: 0.268753
EoP: 0.00520411
Pterr: 275.994
Fpix: 0.999988
RecoPFMET: 24.1865
RecoPFMET_phi: -2.09505
RecoCaloMET: 32.7298
RecoCaloMET_phi: 3.02902
Flag_allMETFilters: 0

      Run : 1 Lumi: 25 Event: 24294
HSCP type: 0
Ih: 7.75431
P: 1395.96
Pt: 1288.77
Eta: 0.405076
Phi: 2.8297
NbPixelHit_noL1: 3
NOM_noL1: 15
FracOfValidHit: 1
isHighPurityTrack: 1
miniRelIsoAll: 2.69828
IsoSumPt_dr03: 0
dz: 2.17921e+27
dxy: -0.000560848
normChi2: 0.220395
EoP: 0.007373
Pterr: 466.01
Fpix: 0.994399
RecoPFMET: 3509.84
RecoPFMET_phi: -0.32582
RecoCaloMET: 57.5817
RecoCaloMET_phi: -1.40524
Flag_allMETFilters: 0

      Run : 1 Lumi: 25 Event: 24286
HSCP type: 0
Ih: 21.9839
P: 497.643
Pt: 367.462
Eta: -0.818695
Phi: 1.51573
NbPixelHit_noL1: 3
NOM_noL1: 17
FracOfValidHit: 1
isHighPurityTrack: 1
miniRelIsoAll: 1.20914
IsoSumPt_dr03: 0
dz: -5.18576e-07
dxy: -6.87886e+36
normChi2: 0.125927
EoP: 0.000629757
Pterr: 54.1719
Fpix: 1
RecoPFMET: 453.3
RecoPFMET_phi: -1.69247
RecoCaloMET: 41.0484
RecoCaloMET_phi: -2.92335
Flag_allMETFilters: 0

      Run : 1 Lumi: 25 Event: 24284
HSCP type: 0
Ih: 11.7862
P: 1040.74
Pt: 449.654
Eta: 1.48204
Phi: 2.73043
NbPixelHit_noL1: 2
NOM_noL1: 18
FracOfValidHit: 0.904762
isHighPurityTrack: 1
miniRelIsoAll: 0.999902
IsoSumPt_dr03: 0
dz: -8.08074e-16
dxy: -0.00521052
normChi2: 0.521667
EoP: 0
Pterr: 70.9642
Fpix: 0.96103
RecoPFMET: 87.2502
RecoPFMET_phi: -2.36263
RecoCaloMET: 160.773
RecoCaloMET_phi: 1.42218
Flag_allMETFilters: 0

      Run : 1 Lumi: 25 Event: 24283
HSCP type: 0
Ih: 7.24833
P: 1045.78
Pt: 1019.98
Eta: 0.224459
Phi: -2.39336
NbPixelHit_noL1: 2
NOM_noL1: 14
FracOfValidHit: 0.941176
isHighPurityTrack: 1
miniRelIsoAll: 1
IsoSumPt_dr03: 0
dz: -4.143e+10
dxy: -1.4717e+11
normChi2: 0.734231
EoP: 0.00143494
Pterr: 303.378
Fpix: 0.992613
RecoPFMET: 1136.06
RecoPFMET_phi: 0.859618
RecoCaloMET: 178.075
RecoCaloMET_phi: 1.4417
Flag_allMETFilters: 0

      Run : 1 Lumi: 25 Event: 24293
HSCP type: 0
Ih: 8.12101
P: 1116.12
Pt: 880.881
Eta: 0.715467
Phi: 0.437885
NbPixelHit_noL1: 1
NOM_noL1: 14
FracOfValidHit: 0.933333
isHighPurityTrack: 1
miniRelIsoAll: 1.68242
IsoSumPt_dr03: 0
dz: -0.000248622
dxy: -8.63332e+36
normChi2: 0.826435
EoP: 0.00339517
Pterr: 271.128
Fpix: 1
RecoPFMET: 1479.45
RecoPFMET_phi: -2.70706
RecoCaloMET: 75.3792
RecoCaloMET_phi: 2.32964
Flag_allMETFilters: 0

      Run : 1 Lumi: 25 Event: 24291
HSCP type: 0
Ih: 7.06824
P: 1307.77
Pt: 525.062
Eta: -1.56273
Phi: -0.495624
NbPixelHit_noL1: 3
NOM_noL1: 20
FracOfValidHit: 1
isHighPurityTrack: 1
miniRelIsoAll: 1.50952
IsoSumPt_dr03: 0
dz: 3.45058e-34
dxy: 8.96954e+36
normChi2: 0.659819
EoP: 0
Pterr: 44.4832
Fpix: 0.99802
RecoPFMET: 263.323
RecoPFMET_phi: 2.55766
RecoCaloMET: 390.289
RecoCaloMET_phi: 1.81679
Flag_allMETFilters: 0

      Run : 1 Lumi: 25 Event: 24290
HSCP type: 0
Ih: 18.2329
P: 686.302
Pt: 504.432
Eta: 0.825527
Phi: -3.0118
NbPixelHit_noL1: 3
NOM_noL1: 15
FracOfValidHit: 1
isHighPurityTrack: 1
miniRelIsoAll: 1.08836
IsoSumPt_dr03: 0
dz: 4.35497e-18
dxy: 2.92749e-08
normChi2: 0.295385
EoP: 0.00670062
Pterr: 96.849
Fpix: 0.999916
RecoPFMET: 602.619
RecoPFMET_phi: 0.0924252
RecoCaloMET: 66.1598
RecoCaloMET_phi: -0.953035
Flag_allMETFilters: 0

      Run : 1 Lumi: 25 Event: 24301
HSCP type: 1
Ih: 8.51676
P: 1763.46
Pt: 1141.52
Eta: 1.00149
Phi: 2.72899
NbPixelHit_noL1: 3
NOM_noL1: 10
FracOfValidHit: 1
isHighPurityTrack: 1
miniRelIsoAll: 0.0050475
IsoSumPt_dr03: 0
dz: 6.658e+33
dxy: 1236.42
normChi2: 0.296748
EoP: 0.0050475
Pterr: 273.597
Fpix: 0.999032
RecoPFMET: 59.5822
RecoPFMET_phi: 2.58991
RecoCaloMET: 92.095
RecoCaloMET_phi: 2.72501
Flag_allMETFilters: 0

      Run : 1 Lumi: 25 Event: 24281
HSCP type: 0
Ih: 5.23306
P: 2136.56
Pt: 1949.24
Eta: 0.434971
Phi: -2.95397
NbPixelHit_noL1: 3
NOM_noL1: 16
FracOfValidHit: 1
isHighPurityTrack: 1
miniRelIsoAll: 1.66997
IsoSumPt_dr03: 0
dz: -70962.9
dxy: 1.37685e-24
normChi2: 0.665347
EoP: 0
Pterr: 522.885
Fpix: 0.988173
RecoPFMET: 3244.65
RecoPFMET_phi: 0.189633
RecoCaloMET: 23.7684
RecoCaloMET_phi: 1.61738
Flag_allMETFilters: 0

      Run : 1 Lumi: 25 Event: 24295
HSCP type: 0
Ih: 9.0097
P: 1163.69
Pt: 943.531
Eta: -0.670502
Phi: 3.09576
NbPixelHit_noL1: 3
NOM_noL1: 14
FracOfValidHit: 1
isHighPurityTrack: 1
miniRelIsoAll: 2.11924
IsoSumPt_dr03: 0
dz: -2.84858e+10
dxy: -9.33173e+07
normChi2: 0.698904
EoP: 0.00656857
Pterr: 129.885
Fpix: 0.999843
RecoPFMET: 417.186
RecoPFMET_phi: -0.113982
RecoCaloMET: 34.4659
RecoCaloMET_phi: 1.48326
Flag_allMETFilters: 0

      Run : 1 Lumi: 25 Event: 24300
HSCP type: 0
Ih: 11.4436
P: 850.509
Pt: 806.528
Eta: -0.328762
Phi: -0.983329
NbPixelHit_noL1: 1
NOM_noL1: 15
FracOfValidHit: 1
isHighPurityTrack: 1
miniRelIsoAll: 1
IsoSumPt_dr03: 0
dz: -0.0154967
dxy: 2.24162e-14
normChi2: 0.369798
EoP: 0.000372761
Pterr: 232.527
Fpix: 0.988967
RecoPFMET: 742.339
RecoPFMET_phi: 2.15852
RecoCaloMET: 59.2141
RecoCaloMET_phi: -0.892352
Flag_allMETFilters: 0

      Run : 1 Lumi: 25 Event: 24297
HSCP type: 4
Ih: 4.24496
P: 148.273
Pt: 55.6591
Eta: -1.63571
Phi: 0.16588
NbPixelHit_noL1: 0
NOM_noL1: 3
FracOfValidHit: 0.583333
isHighPurityTrack: 0
miniRelIsoAll: 0
IsoSumPt_dr03: 0
dz: 6.63086e+14
dxy: -3.00091e-08
normChi2: 0.912331
EoP: 0
Pterr: 80.8841
Fpix: 1
RecoPFMET: 380.031
RecoPFMET_phi: -0.979859
RecoCaloMET: 107.471
RecoCaloMET_phi: 0.105199
Flag_allMETFilters: 0

      Run : 1 Lumi: 25 Event: 24299
HSCP type: 0
Ih: 10.8186
P: 938.382
Pt: 202.177
Eta: -2.21635
Phi: 0.0220673
NbPixelHit_noL1: 5
NOM_noL1: 15
FracOfValidHit: 0.888889
isHighPurityTrack: 1
miniRelIsoAll: 0.999944
IsoSumPt_dr03: 0
dz: -3.05473e-08
dxy: 2.61028
normChi2: 0.561915
EoP: 0
Pterr: 51.379
Fpix: 0.999753
RecoPFMET: 293.109
RecoPFMET_phi: 2.65885
RecoCaloMET: 137.808
RecoCaloMET_phi: 2.28932
Flag_allMETFilters: 0

      Run : 1 Lumi: 25 Event: 24306
HSCP type: 0
Ih: 4.17791
P: 102.937
Pt: 55.3166
Eta: -1.23262
Phi: -2.11802
NbPixelHit_noL1: 0
NOM_noL1: 6
FracOfValidHit: 1
isHighPurityTrack: 0
miniRelIsoAll: 1.75798
IsoSumPt_dr03: 0
dz: -4.83026e+30
dxy: 1135.52
normChi2: 4.18492
EoP: 0
Pterr: 23.8981
Fpix: 1
RecoPFMET: 143.565
RecoPFMET_phi: 1.15531
RecoCaloMET: 36.5803
RecoCaloMET_phi: 0.841297
Flag_allMETFilters: 0

      Run : 1 Lumi: 25 Event: 24307
HSCP type: 1
Ih: 2.758
P: 434.802
Pt: 166.875
Eta: -1.61175
Phi: 2.53354
NbPixelHit_noL1: 2
NOM_noL1: 3
FracOfValidHit: 1
isHighPurityTrack: 1
miniRelIsoAll: 1
IsoSumPt_dr03: 0
dz: 8.32818e+07
dxy: 1.0919e-20
normChi2: 1.22606
EoP: 1.41229
Pterr: 10.9632
Fpix: 0.992613
RecoPFMET: 863.549
RecoPFMET_phi: -0.5665
RecoCaloMET: 812.9
RecoCaloMET_phi: -0.585841
Flag_allMETFilters: 0

      Run : 1 Lumi: 25 Event: 24302
HSCP type: 0
Ih: 19.1821
P: 4202.23
Pt: 3457.97
Eta: -0.644867
Phi: -1.08905
NbPixelHit_noL1: 2
NOM_noL1: 6
FracOfValidHit: 0.571429
isHighPurityTrack: 1
miniRelIsoAll: 3.01062
IsoSumPt_dr03: 0
dz: -1.59871e-13
dxy: 7.36486e-20
normChi2: 0.0684897
EoP: 0.00174216
Pterr: 31782.2
Fpix: 0.999849
RecoPFMET: 10769.9
RecoPFMET_phi: 2.05162
RecoCaloMET: 332.151
RecoCaloMET_phi: 1.98046
Flag_allMETFilters: 0

      Run : 1 Lumi: 25 Event: 24304
HSCP type: 0
Ih: 20.5055
P: 631.444
Pt: 581.335
Eta: -0.412275
Phi: -0.860627
NbPixelHit_noL1: 4
NOM_noL1: 15
FracOfValidHit: 1
isHighPurityTrack: 1
miniRelIsoAll: 1.42696
IsoSumPt_dr03: 0
dz: -0.428488
dxy: 1.60678e-10
normChi2: 0.272455
EoP: 0.00521906
Pterr: 120.845
Fpix: 0.999998
RecoPFMET: 384.068
RecoPFMET_phi: 2.88353
RecoCaloMET: 514.829
RecoCaloMET_phi: -1.27571
Flag_allMETFilters: 0

      Run : 1 Lumi: 25 Event: 24310
HSCP type: 0
Ih: 19.0768
P: 665.493
Pt: 646.667
Eta: -0.240718
Phi: 1.61224
NbPixelHit_noL1: 3
NOM_noL1: 16
FracOfValidHit: 1
isHighPurityTrack: 1
miniRelIsoAll: 0.983393
IsoSumPt_dr03: 0
dz: -5.11562e+28
dxy: 5.17592e+14
normChi2: 0.281047
EoP: 0.0117464
Pterr: 148.452
Fpix: 0.999987
RecoPFMET: 571.864
RecoPFMET_phi: -1.53636
RecoCaloMET: 43.9773
RecoCaloMET_phi: 2.10109
Flag_allMETFilters: 0

      Run : 1 Lumi: 25 Event: 24308
HSCP type: 0
Ih: 3.12367
P: 16.8568
Pt: 12.2135
Eta: 0.846487
Phi: -1.19684
NbPixelHit_noL1: 3
NOM_noL1: 14
FracOfValidHit: 1
isHighPurityTrack: 1
miniRelIsoAll: 1
IsoSumPt_dr03: 0
dz: -1.22407e+36
dxy: -2.11486e-23
normChi2: 0.544768
EoP: 0.933077
Pterr: 0.164588
Fpix: 0.443393
RecoPFMET: 148.361
RecoPFMET_phi: 1.85985
RecoCaloMET: 92.1682
RecoCaloMET_phi: 1.88115
Flag_allMETFilters: 0

      Run : 1 Lumi: 25 Event: 24309
HSCP type: 0
Ih: 6.76003
P: 1697.53
Pt: 845.938
Eta: -1.32081
Phi: 2.6186
NbPixelHit_noL1: 2
NOM_noL1: 9
FracOfValidHit: 0.916667
isHighPurityTrack: 1
miniRelIsoAll: 0.961175
IsoSumPt_dr03: 0
dz: 0.00196122
dxy: -7.72706e+33
normChi2: 0.415877
EoP: 0
Pterr: 172.67
Fpix: 0.995925
RecoPFMET: 632.58
RecoPFMET_phi: -0.978549
RecoCaloMET: 352.071
RecoCaloMET_phi: -2.82965
Flag_allMETFilters: 0

      Run : 1 Lumi: 25 Event: 24311
HSCP type: 0
Ih: 66.7566
P: 413.899
Pt: 262.419
Eta: 1.02853
Phi: -2.48629
NbPixelHit_noL1: 3
NOM_noL1: 5
FracOfValidHit: 1
isHighPurityTrack: 1
miniRelIsoAll: 2.01429
IsoSumPt_dr03: 0
dz: -5.17854e+17
dxy: 1.74687e-15
normChi2: 0.259525
EoP: 0.017398
Pterr: 49.0748
Fpix: 0.999903
RecoPFMET: 49.5297
RecoPFMET_phi: 0.176483
RecoCaloMET: 20.867
RecoCaloMET_phi: -1.99481
Flag_allMETFilters: 0

      Run : 1 Lumi: 25 Event: 24312
HSCP type: 1
Ih: 4.97511
P: 2233.95
Pt: 1785.64
Eta: 0.694566
Phi: -0.790512
NbPixelHit_noL1: 4
NOM_noL1: 16
FracOfValidHit: 1
isHighPurityTrack: 1
miniRelIsoAll: 0.00172674
IsoSumPt_dr03: 0
dz: -7.96902e-14
dxy: 906691
normChi2: 0.681166
EoP: 0.00172501
Pterr: 362.487
Fpix: 0.575274
RecoPFMET: 29.088
RecoPFMET_phi: 1.77619
RecoCaloMET: 38.8196
RecoCaloMET_phi: 0.929258
Flag_allMETFilters: 0

      Run : 1 Lumi: 25 Event: 24313
HSCP type: 0
Ih: 6.86632
P: 2030.13
Pt: 1735.65
Eta: -0.57458
Phi: -2.47109
NbPixelHit_noL1: 3
NOM_noL1: 14
FracOfValidHit: 1
isHighPurityTrack: 1
miniRelIsoAll: 0.827911
IsoSumPt_dr03: 0
dz: -0.00140444
dxy: -1.17944e-07
normChi2: 0.733731
EoP: 0.00515699
Pterr: 476.352
Fpix: 0.991007
RecoPFMET: 138.809
RecoPFMET_phi: 0.572627
RecoCaloMET: 77.4806
RecoCaloMET_phi: -2.86325
Flag_allMETFilters: 0

      Run : 1 Lumi: 25 Event: 24289
HSCP type: 0
Ih: 6.15651
P: 4487.5
Pt: 4075.69
Eta: 0.445834
Phi: 2.96504
NbPixelHit_noL1: 3
NOM_noL1: 16
FracOfValidHit: 0.944444
isHighPurityTrack: 1
miniRelIsoAll: 3.91525
IsoSumPt_dr03: 0
dz: -1.7348e-09
dxy: 4.07777e-13
normChi2: 0.542686
EoP: 0
Pterr: 5525.5
Fpix: 0.972951
RecoPFMET: 15956.1
RecoPFMET_phi: -0.175607
RecoCaloMET: 18.6659
RecoCaloMET_phi: 0.894191
Flag_allMETFilters: 0

      Run : 1 Lumi: 25 Event: 24320
HSCP type: 0
Ih: 31.3448
P: 477.877
Pt: 288.213
Eta: 1.09214
Phi: 0.33372
NbPixelHit_noL1: 3
NOM_noL1: 6
FracOfValidHit: 0.916667
isHighPurityTrack: 1
miniRelIsoAll: 1.1468
IsoSumPt_dr03: 0
dz: 9.97886e+14
dxy: 8.91413e+34
normChi2: 0.037615
EoP: 0
Pterr: 116.327
Fpix: 1
RecoPFMET: 332.75
RecoPFMET_phi: -2.82851
RecoCaloMET: 37.9067
RecoCaloMET_phi: 2.40433
Flag_allMETFilters: 0

      Run : 1 Lumi: 25 Event: 24316
HSCP type: 0
Ih: 9.61845
P: 895.62
Pt: 662.805
Eta: -0.815385
Phi: -1.03347
NbPixelHit_noL1: 3
NOM_noL1: 13
FracOfValidHit: 1
isHighPurityTrack: 1
miniRelIsoAll: 5.55428
IsoSumPt_dr03: 0
dz: -1.30455e+20
dxy: 7.73814e+07
normChi2: 0.225133
EoP: 0.00981428
Pterr: 203.537
Fpix: 0.999595
RecoPFMET: 3397.2
RecoPFMET_phi: 2.11576
RecoCaloMET: 13.7019
RecoCaloMET_phi: -0.399393
Flag_allMETFilters: 0

      Run : 1 Lumi: 25 Event: 24325
HSCP type: 0
Ih: 9.81238
P: 1328.28
Pt: 595.387
Eta: 1.44108
Phi: 0.354468
NbPixelHit_noL1: 3
NOM_noL1: 18
FracOfValidHit: 1
isHighPurityTrack: 1
miniRelIsoAll: 1.2965
IsoSumPt_dr03: 0
dz: 1.30945e+35
dxy: 3.41039e+14
normChi2: 0.571472
EoP: 0
Pterr: 93.435
Fpix: 0.999578
RecoPFMET: 662.984
RecoPFMET_phi: -2.96938
RecoCaloMET: 163.664
RecoCaloMET_phi: 1.15953
Flag_allMETFilters: 0

      Run : 1 Lumi: 25 Event: 24323
HSCP type: 0
Ih: 18.5288
P: 628.628
Pt: 591.575
Eta: -0.352111
Phi: 0.924528
NbPixelHit_noL1: 3
NOM_noL1: 15
FracOfValidHit: 1
isHighPurityTrack: 1
miniRelIsoAll: 1
IsoSumPt_dr03: 0
dz: 1.396e-31
dxy: 2.9389e-24
normChi2: 0.0442617
EoP: 0.00112732
Pterr: 142.134
Fpix: 0.998921
RecoPFMET: 66.0404
RecoPFMET_phi: -1.85518
RecoCaloMET: 38.2474
RecoCaloMET_phi: -2.44445
Flag_allMETFilters: 0

      Run : 1 Lumi: 25 Event: 24327
HSCP type: 0
Ih: 22.2704
P: 570.509
Pt: 562.236
Eta: -0.171332
Phi: 0.288259
NbPixelHit_noL1: 3
NOM_noL1: 16
FracOfValidHit: 0.952381
isHighPurityTrack: 1
miniRelIsoAll: 1.35972
IsoSumPt_dr03: 0
dz: -1.81088e+30
dxy: -0.199967
normChi2: 0.0726689
EoP: 0
Pterr: 123.426
Fpix: 1
RecoPFMET: 713.163
RecoPFMET_phi: -2.7907
RecoCaloMET: 50.0751
RecoCaloMET_phi: -0.31099
Flag_allMETFilters: 0

      Run : 1 Lumi: 25 Event: 24329
HSCP type: 0
Ih: 7.28211
P: 2301.31
Pt: 2267.7
Eta: 0.171966
Phi: 2.61335
NbPixelHit_noL1: 3
NOM_noL1: 15
FracOfValidHit: 1
isHighPurityTrack: 1
miniRelIsoAll: 1.04078
IsoSumPt_dr03: 0
dz: -0.0338753
dxy: -8.56818e+32
normChi2: 0.264514
EoP: 0
Pterr: 1517.26
Fpix: 0.990848
RecoPFMET: 974.64
RecoPFMET_phi: -0.51712
RecoCaloMET: 12.6557
RecoCaloMET_phi: 2.85517
Flag_allMETFilters: 0

      Run : 1 Lumi: 25 Event: 24331
HSCP type: 0
Ih: 4.93203
P: 2582.36
Pt: 957.525
Eta: -1.64896
Phi: -1.5954
NbPixelHit_noL1: 3
NOM_noL1: 20
FracOfValidHit: 0.958333
isHighPurityTrack: 1
miniRelIsoAll: 1
IsoSumPt_dr03: 0
dz: 16.6089
dxy: 49.1713
normChi2: 0.80845
EoP: 0
Pterr: 165.723
Fpix: 0.992069
RecoPFMET: 616.365
RecoPFMET_phi: 1.48924
RecoCaloMET: 321.639
RecoCaloMET_phi: -1.58404
Flag_allMETFilters: 0

      Run : 1 Lumi: 25 Event: 24328
HSCP type: 0
Ih: 24.3093
P: 523.182
Pt: 510.047
Eta: 0.226466
Phi: 0.294749
NbPixelHit_noL1: 3
NOM_noL1: 16
FracOfValidHit: 0.944444
isHighPurityTrack: 1
miniRelIsoAll: 0.975334
IsoSumPt_dr03: 0
dz: 8.93636e+21
dxy: 6.10646e-24
normChi2: 0.186348
EoP: 0.00900202
Pterr: 135.253
Fpix: 1
RecoPFMET: 203.583
RecoPFMET_phi: 0.425351
RecoCaloMET: 533.709
RecoCaloMET_phi: -2.80965
Flag_allMETFilters: 0

      Run : 1 Lumi: 25 Event: 24321
HSCP type: 4
Ih: 9.70087
P: 1048.72
Pt: 998.407
Eta: 0.31614
Phi: -1.78807
NbPixelHit_noL1: 2
NOM_noL1: 16
FracOfValidHit: 1
isHighPurityTrack: 1
miniRelIsoAll: 0.00740234
IsoSumPt_dr03: 0
dz: 1.76563e+07
dxy: -2.57035e-21
normChi2: 0.267902
EoP: 0.00740234
Pterr: 135.214
Fpix: 0.977309
RecoPFMET: 715.26
RecoPFMET_phi: -1.0807
RecoCaloMET: 668.24
RecoCaloMET_phi: -1.08243
Flag_allMETFilters: 0

      Run : 1 Lumi: 25 Event: 24333
HSCP type: 0
Ih: 68.3034
P: 420.533
Pt: 400.998
Eta: -0.310888
Phi: -1.35412
NbPixelHit_noL1: 2
NOM_noL1: 6
FracOfValidHit: 1
isHighPurityTrack: 1
miniRelIsoAll: 1.32115
IsoSumPt_dr03: 0
dz: -0.994964
dxy: -6.55369e-21
normChi2: 0.162074
EoP: 0.0306388
Pterr: 97.3874
Fpix: 0.999912
RecoPFMET: 1058.9
RecoPFMET_phi: -1.4203
RecoCaloMET: 23.5281
RecoCaloMET_phi: 2.87812
Flag_allMETFilters: 0

      Run : 1 Lumi: 25 Event: 24324
HSCP type: 0
Ih: 23.4835
P: 725.464
Pt: 639.816
Eta: 0.511819
Phi: -2.8749
NbPixelHit_noL1: 3
NOM_noL1: 15
FracOfValidHit: 0.888889
isHighPurityTrack: 1
miniRelIsoAll: 1.71049
IsoSumPt_dr03: 0
dz: -1.70087e-31
dxy: 1.11505e+07
normChi2: 0.112306
EoP: 0
Pterr: 343.686
Fpix: 0.999999
RecoPFMET: 2437.54
RecoPFMET_phi: -0.195988
RecoCaloMET: 1528.99
RecoCaloMET_phi: -0.494713
Flag_allMETFilters: 0

      Run : 1 Lumi: 25 Event: 24334
HSCP type: 1
Ih: 4.08118
P: 4181.56
Pt: 1663.34
Eta: -1.57287
Phi: -0.409429
NbPixelHit_noL1: 3
NOM_noL1: 15
FracOfValidHit: 1
isHighPurityTrack: 1
miniRelIsoAll: 0.00219276
IsoSumPt_dr03: 0
dz: -5.63738e+30
dxy: 0
normChi2: 1.99088
EoP: 0.00219241
Pterr: 443.648
Fpix: 0.991353
RecoPFMET: 32.1565
RecoPFMET_phi: 0.367696
RecoCaloMET: 27.6129
RecoCaloMET_phi: -0.433452
Flag_allMETFilters: 0

      Run : 1 Lumi: 25 Event: 24332
HSCP type: 0
Ih: 10.881
P: 871.422
Pt: 315.686
Eta: -1.67397
Phi: -0.836168
NbPixelHit_noL1: 5
NOM_noL1: 18
FracOfValidHit: 0.95
isHighPurityTrack: 1
miniRelIsoAll: 1.21816
IsoSumPt_dr03: 0
dz: 5.59599e-16
dxy: -7.35848e+28
normChi2: 1.22681
EoP: 0.000573775
Pterr: 21.535
Fpix: 1
RecoPFMET: 486.77
RecoPFMET_phi: 2.78057
RecoCaloMET: 218.683
RecoCaloMET_phi: -2.59526
Flag_allMETFilters: 0

      Run : 1 Lumi: 25 Event: 24342
HSCP type: 4
Ih: 8.06242
P: 1539.67
Pt: 1490.24
Eta: -0.256859
Phi: 1.12252
NbPixelHit_noL1: 3
NOM_noL1: 14
FracOfValidHit: 0.9375
isHighPurityTrack: 1
miniRelIsoAll: 0.0117935
IsoSumPt_dr03: 0
dz: 1.81563e-29
dxy: 4.16817e+25
normChi2: 0.650216
EoP: 0.00857191
Pterr: 396.634
Fpix: 0.996017
RecoPFMET: 1079.46
RecoPFMET_phi: 1.13629
RecoCaloMET: 40.5657
RecoCaloMET_phi: 3.13934
Flag_allMETFilters: 0

      Run : 1 Lumi: 25 Event: 24335
HSCP type: 4
Ih: 2.59502
P: 149.984
Pt: 149.953
Eta: -0.0203444
Phi: -2.07385
NbPixelHit_noL1: 3
NOM_noL1: 7
FracOfValidHit: 0.733333
isHighPurityTrack: 1
miniRelIsoAll: 0
IsoSumPt_dr03: 0
dz: -0
dxy: 1.09483e-32
normChi2: 0.183693
EoP: 0
Pterr: 27.3939
Fpix: 0.999884
RecoPFMET: 67.7124
RecoPFMET_phi: 0.887625
RecoCaloMET: 12.5391
RecoCaloMET_phi: 1.69447
Flag_allMETFilters: 0

      Run : 1 Lumi: 25 Event: 24336
HSCP type: 0
Ih: 8.97537
P: 1474.12
Pt: 1094.21
Eta: 0.810906
Phi: 0.126951
NbPixelHit_noL1: 2
NOM_noL1: 11
FracOfValidHit: 1
isHighPurityTrack: 1
miniRelIsoAll: 1
IsoSumPt_dr03: 0
dz: 0.0147501
dxy: -6.28292e-34
normChi2: 0.410447
EoP: 0.000706594
Pterr: 303.928
Fpix: 0.999732
RecoPFMET: 80.7313
RecoPFMET_phi: 2.69062
RecoCaloMET: 37.6823
RecoCaloMET_phi: -3.13933
Flag_allMETFilters: 0

      Run : 1 Lumi: 25 Event: 24338
HSCP type: 0
Ih: 6.14248
P: 1612.4
Pt: 1232.33
Eta: -0.766491
Phi: -0.25179
NbPixelHit_noL1: 3
NOM_noL1: 16
FracOfValidHit: 1
isHighPurityTrack: 1
miniRelIsoAll: 1
IsoSumPt_dr03: 0
dz: -3.44866e-35
dxy: 1.02368e+12
normChi2: 0.558196
EoP: 0
Pterr: 161.394
Fpix: 0.965304
RecoPFMET: 337.498
RecoPFMET_phi: -3.12918
RecoCaloMET: 496.058
RecoCaloMET_phi: -2.85683
Flag_allMETFilters: 0

      Run : 1 Lumi: 25 Event: 24339
HSCP type: 0
Ih: 8.04886
P: 1669.17
Pt: 1639.75
Eta: 0.189157
Phi: 0.355662
NbPixelHit_noL1: 3
NOM_noL1: 15
FracOfValidHit: 1
isHighPurityTrack: 1
miniRelIsoAll: 0.957864
IsoSumPt_dr03: 0
dz: 8.06513e+23
dxy: 54727.3
normChi2: 0.259353
EoP: 0
Pterr: 682.589
Fpix: 0.99964
RecoPFMET: 175.063
RecoPFMET_phi: -2.88975
RecoCaloMET: 143.631
RecoCaloMET_phi: -2.10473
Flag_allMETFilters: 0

      Run : 1 Lumi: 25 Event: 24340
HSCP type: 4
Ih: 27.4728
P: 509.138
Pt: 465.882
Eta: 0.427656
Phi: 3.08448
NbPixelHit_noL1: 3
NOM_noL1: 5
FracOfValidHit: 0.428571
isHighPurityTrack: 1
miniRelIsoAll: 0
IsoSumPt_dr03: 0
dz: -9.73109e-25
dxy: -2.10326e-31
normChi2: 0.11831
EoP: 0
Pterr: 1184.78
Fpix: 1
RecoPFMET: 470.663
RecoPFMET_phi: 3.01569
RecoCaloMET: 449.745
RecoCaloMET_phi: 3.04736
Flag_allMETFilters: 0

      Run : 1 Lumi: 25 Event: 24344
HSCP type: 0
Ih: 8.04618
P: 1245.01
Pt: 1018.5
Eta: -0.655134
Phi: 0.404595
NbPixelHit_noL1: 3
NOM_noL1: 14
FracOfValidHit: 1
isHighPurityTrack: 1
miniRelIsoAll: 1.90654
IsoSumPt_dr03: 0
dz: -7.78078e-09
dxy: -1.67308e+24
normChi2: 0.285457
EoP: 0
Pterr: 299.148
Fpix: 0.999846
RecoPFMET: 560.301
RecoPFMET_phi: 0.318242
RecoCaloMET: 71.2632
RecoCaloMET_phi: 2.82539
Flag_allMETFilters: 0

      Run : 1 Lumi: 25 Event: 24337
HSCP type: 4
Ih: 3.27698
P: 176.998
Pt: 55.3703
Eta: -1.82982
Phi: 0.362252
NbPixelHit_noL1: 5
NOM_noL1: 22
FracOfValidHit: 1
isHighPurityTrack: 1
miniRelIsoAll: 1
IsoSumPt_dr03: 0
dz: 4.8381e-31
dxy: 5.77883e-09
normChi2: 0.881505
EoP: 1.45229
Pterr: 1.03936
Fpix: 0.898898
RecoPFMET: 393.495
RecoPFMET_phi: -2.49332
RecoCaloMET: 371.161
RecoCaloMET_phi: -2.55318
Flag_allMETFilters: 0

      Run : 1 Lumi: 25 Event: 24345
HSCP type: 0
Ih: 16.2255
P: 784.368
Pt: 585.079
Eta: 0.803577
Phi: 0.119529
NbPixelHit_noL1: 3
NOM_noL1: 14
FracOfValidHit: 1
isHighPurityTrack: 1
miniRelIsoAll: 0.996101
IsoSumPt_dr03: 0
dz: 3.23555e-25
dxy: 5.07956e+25
normChi2: 0.165667
EoP: 0.00842475
Pterr: 164.668
Fpix: 0.999696
RecoPFMET: 61.5925
RecoPFMET_phi: -2.93478
RecoCaloMET: 150.9
RecoCaloMET_phi: -2.20812
Flag_allMETFilters: 0

      Run : 1 Lumi: 25 Event: 24343
HSCP type: 0
Ih: 10.566
P: 839.179
Pt: 814.72
Eta: 0.244432
Phi: -0.148589
NbPixelHit_noL1: 4
NOM_noL1: 14
FracOfValidHit: 1
isHighPurityTrack: 1
miniRelIsoAll: 1.80788
IsoSumPt_dr03: 0
dz: -3.94644e+32
dxy: -5.03946e-23
normChi2: 0.473268
EoP: 0.0139381
Pterr: 219.114
Fpix: 0.999564
RecoPFMET: 1463.78
RecoPFMET_phi: 2.96228
RecoCaloMET: 38.7503
RecoCaloMET_phi: 2.08969
Flag_allMETFilters: 0

      Run : 1 Lumi: 25 Event: 24346
HSCP type: 0
Ih: 11.6485
P: 1161.67
Pt: 555.779
Eta: -1.36752
Phi: -1.6468
NbPixelHit_noL1: 3
NOM_noL1: 13
FracOfValidHit: 1
isHighPurityTrack: 1
miniRelIsoAll: 1.03876
IsoSumPt_dr03: 0
dz: -6.18301e+22
dxy: -1.34048e+26
normChi2: 0.668344
EoP: 0
Pterr: 48.7623
Fpix: 1
RecoPFMET: 251.796
RecoPFMET_phi: 1.12572
RecoCaloMET: 270.55
RecoCaloMET_phi: -1.44329
Flag_allMETFilters: 0

      Run : 1 Lumi: 25 Event: 24330
HSCP type: 0
Ih: 15.0284
P: 825.264
Pt: 400.52
Eta: -1.35119
Phi: -1.10007
NbPixelHit_noL1: 3
NOM_noL1: 11
FracOfValidHit: 1
isHighPurityTrack: 1
miniRelIsoAll: 0.783675
IsoSumPt_dr03: 0
dz: 3.26721e+13
dxy: -5.7622e+20
normChi2: 0.280484
EoP: 0
Pterr: 55.2505
Fpix: 0.999996
RecoPFMET: 207.131
RecoPFMET_phi: -1.23836
RecoCaloMET: 137.369
RecoCaloMET_phi: 1.3817
Flag_allMETFilters: 0

      Run : 1 Lumi: 25 Event: 24352
HSCP type: 0
Ih: 8.51706
P: 1063.01
Pt: 1035.85
Eta: 0.228496
Phi: -1.6161
NbPixelHit_noL1: 2
NOM_noL1: 17
FracOfValidHit: 0.947368
isHighPurityTrack: 1
miniRelIsoAll: 6.65948
IsoSumPt_dr03: 0
dz: -3.10575e-18
dxy: 1.64967e+26
normChi2: 0.674962
EoP: 0.00109564
Pterr: 272.483
Fpix: 0.982562
RecoPFMET: 5128.09
RecoPFMET_phi: 1.52191
RecoCaloMET: 1768.45
RecoCaloMET_phi: -1.62481
Flag_allMETFilters: 0

      Run : 1 Lumi: 25 Event: 24350
HSCP type: 4
Ih: 15.2074
P: 617.886
Pt: 581.351
Eta: 0.352695
Phi: -0.39797
NbPixelHit_noL1: 3
NOM_noL1: 16
FracOfValidHit: 1
isHighPurityTrack: 1
miniRelIsoAll: 0.0144693
IsoSumPt_dr03: 0
dz: 1.11413e-28
dxy: 7.19647e+34
normChi2: 0.424553
EoP: 0.0144693
Pterr: 90.3129
Fpix: 0.999611
RecoPFMET: 850.278
RecoPFMET_phi: -0.400922
RecoCaloMET: 16.1044
RecoCaloMET_phi: -0.820751
Flag_allMETFilters: 0

      Run : 1 Lumi: 25 Event: 24341
HSCP type: 0
Ih: 9.81333
P: 1669.62
Pt: 1660.18
Eta: -0.10656
Phi: 3.0339
NbPixelHit_noL1: 3
NOM_noL1: 11
FracOfValidHit: 0.944444
isHighPurityTrack: 1
miniRelIsoAll: 1.12947
IsoSumPt_dr03: 0
dz: -5.26602e-34
dxy: 7.85265e-31
normChi2: 1.08829
EoP: 0.00211335
Pterr: 448.823
Fpix: 0.994858
RecoPFMET: 2176.93
RecoPFMET_phi: -0.192241
RecoCaloMET: 321.807
RecoCaloMET_phi: -0.636648
Flag_allMETFilters: 0

      Run : 1 Lumi: 25 Event: 24353
HSCP type: 0
Ih: 8.76128
P: 1062.8
Pt: 796.728
Eta: 0.796068
Phi: -2.48224
NbPixelHit_noL1: 3
NOM_noL1: 17
FracOfValidHit: 1
isHighPurityTrack: 1
miniRelIsoAll: 1.3773
IsoSumPt_dr03: 0
dz: 5.43099e+23
dxy: 1.32679e-38
normChi2: 0.421385
EoP: 0.00656321
Pterr: 205.804
Fpix: 0.995221
RecoPFMET: 1100.07
RecoPFMET_phi: 0.661285
RecoCaloMET: 10.484
RecoCaloMET_phi: 2.83035
Flag_allMETFilters: 0

      Run : 1 Lumi: 25 Event: 24348
HSCP type: 1
Ih: 29.3823
P: 514.939
Pt: 487.6
Eta: 0.333324
Phi: 0.418875
NbPixelHit_noL1: 3
NOM_noL1: 15
FracOfValidHit: 1
isHighPurityTrack: 1
miniRelIsoAll: 0.0790873
IsoSumPt_dr03: 0
dz: -1.77412e+35
dxy: 1.68358e+37
normChi2: 0.162384
EoP: 0.0790873
Pterr: 76.5629
Fpix: 0.999999
RecoPFMET: 794.46
RecoPFMET_phi: 0.345131
RecoCaloMET: 34.6867
RecoCaloMET_phi: 3.03159
Flag_allMETFilters: 0

      Run : 1 Lumi: 25 Event: 24354
HSCP type: 0
Ih: 15.017
P: 772.017
Pt: 430.556
Eta: 1.18827
Phi: -0.202563
NbPixelHit_noL1: 2
NOM_noL1: 12
FracOfValidHit: 1
isHighPurityTrack: 1
miniRelIsoAll: 1.13213
IsoSumPt_dr03: 0
dz: 2.63522e+20
dxy: 230.936
normChi2: 0.440449
EoP: 0.0132307
Pterr: 60.9545
Fpix: 0.997014
RecoPFMET: 496.4
RecoPFMET_phi: 2.9603
RecoCaloMET: 26.6853
RecoCaloMET_phi: 2.96283
Flag_allMETFilters: 0

      Run : 1 Lumi: 25 Event: 24349
HSCP type: 0
Ih: 7.57064
P: 1529.56
Pt: 306.122
Eta: 2.29173
Phi: 2.9961
NbPixelHit_noL1: 6
NOM_noL1: 20
FracOfValidHit: 1
isHighPurityTrack: 1
miniRelIsoAll: 1.0147
IsoSumPt_dr03: 0
dz: 1.44757e-23
dxy: 9.2744e+35
normChi2: 0.639203
EoP: 0
Pterr: 54.0498
Fpix: 0.999992
RecoPFMET: 92.4053
RecoPFMET_phi: -2.33158
RecoCaloMET: 384.68
RecoCaloMET_phi: -3.07497
Flag_allMETFilters: 0

      Run : 1 Lumi: 25 Event: 24351
HSCP type: 0
Ih: 5.99121
P: 1501.4
Pt: 834.229
Eta: 1.19274
Phi: 1.56851
NbPixelHit_noL1: 3
NOM_noL1: 12
FracOfValidHit: 1
isHighPurityTrack: 1
miniRelIsoAll: 1
IsoSumPt_dr03: 0
dz: -1.7415e-32
dxy: 6.97717e+30
normChi2: 2.5659
EoP: 0.00382925
Pterr: 101.431
Fpix: 0.999409
RecoPFMET: 562.507
RecoPFMET_phi: -1.44473
RecoCaloMET: 217.91
RecoCaloMET_phi: 1.39777
Flag_allMETFilters: 0

      Run : 1 Lumi: 25 Event: 24362
HSCP type: 0
Ih: 14.7806
P: 1016.55
Pt: 734.4
Eta: -0.850686
Phi: 0.231636
NbPixelHit_noL1: 3
NOM_noL1: 17
FracOfValidHit: 1
isHighPurityTrack: 1
miniRelIsoAll: 0.72534
IsoSumPt_dr03: 0
dz: -0.00173288
dxy: 2.32076e-23
normChi2: 0.0504205
EoP: 0
Pterr: 89.6248
Fpix: 1
RecoPFMET: 510.203
RecoPFMET_phi: -2.91744
RecoCaloMET: 18.5258
RecoCaloMET_phi: 0.678321
Flag_allMETFilters: 0

      Run : 1 Lumi: 25 Event: 24358
HSCP type: 0
Ih: 12.2537
P: 874.546
Pt: 862.068
Eta: 0.169938
Phi: 0.600783
NbPixelHit_noL1: 1
NOM_noL1: 14
FracOfValidHit: 0.933333
isHighPurityTrack: 1
miniRelIsoAll: 1.17593
IsoSumPt_dr03: 0
dz: -2.50262e-18
dxy: 8.47275e+19
normChi2: 0.0203681
EoP: 0.011917
Pterr: 117.19
Fpix: 0.874214
RecoPFMET: 1021.31
RecoPFMET_phi: -2.54395
RecoCaloMET: 25.0026
RecoCaloMET_phi: -2.40167
Flag_allMETFilters: 0

      Run : 1 Lumi: 25 Event: 24355
HSCP type: 0
Ih: 7.44266
P: 1325.92
Pt: 1325.78
Eta: 0.0141736
Phi: 1.2927
NbPixelHit_noL1: 1
NOM_noL1: 14
FracOfValidHit: 1
isHighPurityTrack: 1
miniRelIsoAll: 1.24017
IsoSumPt_dr03: 0
dz: -9.2024e+20
dxy: 7.59281e-09
normChi2: 0.859616
EoP: 0.00626079
Pterr: 669.887
Fpix: 1
RecoPFMET: 175.543
RecoPFMET_phi: -1.74093
RecoCaloMET: 117.695
RecoCaloMET_phi: -2.6227
Flag_allMETFilters: 0

      Run : 1 Lumi: 25 Event: 24366
HSCP type: 0
Ih: 8.66475
P: 1347.23
Pt: 1337.9
Eta: 0.118001
Phi: -2.90985
NbPixelHit_noL1: 3
NOM_noL1: 16
FracOfValidHit: 1
isHighPurityTrack: 1
miniRelIsoAll: 1
IsoSumPt_dr03: 0
dz: -6.22878e+31
dxy: 1.2491e+31
normChi2: 0.315606
EoP: 0.0114834
Pterr: 371.19
Fpix: 0.972367
RecoPFMET: 332.138
RecoPFMET_phi: -2.77275
RecoCaloMET: 71.0784
RecoCaloMET_phi: 1.57025
Flag_allMETFilters: 0

      Run : 1 Lumi: 25 Event: 24361
HSCP type: 0
Ih: 8.58481
P: 1614.15
Pt: 1534.08
Eta: -0.321696
Phi: -2.81438
NbPixelHit_noL1: 3
NOM_noL1: 15
FracOfValidHit: 1
isHighPurityTrack: 1
miniRelIsoAll: 0.787961
IsoSumPt_dr03: 0
dz: -10838
dxy: 5.59831e-17
normChi2: 0.117577
EoP: 0.000253887
Pterr: 740.261
Fpix: 0.999311
RecoPFMET: 1285.93
RecoPFMET_phi: 0.601387
RecoCaloMET: 287.185
RecoCaloMET_phi: 1.75622
Flag_allMETFilters: 0

      Run : 1 Lumi: 25 Event: 24360
HSCP type: 4
Ih: 36.9418
P: 398.612
Pt: 396.545
Eta: -0.10205
Phi: -0.18908
NbPixelHit_noL1: 2
NOM_noL1: 15
FracOfValidHit: 1
isHighPurityTrack: 1
miniRelIsoAll: 0
IsoSumPt_dr03: 0
dz: -179.34
dxy: -9.29465e+29
normChi2: 0.122899
EoP: 0
Pterr: 78.6538
Fpix: 0.999799
RecoPFMET: 141.632
RecoPFMET_phi: -1.1183
RecoCaloMET: 136.27
RecoCaloMET_phi: -1.14974
Flag_allMETFilters: 0

      Run : 1 Lumi: 25 Event: 24363
HSCP type: 0
Ih: 15.7776
P: 808.302
Pt: 630.338
Eta: -0.734797
Phi: -1.79546
NbPixelHit_noL1: 3
NOM_noL1: 15
FracOfValidHit: 1
isHighPurityTrack: 1
miniRelIsoAll: 1.1124
IsoSumPt_dr03: 0
dz: 2.55878e+12
dxy: 5.26802e+26
normChi2: 0.51591
EoP: 0.0132909
Pterr: 122.48
Fpix: 0.999959
RecoPFMET: 670.904
RecoPFMET_phi: 1.30409
RecoCaloMET: 19.0222
RecoCaloMET_phi: -0.332687
Flag_allMETFilters: 0

      Run : 1 Lumi: 25 Event: 24367
HSCP type: 0
Ih: 15.4681
P: 814.832
Pt: 440.701
Eta: -1.22499
Phi: 2.93868
NbPixelHit_noL1: 4
NOM_noL1: 14
FracOfValidHit: 1
isHighPurityTrack: 1
miniRelIsoAll: 1.68688
IsoSumPt_dr03: 0
dz: -7.42512e+21
dxy: 5.08366e-24
normChi2: 0.48735
EoP: 0
Pterr: 42.0607
Fpix: 0.999994
RecoPFMET: 401.734
RecoPFMET_phi: -0.156087
RecoCaloMET: 60.2618
RecoCaloMET_phi: 0.15782
Flag_allMETFilters: 0

      Run : 1 Lumi: 25 Event: 24365
HSCP type: 4
Ih: 3.46888
P: 401.253
Pt: 94.4786
Eta: -2.12521
Phi: -1.98353
NbPixelHit_noL1: 7
NOM_noL1: 21
FracOfValidHit: 1
isHighPurityTrack: 1
miniRelIsoAll: 1
IsoSumPt_dr03: 0
dz: 0.091512
dxy: -3.57245e-38
normChi2: 1.27921
EoP: 1.08594
Pterr: 3.9596
Fpix: 0.698229
RecoPFMET: 307.826
RecoPFMET_phi: 0.671695
RecoCaloMET: 231.692
RecoCaloMET_phi: 0.659707
Flag_allMETFilters: 0

      Run : 1 Lumi: 25 Event: 24371
HSCP type: 1
Ih: 12.1323
P: 935.37
Pt: 822.069
Eta: -0.519173
Phi: 0.854027
NbPixelHit_noL1: 4
NOM_noL1: 14
FracOfValidHit: 1
isHighPurityTrack: 1
miniRelIsoAll: 0.00640131
IsoSumPt_dr03: 0
dz: -1.3734e+26
dxy: 1.81359e+23
normChi2: 0.100948
EoP: 0.00639497
Pterr: 250.978
Fpix: 0.999985
RecoPFMET: 251.554
RecoPFMET_phi: 0.197069
RecoCaloMET: 260.062
RecoCaloMET_phi: 0.261952
Flag_allMETFilters: 0

      Run : 1 Lumi: 25 Event: 24373
HSCP type: 0
Ih: 15.5828
P: 818.798
Pt: 430.065
Eta: -1.2596
Phi: 2.71409
NbPixelHit_noL1: 4
NOM_noL1: 12
FracOfValidHit: 1
isHighPurityTrack: 1
miniRelIsoAll: 0.910445
IsoSumPt_dr03: 0
dz: -9.25603e-33
dxy: -9.08069e-29
normChi2: 0.240097
EoP: 0.00597533
Pterr: 45.8568
Fpix: 1
RecoPFMET: 389.037
RecoPFMET_phi: -0.2453
RecoCaloMET: 45.0687
RecoCaloMET_phi: 1.13675
Flag_allMETFilters: 0

      Run : 1 Lumi: 25 Event: 24369
HSCP type: 0
Ih: 11.6928
P: 892.338
Pt: 875.096
Eta: -0.19818
Phi: 1.34063
NbPixelHit_noL1: 3
NOM_noL1: 17
FracOfValidHit: 1
isHighPurityTrack: 1
miniRelIsoAll: 1.01623
IsoSumPt_dr03: 0
dz: -8.8446e-13
dxy: -1.83389e-11
normChi2: 0.354206
EoP: 0.00527574
Pterr: 97.1026
Fpix: 0.994668
RecoPFMET: 28.1833
RecoPFMET_phi: 0.470944
RecoCaloMET: 76.2531
RecoCaloMET_phi: 2.26057
Flag_allMETFilters: 0

      Run : 1 Lumi: 25 Event: 24372
HSCP type: 0
Ih: 14.7342
P: 101.634
Pt: 87.4271
Eta: 0.562629
Phi: 1.38002
NbPixelHit_noL1: 1
NOM_noL1: 11
FracOfValidHit: 0.933333
isHighPurityTrack: 0
miniRelIsoAll: 1
IsoSumPt_dr03: 0
dz: 4.94445e+16
dxy: -9.69333e-29
normChi2: 4.98116
EoP: 0
Pterr: 3.68211
Fpix: 1
RecoPFMET: 90.1859
RecoPFMET_phi: -2.67766
RecoCaloMET: 70.3631
RecoCaloMET_phi: 2.59757
Flag_allMETFilters: 0

      Run : 1 Lumi: 25 Event: 24374
HSCP type: 0
Ih: 15.7055
P: 782.662
Pt: 510.477
Eta: -0.991544
Phi: -1.47166
NbPixelHit_noL1: 2
NOM_noL1: 12
FracOfValidHit: 1
isHighPurityTrack: 1
miniRelIsoAll: 1.13891
IsoSumPt_dr03: 0
dz: 1.02498e-24
dxy: -11484.1
normChi2: 0.232587
EoP: 0.00561112
Pterr: 179.583
Fpix: 0.999996
RecoPFMET: 139.022
RecoPFMET_phi: 1.4404
RecoCaloMET: 35.6126
RecoCaloMET_phi: -0.687284
Flag_allMETFilters: 0

      Run : 1 Lumi: 25 Event: 24378
HSCP type: 0
Ih: 11.3204
P: 995.669
Pt: 261.833
Eta: -2.0111
Phi: 0.17262
NbPixelHit_noL1: 5
NOM_noL1: 24
FracOfValidHit: 1
isHighPurityTrack: 1
miniRelIsoAll: 1.3947
IsoSumPt_dr03: 0
dz: 1.03381e-18
dxy: -9.63247e+23
normChi2: 0.506586
EoP: 0
Pterr: 35.3433
Fpix: 1
RecoPFMET: 354.859
RecoPFMET_phi: -2.98272
RecoCaloMET: 10.2668
RecoCaloMET_phi: -2.31921
Flag_allMETFilters: 0

      Run : 1 Lumi: 25 Event: 24375
HSCP type: 0
Ih: 22.3695
P: 656.115
Pt: 419.6
Eta: -1.01732
Phi: 1.74108
NbPixelHit_noL1: 3
NOM_noL1: 9
FracOfValidHit: 1
isHighPurityTrack: 1
miniRelIsoAll: 0.898267
IsoSumPt_dr03: 0
dz: -124.857
dxy: -7.43227e-12
normChi2: 0.262454
EoP: 0
Pterr: 132.197
Fpix: 0.999993
RecoPFMET: 323.09
RecoPFMET_phi: -1.13183
RecoCaloMET: 70.6006
RecoCaloMET_phi: 1.00472
Flag_allMETFilters: 0

      Run : 1 Lumi: 25 Event: 24376
HSCP type: 0
Ih: 7.9604
P: 235.626
Pt: 234.303
Eta: -0.106221
Phi: 0.661647
NbPixelHit_noL1: 1
NOM_noL1: 11
FracOfValidHit: 0.866667
isHighPurityTrack: 0
miniRelIsoAll: 0
IsoSumPt_dr03: 0
dz: 2.53634e-08
dxy: -4.35464e+15
normChi2: 5.60836
EoP: 0
Pterr: 22.4734
Fpix: 0.997014
RecoPFMET: 116.779
RecoPFMET_phi: -2.04204
RecoCaloMET: 103.594
RecoCaloMET_phi: -2.23751
Flag_allMETFilters: 0

      Run : 1 Lumi: 25 Event: 24380
HSCP type: 0
Ih: 26.9274
P: 598.055
Pt: 367.36
Eta: -1.06906
Phi: -0.9816
NbPixelHit_noL1: 3
NOM_noL1: 9
FracOfValidHit: 1
isHighPurityTrack: 1
miniRelIsoAll: 1.894
IsoSumPt_dr03: 0
dz: -2003.17
dxy: 3.05217e-18
normChi2: 0.142761
EoP: 0
Pterr: 83.0729
Fpix: 1
RecoPFMET: 296.633
RecoPFMET_phi: 2.20991
RecoCaloMET: 226.732
RecoCaloMET_phi: 1.05723
Flag_allMETFilters: 0

      Run : 1 Lumi: 25 Event: 24381
HSCP type: 0
Ih: 12.7521
P: 1100.03
Pt: 1063.13
Eta: 0.262704
Phi: 0.122657
NbPixelHit_noL1: 2
NOM_noL1: 13
FracOfValidHit: 0.933333
isHighPurityTrack: 1
miniRelIsoAll: 0.94433
IsoSumPt_dr03: 0
dz: -6.04162e+37
dxy: -1.78565e+25
normChi2: 0.15555
EoP: 0.00468217
Pterr: 439.11
Fpix: 0.998315
RecoPFMET: 1026.6
RecoPFMET_phi: -3.01645
RecoCaloMET: 21.0296
RecoCaloMET_phi: 3.07678
Flag_allMETFilters: 0

      Run : 1 Lumi: 25 Event: 24377
HSCP type: 0
Ih: 7.7321
P: 1278.77
Pt: 869.481
Eta: -0.935763
Phi: -2.06368
NbPixelHit_noL1: 3
NOM_noL1: 12
FracOfValidHit: 1
isHighPurityTrack: 1
miniRelIsoAll: 1.00264
IsoSumPt_dr03: 0
dz: 9.75542e+11
dxy: -4.48314e+13
normChi2: 0.294141
EoP: 0.00752593
Pterr: 274.277
Fpix: 0.999834
RecoPFMET: 151.891
RecoPFMET_phi: -2.19599
RecoCaloMET: 50.3729
RecoCaloMET_phi: -3.06181
Flag_allMETFilters: 0

      Run : 1 Lumi: 25 Event: 24385
HSCP type: 0
Ih: 10.4562
P: 968.827
Pt: 209.733
Eta: -2.21147
Phi: 1.97995
NbPixelHit_noL1: 4
NOM_noL1: 19
FracOfValidHit: 1
isHighPurityTrack: 1
miniRelIsoAll: 0.963777
IsoSumPt_dr03: 0
dz: 0.00231739
dxy: 5.90819e-28
normChi2: 0.761837
EoP: 0
Pterr: 23.8582
Fpix: 0.999998
RecoPFMET: 231.907
RecoPFMET_phi: -1.33552
RecoCaloMET: 31.8826
RecoCaloMET_phi: -2.93433
Flag_allMETFilters: 0

      Run : 1 Lumi: 25 Event: 24384
HSCP type: 0
Ih: 19.821
P: 649.42
Pt: 581.23
Eta: -0.479783
Phi: -2.12887
NbPixelHit_noL1: 3
NOM_noL1: 14
FracOfValidHit: 1
isHighPurityTrack: 1
miniRelIsoAll: 1.6656
IsoSumPt_dr03: 0
dz: -9.96988e-15
dxy: 1.02174e-23
normChi2: 0.0135192
EoP: 0.00509681
Pterr: 134.093
Fpix: 0.999997
RecoPFMET: 952.215
RecoPFMET_phi: 1.01715
RecoCaloMET: 61.5589
RecoCaloMET_phi: 3.10944
Flag_allMETFilters: 0

      Run : 1 Lumi: 25 Event: 24387
HSCP type: 0
Ih: 11.4154
P: 902.167
Pt: 284.977
Eta: 1.8196
Phi: 2.7824
NbPixelHit_noL1: 4
NOM_noL1: 20
FracOfValidHit: 1
isHighPurityTrack: 1
miniRelIsoAll: 1.08447
IsoSumPt_dr03: 0
dz: 77.9843
dxy: -1.66599e-13
normChi2: 0.692515
EoP: 0
Pterr: 21.1548
Fpix: 0.999998
RecoPFMET: 58.5162
RecoPFMET_phi: -0.624732
RecoCaloMET: 36.019
RecoCaloMET_phi: 2.89826
Flag_allMETFilters: 0

      Run : 1 Lumi: 25 Event: 24390
HSCP type: 0
Ih: 14.2899
P: 792.494
Pt: 763.903
Eta: 0.27275
Phi: -1.82527
NbPixelHit_noL1: 3
NOM_noL1: 14
FracOfValidHit: 1
isHighPurityTrack: 1
miniRelIsoAll: 1.5511
IsoSumPt_dr03: 0
dz: -1.6722e-21
dxy: -0.0481395
normChi2: 0.450509
EoP: 0.00356585
Pterr: 104.258
Fpix: 0.997243
RecoPFMET: 1160.76
RecoPFMET_phi: 1.31488
RecoCaloMET: 38.5392
RecoCaloMET_phi: -1.77394
Flag_allMETFilters: 0

      Run : 1 Lumi: 25 Event: 24370
HSCP type: 0
Ih: 8.52428
P: 1009.21
Pt: 230.207
Eta: -2.15783
Phi: -2.0909
NbPixelHit_noL1: 4
NOM_noL1: 15
FracOfValidHit: 0.894737
isHighPurityTrack: 1
miniRelIsoAll: 1.15778
IsoSumPt_dr03: 0
dz: -2.19161e+32
dxy: -2.72902e-11
normChi2: 1.57024
EoP: 0
Pterr: 36.8966
Fpix: 0.99987
RecoPFMET: 8367.98
RecoPFMET_phi: 1.18991
RecoCaloMET: 11039.2
RecoCaloMET_phi: 1.13912
Flag_allMETFilters: 0

      Run : 1 Lumi: 25 Event: 24389
HSCP type: 0
Ih: 8.63
P: 715.998
Pt: 714.795
Eta: 0.0579906
Phi: -1.03629
NbPixelHit_noL1: 3
NOM_noL1: 16
FracOfValidHit: 1
isHighPurityTrack: 1
miniRelIsoAll: 1
IsoSumPt_dr03: 0
dz: -7.91765e+36
dxy: 1.65108e-31
normChi2: 0.791654
EoP: 0.0048222
Pterr: 119.663
Fpix: 0.986706
RecoPFMET: 682.154
RecoPFMET_phi: 2.06077
RecoCaloMET: 12.4159
RecoCaloMET_phi: 1.01348
Flag_allMETFilters: 0

      Run : 1 Lumi: 25 Event: 24396
HSCP type: 4
Ih: 35.613
P: 387.796
Pt: 371.032
Eta: 0.299489
Phi: -2.77029
NbPixelHit_noL1: 3
NOM_noL1: 18
FracOfValidHit: 1
isHighPurityTrack: 1
miniRelIsoAll: 0
IsoSumPt_dr03: 0
dz: 1.28872e+07
dxy: -1.74334e-38
normChi2: 0.0322441
EoP: 0
Pterr: 69.6733
Fpix: 0.999999
RecoPFMET: 479.999
RecoPFMET_phi: -2.75157
RecoCaloMET: 43.1153
RecoCaloMET_phi: 1.02709
Flag_allMETFilters: 0

      Run : 1 Lumi: 25 Event: 24386
HSCP type: 0
Ih: 8.86523
P: 1494.01
Pt: 597.537
Eta: 1.56692
Phi: -2.01979
NbPixelHit_noL1: 3
NOM_noL1: 18
FracOfValidHit: 0.958333
isHighPurityTrack: 1
miniRelIsoAll: 1.07561
IsoSumPt_dr03: 0
dz: -3.74946e-22
dxy: -1.51145e+13
normChi2: 0.9599
EoP: 0
Pterr: 64.9261
Fpix: 0.999999
RecoPFMET: 965.793
RecoPFMET_phi: 2.03831
RecoCaloMET: 750.298
RecoCaloMET_phi: 2.69895
Flag_allMETFilters: 0

      Run : 1 Lumi: 25 Event: 24400
HSCP type: 0
Ih: 60.8528
P: 500.058
Pt: 487.157
Eta: 0.22964
Phi: 2.40611
NbPixelHit_noL1: 3
NOM_noL1: 9
FracOfValidHit: 1
isHighPurityTrack: 1
miniRelIsoAll: 1.36647
IsoSumPt_dr03: 0
dz: -3.18397e-12
dxy: -1.6049e+09
normChi2: 0.0252658
EoP: 0.010585
Pterr: 134.628
Fpix: 0.998567
RecoPFMET: 610.426
RecoPFMET_phi: -0.641323
RecoCaloMET: 37.6653
RecoCaloMET_phi: 2.3929
Flag_allMETFilters: 0

      Run : 1 Lumi: 25 Event: 24395
HSCP type: 1
Ih: 27.5215
P: 405.219
Pt: 380.802
Eta: -0.356218
Phi: -0.197597
NbPixelHit_noL1: 2
NOM_noL1: 14
FracOfValidHit: 1
isHighPurityTrack: 1
miniRelIsoAll: 0.00857627
IsoSumPt_dr03: 0
dz: -2.21864e+06
dxy: -2.97435e-37
normChi2: 0.0720835
EoP: 0.00857627
Pterr: 78.0354
Fpix: 0.999999
RecoPFMET: 364.137
RecoPFMET_phi: -0.18327
RecoCaloMET: 133.953
RecoCaloMET_phi: -2.99179
Flag_allMETFilters: 0

      Run : 1 Lumi: 25 Event: 24404
HSCP type: 4
Ih: 32.4849
P: 336.276
Pt: 315.811
Eta: 0.358088
Phi: 0.644774
NbPixelHit_noL1: 0
NOM_noL1: 11
FracOfValidHit: 1
isHighPurityTrack: 1
miniRelIsoAll: 0.0170004
IsoSumPt_dr03: 0
dz: 2.99673e-09
dxy: 4.40931e+19
normChi2: 0.0490874
EoP: 0.0170004
Pterr: 40.9804
Fpix: 1
RecoPFMET: 39.1729
RecoPFMET_phi: 2.47978
RecoCaloMET: 23.2487
RecoCaloMET_phi: 2.70935
Flag_allMETFilters: 0

      Run : 1 Lumi: 25 Event: 24394
HSCP type: 4
Ih: 24.859
P: 478.024
Pt: 348.965
Eta: 0.835522
Phi: -0.756038
NbPixelHit_noL1: 3
NOM_noL1: 18
FracOfValidHit: 1
isHighPurityTrack: 1
miniRelIsoAll: 0
IsoSumPt_dr03: 0
dz: 9.24668e-14
dxy: -1.03991e+36
normChi2: 0.24413
EoP: 0
Pterr: 38.766
Fpix: 1
RecoPFMET: 95.5122
RecoPFMET_phi: 2.37203
RecoCaloMET: 70.6262
RecoCaloMET_phi: 2.07415
Flag_allMETFilters: 0

      Run : 1 Lumi: 25 Event: 24392
HSCP type: 1
Ih: 6.54162
P: 2125.11
Pt: 2104.12
Eta: 0.141132
Phi: -2.2905
NbPixelHit_noL1: 3
NOM_noL1: 15
FracOfValidHit: 0.9375
isHighPurityTrack: 1
miniRelIsoAll: 0
IsoSumPt_dr03: 0
dz: -2.69259e+19
dxy: 2.29721e+38
normChi2: 0.746458
EoP: 0
Pterr: 761.471
Fpix: 0.999924
RecoPFMET: 51.5975
RecoPFMET_phi: -1.37264
RecoCaloMET: 51.5995
RecoCaloMET_phi: -1.52055
Flag_allMETFilters: 0

      Run : 1 Lumi: 25 Event: 24403
HSCP type: 0
Ih: 12.0004
P: 777.209
Pt: 761.34
Eta: -0.203817
Phi: 2.97624
NbPixelHit_noL1: 3
NOM_noL1: 19
FracOfValidHit: 1
isHighPurityTrack: 1
miniRelIsoAll: 0.956343
IsoSumPt_dr03: 0
dz: 7.44006e+12
dxy: -5.93314
normChi2: 0.431832
EoP: 0.0180459
Pterr: 211.05
Fpix: 0.998535
RecoPFMET: 737.688
RecoPFMET_phi: -0.113353
RecoCaloMET: 43.1705
RecoCaloMET_phi: 0.664235
Flag_allMETFilters: 0

      Run : 1 Lumi: 25 Event: 24398
HSCP type: 0
Ih: 7.25364
P: 763.51
Pt: 279.764
Eta: -1.66173
Phi: 2.79305
NbPixelHit_noL1: 0
NOM_noL1: 12
FracOfValidHit: 0.866667
isHighPurityTrack: 1
miniRelIsoAll: 1
IsoSumPt_dr03: 0
dz: 8.7382e+17
dxy: 1.01071e+20
normChi2: 1.12186
EoP: 0
Pterr: 105.662
Fpix: 1
RecoPFMET: 293.939
RecoPFMET_phi: 2.74993
RecoCaloMET: 82.9802
RecoCaloMET_phi: -1.9698
Flag_allMETFilters: 0

      Run : 1 Lumi: 25 Event: 24405
HSCP type: 0
Ih: 10.407
P: 1311
Pt: 681.964
Eta: -1.27094
Phi: 0.471747
NbPixelHit_noL1: 2
NOM_noL1: 8
FracOfValidHit: 0.909091
isHighPurityTrack: 1
miniRelIsoAll: 1.54244
IsoSumPt_dr03: 0
dz: -4.80495e-37
dxy: 1.17776e-30
normChi2: 0.605624
EoP: 0
Pterr: 172.152
Fpix: 0.999696
RecoPFMET: 431.614
RecoPFMET_phi: 0.578217
RecoCaloMET: 40.8962
RecoCaloMET_phi: 0.0705303
Flag_allMETFilters: 0

      Run : 1 Lumi: 25 Event: 24401
HSCP type: 0
Ih: 6.32091
P: 2025.93
Pt: 1800.47
Eta: -0.495363
Phi: -0.477434
NbPixelHit_noL1: 2
NOM_noL1: 15
FracOfValidHit: 1
isHighPurityTrack: 1
miniRelIsoAll: 1
IsoSumPt_dr03: 0
dz: 8.32995e+09
dxy: -2.62529e+35
normChi2: 0.44604
EoP: 0.00134376
Pterr: 485.348
Fpix: 0.958119
RecoPFMET: 398.998
RecoPFMET_phi: 2.67125
RecoCaloMET: 162.101
RecoCaloMET_phi: 0.241684
Flag_allMETFilters: 0

      Run : 1 Lumi: 25 Event: 24397
HSCP type: 0
Ih: 7.02638
P: 1648.21
Pt: 1325.84
Eta: -0.68393
Phi: 1.61249
NbPixelHit_noL1: 1
NOM_noL1: 14
FracOfValidHit: 0.9375
isHighPurityTrack: 1
miniRelIsoAll: 9.77528
IsoSumPt_dr03: 0
dz: 1.6023e-34
dxy: 6.37164e-30
normChi2: 0.503919
EoP: 0.00600005
Pterr: 527.299
Fpix: 0.999781
RecoPFMET: 12969.2
RecoPFMET_phi: -1.53065
RecoCaloMET: 37.7298
RecoCaloMET_phi: -1.2213
Flag_allMETFilters: 0

      Run : 1 Lumi: 25 Event: 24408
HSCP type: 0
Ih: 7.99233
P: 1469.23
Pt: 1398.03
Eta: -0.317803
Phi: 1.08618
NbPixelHit_noL1: 3
NOM_noL1: 17
FracOfValidHit: 1
isHighPurityTrack: 1
miniRelIsoAll: 1
IsoSumPt_dr03: 0
dz: -5.35554e-20
dxy: -3.39489e+19
normChi2: 0.767209
EoP: 0.00408378
Pterr: 324.087
Fpix: 0.999736
RecoPFMET: 115.019
RecoPFMET_phi: 0.967687
RecoCaloMET: 201.696
RecoCaloMET_phi: -2.1406
Flag_allMETFilters: 0

      Run : 1 Lumi: 25 Event: 24409
HSCP type: 0
Ih: 6.0314
P: 2289.65
Pt: 1766.11
Eta: 0.752128
Phi: -0.963305
NbPixelHit_noL1: 3
NOM_noL1: 17
FracOfValidHit: 1
isHighPurityTrack: 1
miniRelIsoAll: 0.762886
IsoSumPt_dr03: 0
dz: 4.90924e-29
dxy: -1.53181e-20
normChi2: 0.594287
EoP: 0.00520515
Pterr: 446.027
Fpix: 0.970043
RecoPFMET: 1340.27
RecoPFMET_phi: 2.19664
RecoCaloMET: 20.8871
RecoCaloMET_phi: -2.73392
Flag_allMETFilters: 0

      Run : 1 Lumi: 25 Event: 24399
HSCP type: 1
Ih: 8.03673
P: 1232.58
Pt: 593.359
Eta: -1.36048
Phi: -1.27382
NbPixelHit_noL1: 3
NOM_noL1: 10
FracOfValidHit: 1
isHighPurityTrack: 1
miniRelIsoAll: 0.0073417
IsoSumPt_dr03: 0
dz: -1.24281e+09
dxy: -9.12926e-08
normChi2: 0.443365
EoP: 0.0073417
Pterr: 152.086
Fpix: 0.999806
RecoPFMET: 96.4486
RecoPFMET_phi: -0.970807
RecoCaloMET: 36.5611
RecoCaloMET_phi: -0.321217
Flag_allMETFilters: 0

      Run : 1 Lumi: 25 Event: 24407
HSCP type: 0
Ih: 20.9661
P: 899.475
Pt: 883.031
Eta: -0.19269
Phi: -2.60645
NbPixelHit_noL1: 3
NOM_noL1: 15
FracOfValidHit: 1
isHighPurityTrack: 1
miniRelIsoAll: 7.86235
IsoSumPt_dr03: 0
dz: -1015.77
dxy: -8.45493e+28
normChi2: 0.0762203
EoP: 0.00687173
Pterr: 296.44
Fpix: 0.999985
RecoPFMET: 6644.93
RecoPFMET_phi: 0.534965
RecoCaloMET: 45.5713
RecoCaloMET_phi: -2.66234
Flag_allMETFilters: 0

      Run : 1 Lumi: 25 Event: 24410
HSCP type: 0
Ih: 17.2019
P: 802.783
Pt: 756.988
Eta: 0.34611
Phi: 2.69941
NbPixelHit_noL1: 3
NOM_noL1: 18
FracOfValidHit: 1
isHighPurityTrack: 1
miniRelIsoAll: 1.5202
IsoSumPt_dr03: 0
dz: 2.48008e+15
dxy: 9.59365e-24
normChi2: 0.14118
EoP: 0.00684672
Pterr: 216.956
Fpix: 0.996793
RecoPFMET: 91.349
RecoPFMET_phi: -0.183054
RecoCaloMET: 5.11905
RecoCaloMET_phi: 1.43337
Flag_allMETFilters: 0

      Run : 1 Lumi: 25 Event: 24413
HSCP type: 0
Ih: 14.6414
P: 1062.55
Pt: 677.23
Eta: 1.02171
Phi: 1.97553
NbPixelHit_noL1: 3
NOM_noL1: 7
FracOfValidHit: 1
isHighPurityTrack: 1
miniRelIsoAll: 3.18655
IsoSumPt_dr03: 0
dz: 675706
dxy: 1.23884e+18
normChi2: 0.524032
EoP: 0.00564679
Pterr: 144.879
Fpix: 0.997479
RecoPFMET: 3388.13
RecoPFMET_phi: -1.19995
RecoCaloMET: 3372.57
RecoCaloMET_phi: -1.1711
Flag_allMETFilters: 0

      Run : 1 Lumi: 25 Event: 24402
HSCP type: 4
Ih: 3.99449
P: 146.549
Pt: 45.1408
Eta: 1.84611
Phi: -0.878983
NbPixelHit_noL1: 7
NOM_noL1: 17
FracOfValidHit: 0.96
isHighPurityTrack: 1
miniRelIsoAll: 1
IsoSumPt_dr03: 0
dz: -2.46069e+36
dxy: 2.27476e+30
normChi2: 0.935265
EoP: 1.05776
Pterr: 1.06931
Fpix: 0.841373
RecoPFMET: 355.596
RecoPFMET_phi: 2.55965
RecoCaloMET: 304.151
RecoCaloMET_phi: 2.50497
Flag_allMETFilters: 0

      Run : 1 Lumi: 25 Event: 24406
HSCP type: 0
Ih: 7.74021
P: 1504.19
Pt: 1229.12
Eta: 0.657126
Phi: 0.378652
NbPixelHit_noL1: 2
NOM_noL1: 11
FracOfValidHit: 0.928571
isHighPurityTrack: 1
miniRelIsoAll: 0.863226
IsoSumPt_dr03: 0
dz: -1.84448e-34
dxy: -5.99389e-34
normChi2: 0.290701
EoP: 0
Pterr: 410.622
Fpix: 0.986706
RecoPFMET: 150.594
RecoPFMET_phi: 0.796151
RecoCaloMET: 211.696
RecoCaloMET_phi: -2.2824
Flag_allMETFilters: 0

      Run : 1 Lumi: 25 Event: 24415
HSCP type: 4
Ih: 3.62392
P: 84.4381
Pt: 49.9803
Eta: 1.1155
Phi: 1.91224
NbPixelHit_noL1: 3
NOM_noL1: 7
FracOfValidHit: 1
isHighPurityTrack: 1
miniRelIsoAll: 1
IsoSumPt_dr03: 0
dz: -1.58829e-27
dxy: -3.43918e+25
normChi2: 0.924274
EoP: 1.202
Pterr: 0.714948
Fpix: 0.564229
RecoPFMET: 212.559
RecoPFMET_phi: -0.892357
RecoCaloMET: 231.443
RecoCaloMET_phi: -1.03176
Flag_allMETFilters: 0

      Run : 1 Lumi: 25 Event: 24417
HSCP type: 0
Ih: 5.89563
P: 2111.22
Pt: 450.885
Eta: 2.22535
Phi: 1.68092
NbPixelHit_noL1: 5
NOM_noL1: 21
FracOfValidHit: 1
isHighPurityTrack: 1
miniRelIsoAll: 0.788127
IsoSumPt_dr03: 0
dz: 2.60719e-28
dxy: 2.6131e-22
normChi2: 0.66983
EoP: 0
Pterr: 82.8789
Fpix: 0.998765
RecoPFMET: 236.641
RecoPFMET_phi: -1.37708
RecoCaloMET: 128.318
RecoCaloMET_phi: 1.53738
Flag_allMETFilters: 0

      Run : 1 Lumi: 25 Event: 24420
HSCP type: 4
Ih: 3.2351
P: 643.587
Pt: 113.653
Eta: 2.41916
Phi: -0.835367
NbPixelHit_noL1: 5
NOM_noL1: 13
FracOfValidHit: 1
isHighPurityTrack: 1
miniRelIsoAll: 1
IsoSumPt_dr03: 0
dz: -4.47347e-10
dxy: -1.65691e+33
normChi2: 0.848042
EoP: 1.11829
Pterr: 13.1487
Fpix: 0.969101
RecoPFMET: 90.4109
RecoPFMET_phi: 1.83666
RecoCaloMET: 81.5127
RecoCaloMET_phi: 1.85611
Flag_allMETFilters: 0

      Run : 1 Lumi: 25 Event: 24414
HSCP type: 0
Ih: 20.3431
P: 969.561
Pt: 411.018
Eta: -1.50306
Phi: -1.85151
NbPixelHit_noL1: 3
NOM_noL1: 17
FracOfValidHit: 1
isHighPurityTrack: 1
miniRelIsoAll: 1.57035
IsoSumPt_dr03: 0
dz: -6.84153
dxy: -1.62243e-28
normChi2: 0.499293
EoP: 0
Pterr: 80.4848
Fpix: 0.99999
RecoPFMET: 602.23
RecoPFMET_phi: 1.51791
RecoCaloMET: 112.527
RecoCaloMET_phi: -2.75632
Flag_allMETFilters: 0

      Run : 1 Lumi: 25 Event: 24416
HSCP type: 1
Ih: 15.951
P: 747.556
Pt: 713.155
Eta: 0.309371
Phi: -0.339368
NbPixelHit_noL1: 2
NOM_noL1: 16
FracOfValidHit: 1
isHighPurityTrack: 1
miniRelIsoAll: 0.0106931
IsoSumPt_dr03: 0
dz: 1.74164e+21
dxy: -1.11185e-15
normChi2: 0.170591
EoP: 0.0106931
Pterr: 199.462
Fpix: 0.99939
RecoPFMET: 401.723
RecoPFMET_phi: -0.331403
RecoCaloMET: 323.796
RecoCaloMET_phi: -0.233847
Flag_allMETFilters: 0

      Run : 1 Lumi: 25 Event: 24421
HSCP type: 0
Ih: 17.3804
P: 1321.11
Pt: 629.474
Eta: -1.37218
Phi: -0.0666496
NbPixelHit_noL1: 2
NOM_noL1: 12
FracOfValidHit: 0.875
isHighPurityTrack: 1
miniRelIsoAll: 1
IsoSumPt_dr03: 0
dz: -3948.45
dxy: 3.79244e-35
normChi2: 0.345216
EoP: 0
Pterr: 207.36
Fpix: 0.999771
RecoPFMET: 499.236
RecoPFMET_phi: 3.04689
RecoCaloMET: 89.1902
RecoCaloMET_phi: -0.0792126
Flag_allMETFilters: 0

      Run : 1 Lumi: 25 Event: 24391
HSCP type: 4
Ih: 3.30745
P: 77.4733
Pt: 77.46
Eta: -0.0185737
Phi: -0.994964
NbPixelHit_noL1: 3
NOM_noL1: 15
FracOfValidHit: 1
isHighPurityTrack: 1
miniRelIsoAll: 1
IsoSumPt_dr03: 0
dz: -1.07013e+10
dxy: -7.03259e-23
normChi2: 1.56618
EoP: 1.19915
Pterr: 0.979478
Fpix: 0.958119
RecoPFMET: 489.072
RecoPFMET_phi: 1.36832
RecoCaloMET: 453.32
RecoCaloMET_phi: 1.33716
Flag_allMETFilters: 0

      Run : 1 Lumi: 25 Event: 24426
HSCP type: 0
Ih: 11.0396
P: 1247.58
Pt: 1085.78
Eta: -0.539372
Phi: -0.238497
NbPixelHit_noL1: 3
NOM_noL1: 16
FracOfValidHit: 0.941176
isHighPurityTrack: 1
miniRelIsoAll: 1.16955
IsoSumPt_dr03: 0
dz: 8.9407e-14
dxy: 2.58021e+07
normChi2: 0.13172
EoP: 0.000430615
Pterr: 342.578
Fpix: 0.997156
RecoPFMET: 1372.44
RecoPFMET_phi: 2.94261
RecoCaloMET: 140.763
RecoCaloMET_phi: -3.11679
Flag_allMETFilters: 0

      Run : 1 Lumi: 25 Event: 24418
HSCP type: 1
Ih: 9.80542
P: 563.53
Pt: 168.945
Eta: 1.87452
Phi: 1.59918
NbPixelHit_noL1: 4
NOM_noL1: 17
FracOfValidHit: 1
isHighPurityTrack: 1
miniRelIsoAll: 0.0140648
IsoSumPt_dr03: 0
dz: 7.64983e-38
dxy: -2.27499e-29
normChi2: 0.711974
EoP: 0.0140402
Pterr: 11.2246
Fpix: 1
RecoPFMET: 34.3896
RecoPFMET_phi: 0.745693
RecoCaloMET: 45.1794
RecoCaloMET_phi: -0.143451
Flag_allMETFilters: 0

      Run : 1 Lumi: 25 Event: 24427
HSCP type: 0
Ih: 10.5166
P: 1185.84
Pt: 875.168
Eta: 0.819481
Phi: 2.71829
NbPixelHit_noL1: 4
NOM_noL1: 18
FracOfValidHit: 1
isHighPurityTrack: 1
miniRelIsoAll: 0.822999
IsoSumPt_dr03: 0
dz: 1.14691e-10
dxy: -1.51944e+12
normChi2: 0.213839
EoP: 0
Pterr: 127.48
Fpix: 0.999995
RecoPFMET: 806.498
RecoPFMET_phi: -0.492217
RecoCaloMET: 103.004
RecoCaloMET_phi: -1.09364
Flag_allMETFilters: 0

      Run : 1 Lumi: 25 Event: 24428
HSCP type: 0
Ih: 11.1943
P: 1226.66
Pt: 594.946
Eta: 1.35193
Phi: -2.18143
NbPixelHit_noL1: 2
NOM_noL1: 14
FracOfValidHit: 1
isHighPurityTrack: 1
miniRelIsoAll: 1.27263
IsoSumPt_dr03: 0
dz: 302431
dxy: -1.94603e-21
normChi2: 0.534258
EoP: 0
Pterr: 72.2467
Fpix: 0.998262
RecoPFMET: 484.092
RecoPFMET_phi: 0.965588
RecoCaloMET: 220.824
RecoCaloMET_phi: -2.19891
Flag_allMETFilters: 0

      Run : 1 Lumi: 25 Event: 24434
HSCP type: 0
Ih: 5.04362
P: 1695.67
Pt: 458.588
Eta: -1.98202
Phi: -3.12857
NbPixelHit_noL1: 6
NOM_noL1: 22
FracOfValidHit: 1
isHighPurityTrack: 1
miniRelIsoAll: 1.13335
IsoSumPt_dr03: 0
dz: 0.0165132
dxy: 1.35045e+17
normChi2: 0.683505
EoP: 0.000404489
Pterr: 63.2185
Fpix: 0.998156
RecoPFMET: 692.541
RecoPFMET_phi: -0.313176
RecoCaloMET: 246.619
RecoCaloMET_phi: -0.960718
Flag_allMETFilters: 0

      Run : 1 Lumi: 25 Event: 24429
HSCP type: 0
Ih: 8.13885
P: 1238.81
Pt: 1060.36
Eta: -0.572315
Phi: -2.91676
NbPixelHit_noL1: 3
NOM_noL1: 16
FracOfValidHit: 1
isHighPurityTrack: 1
miniRelIsoAll: 1.04252
IsoSumPt_dr03: 0
dz: -2.05437e-15
dxy: -1.12923e+29
normChi2: 0.415019
EoP: 0.00565193
Pterr: 133.217
Fpix: 0.999068
RecoPFMET: 183.996
RecoPFMET_phi: -2.75826
RecoCaloMET: 51.9339
RecoCaloMET_phi: -2.06238
Flag_allMETFilters: 0

      Run : 1 Lumi: 25 Event: 24437
HSCP type: 4
Ih: 34.7365
P: 402.966
Pt: 251.527
Eta: 1.04863
Phi: 0.118686
NbPixelHit_noL1: 3
NOM_noL1: 6
FracOfValidHit: 0.933333
isHighPurityTrack: 1
miniRelIsoAll: 0
IsoSumPt_dr03: 0
dz: -1.75671e-08
dxy: -1290.56
normChi2: 0.145271
EoP: 0
Pterr: 69.6654
Fpix: 1
RecoPFMET: 38.3289
RecoPFMET_phi: -2.32976
RecoCaloMET: 54.2913
RecoCaloMET_phi: 2.9479
Flag_allMETFilters: 0

      Run : 1 Lumi: 25 Event: 24430
HSCP type: 0
Ih: 25.9393
P: 510.272
Pt: 510.072
Eta: 0.0280147
Phi: 2.21263
NbPixelHit_noL1: 3
NOM_noL1: 17
FracOfValidHit: 1
isHighPurityTrack: 1
miniRelIsoAll: 1
IsoSumPt_dr03: 0
dz: 4.52496e+25
dxy: -2.51452e-36
normChi2: 0.265286
EoP: 0.00133278
Pterr: 111.987
Fpix: 0.99912
RecoPFMET: 219.725
RecoPFMET_phi: -1.15402
RecoCaloMET: 329.505
RecoCaloMET_phi: 2.4415
Flag_allMETFilters: 0

      Run : 1 Lumi: 25 Event: 24422
HSCP type: 0
Ih: 8.84253
P: 1321.46
Pt: 680.475
Eta: 1.28279
Phi: 2.65512
NbPixelHit_noL1: 2
NOM_noL1: 10
FracOfValidHit: 1
isHighPurityTrack: 1
miniRelIsoAll: 0.994684
IsoSumPt_dr03: 0
dz: 1.7476e-37
dxy: -2.69541e-19
normChi2: 1.23269
EoP: 0.000402002
Pterr: 66.1242
Fpix: 0.998876
RecoPFMET: 282.566
RecoPFMET_phi: 2.45995
RecoCaloMET: 66.0454
RecoCaloMET_phi: 2.05323
Flag_allMETFilters: 0

      Run : 1 Lumi: 25 Event: 24431
HSCP type: 0
Ih: 8.42854
P: 975.943
Pt: 733.271
Eta: 0.792651
Phi: 2.67038
NbPixelHit_noL1: 2
NOM_noL1: 12
FracOfValidHit: 0.947368
isHighPurityTrack: 1
miniRelIsoAll: 1.00328
IsoSumPt_dr03: 0
dz: 7.49584e-14
dxy: -2.82121e-23
normChi2: 2.42608
EoP: 0.0151298
Pterr: 139.885
Fpix: 0.996662
RecoPFMET: 1271.24
RecoPFMET_phi: -0.826649
RecoCaloMET: 631.517
RecoCaloMET_phi: -1.20861
Flag_allMETFilters: 0

      Run : 1 Lumi: 25 Event: 24435
HSCP type: 0
Ih: 10.8407
P: 279.224
Pt: 127.815
Eta: 1.41752
Phi: 0.424024
NbPixelHit_noL1: 2
NOM_noL1: 6
FracOfValidHit: 0.615385
isHighPurityTrack: 0
miniRelIsoAll: 1
IsoSumPt_dr03: 0
dz: -1.68045e+36
dxy: 6.98824e+22
normChi2: 3.31644
EoP: 0.00179068
Pterr: 22.9009
Fpix: 0.999979
RecoPFMET: 220.094
RecoPFMET_phi: 3.13854
RecoCaloMET: 117.939
RecoCaloMET_phi: 2.91469
Flag_allMETFilters: 0

      Run : 1 Lumi: 25 Event: 24424
HSCP type: 0
Ih: 14.968
P: 1852.81
Pt: 660.215
Eta: 1.69167
Phi: 2.26589
NbPixelHit_noL1: 1
NOM_noL1: 12
FracOfValidHit: 0.882353
isHighPurityTrack: 1
miniRelIsoAll: 0.774341
IsoSumPt_dr03: 0
dz: 3.11242e-14
dxy: -1.3097e+37
normChi2: 0.608278
EoP: 0
Pterr: 350.147
Fpix: 1
RecoPFMET: 311.347
RecoPFMET_phi: -2.10633
RecoCaloMET: 468.792
RecoCaloMET_phi: 2.91986
Flag_allMETFilters: 0

      Run : 1 Lumi: 25 Event: 24436
HSCP type: 0
Ih: 6.94053
P: 1999.02
Pt: 1065.08
Eta: -1.24275
Phi: -0.62712
NbPixelHit_noL1: 3
NOM_noL1: 13
FracOfValidHit: 1
isHighPurityTrack: 1
miniRelIsoAll: 0.859271
IsoSumPt_dr03: 0
dz: -5.56396e-33
dxy: -5.0628e-21
normChi2: 0.375731
EoP: 0.00175735
Pterr: 168.184
Fpix: 0.99968
RecoPFMET: 166.8
RecoPFMET_phi: -1.43008
RecoCaloMET: 408.636
RecoCaloMET_phi: 0.192104
Flag_allMETFilters: 0

      Run : 1 Lumi: 25 Event: 24439
HSCP type: 0
Ih: 3.76638
P: 1929.03
Pt: 1018.06
Eta: 1.25398
Phi: 0.546165
NbPixelHit_noL1: 2
NOM_noL1: 5
FracOfValidHit: 1
isHighPurityTrack: 1
miniRelIsoAll: 0.996313
IsoSumPt_dr03: 0
dz: -2.17935e+10
dxy: 1.80876e+07
normChi2: 1.55255
EoP: 0.0111939
Pterr: 208.788
Fpix: 0.932156
RecoPFMET: 985.272
RecoPFMET_phi: -2.54477
RecoCaloMET: 17.8067
RecoCaloMET_phi: 0.169989
Flag_allMETFilters: 0

      Run : 1 Lumi: 25 Event: 24446
HSCP type: 0
Ih: 21.1597
P: 624.081
Pt: 469.09
Eta: -0.79204
Phi: -2.31473
NbPixelHit_noL1: 3
NOM_noL1: 16
FracOfValidHit: 1
isHighPurityTrack: 1
miniRelIsoAll: 1.32199
IsoSumPt_dr03: 0
dz: -0.00014858
dxy: -1.40209e+13
normChi2: 0.318232
EoP: 0.00738427
Pterr: 125.064
Fpix: 0.999992
RecoPFMET: 240.44
RecoPFMET_phi: 0.85937
RecoCaloMET: 19.419
RecoCaloMET_phi: -2.70927
Flag_allMETFilters: 0

      Run : 1 Lumi: 25 Event: 24425
HSCP type: 4
Ih: 3.49201
P: 347.059
Pt: 103.387
Eta: 1.8812
Phi: 1.02468
NbPixelHit_noL1: 3
NOM_noL1: 17
FracOfValidHit: 1
isHighPurityTrack: 1
miniRelIsoAll: 1
IsoSumPt_dr03: 0
dz: 0.013075
dxy: -3.74299e+35
normChi2: 0.957341
EoP: 1.10999
Pterr: 3.87687
Fpix: 0.846406
RecoPFMET: 268.365
RecoPFMET_phi: -3.13252
RecoCaloMET: 298.476
RecoCaloMET_phi: -3.13588
Flag_allMETFilters: 0

      Run : 1 Lumi: 25 Event: 24438
HSCP type: 4
Ih: 23.3038
P: 552.11
Pt: 378.831
Eta: 0.923308
Phi: 0.322578
NbPixelHit_noL1: 2
NOM_noL1: 13
FracOfValidHit: 1
isHighPurityTrack: 1
miniRelIsoAll: 0
IsoSumPt_dr03: 0
dz: -0.000202863
dxy: 2.60444e+15
normChi2: 0.0340017
EoP: 0
Pterr: 101.799
Fpix: 0.999999
RecoPFMET: 652.402
RecoPFMET_phi: 2.53862
RecoCaloMET: 641.833
RecoCaloMET_phi: 2.56952
Flag_allMETFilters: 0

      Run : 1 Lumi: 25 Event: 24442
HSCP type: 0
Ih: 6.87368
P: 1605.51
Pt: 1354.76
Eta: 0.599403
Phi: -0.486892
NbPixelHit_noL1: 3
NOM_noL1: 17
FracOfValidHit: 1
isHighPurityTrack: 1
miniRelIsoAll: 1.30802
IsoSumPt_dr03: 0
dz: 5.03403e-26
dxy: 7.16565e-15
normChi2: 0.438069
EoP: 0.00220975
Pterr: 210.64
Fpix: 0.994858
RecoPFMET: 1730.04
RecoPFMET_phi: 2.64961
RecoCaloMET: 20.8765
RecoCaloMET_phi: 0.206327
Flag_allMETFilters: 0

      Run : 1 Lumi: 25 Event: 24441
HSCP type: 0
Ih: 4.15192
P: 3714.56
Pt: 857.833
Eta: -2.14515
Phi: -1.45324
NbPixelHit_noL1: 4
NOM_noL1: 16
FracOfValidHit: 1
isHighPurityTrack: 1
miniRelIsoAll: 1.08862
IsoSumPt_dr03: 0
dz: 7.02356e-36
dxy: -0.000220814
normChi2: 0.958258
EoP: 0
Pterr: 261.643
Fpix: 0.850892
RecoPFMET: 955.027
RecoPFMET_phi: 1.6969
RecoCaloMET: 13.9449
RecoCaloMET_phi: -0.299023
Flag_allMETFilters: 0

      Run : 1 Lumi: 25 Event: 24445
HSCP type: 0
Ih: 15.6829
P: 852.84
Pt: 417.337
Eta: -1.34173
Phi: 1.38057
NbPixelHit_noL1: 2
NOM_noL1: 11
FracOfValidHit: 1
isHighPurityTrack: 1
miniRelIsoAll: 1
IsoSumPt_dr03: 0
dz: 1.14505e-06
dxy: -4.2584e-20
normChi2: 0.908553
EoP: 0
Pterr: 59.0883
Fpix: 0.775537
RecoPFMET: 1961.36
RecoPFMET_phi: -1.76663
RecoCaloMET: 1677.91
RecoCaloMET_phi: -1.76107
Flag_allMETFilters: 0

      Run : 1 Lumi: 25 Event: 24443
HSCP type: 0
Ih: 19.4897
P: 797.118
Pt: 714.674
Eta: 0.475828
Phi: 0.681524
NbPixelHit_noL1: 2
NOM_noL1: 15
FracOfValidHit: 1
isHighPurityTrack: 1
miniRelIsoAll: 1
IsoSumPt_dr03: 0
dz: 0.000361581
dxy: -4.90795e-33
normChi2: 0.0440885
EoP: 0.00977201
Pterr: 266.067
Fpix: 0.998678
RecoPFMET: 697.497
RecoPFMET_phi: -2.45235
RecoCaloMET: 6.61412
RecoCaloMET_phi: -0.954601
Flag_allMETFilters: 0

      Run : 1 Lumi: 25 Event: 24450
HSCP type: 1
Ih: 5.84423
P: 1650.81
Pt: 792.357
Eta: -1.36383
Phi: 2.71231
NbPixelHit_noL1: 3
NOM_noL1: 10
FracOfValidHit: 0.928571
isHighPurityTrack: 1
miniRelIsoAll: 0.00719426
IsoSumPt_dr03: 0
dz: 1.12781
dxy: 3.23221e-34
normChi2: 0.59194
EoP: 0.00718771
Pterr: 372.272
Fpix: 0.993174
RecoPFMET: 2311.19
RecoPFMET_phi: 2.68614
RecoCaloMET: 166.325
RecoCaloMET_phi: -0.592663
Flag_allMETFilters: 0

      Run : 1 Lumi: 25 Event: 24453
HSCP type: 0
Ih: 9.61413
P: 1630.89
Pt: 727.65
Eta: -1.44625
Phi: 1.23911
NbPixelHit_noL1: 1
NOM_noL1: 12
FracOfValidHit: 1
isHighPurityTrack: 1
miniRelIsoAll: 0.912465
IsoSumPt_dr03: 0
dz: 4.22194e-15
dxy: 9.14594e-36
normChi2: 0.72624
EoP: 0
Pterr: 116.591
Fpix: 0.994872
RecoPFMET: 493.829
RecoPFMET_phi: -1.80755
RecoCaloMET: 164.614
RecoCaloMET_phi: 1.21455
Flag_allMETFilters: 0

      Run : 1 Lumi: 25 Event: 24444
HSCP type: 0
Ih: 7.69125
P: 1418.3
Pt: 1006.82
Eta: -0.875832
Phi: 0.689837
NbPixelHit_noL1: 4
NOM_noL1: 18
FracOfValidHit: 1
isHighPurityTrack: 1
miniRelIsoAll: 1.16484
IsoSumPt_dr03: 0
dz: -1.32347e+07
dxy: 9.4461e-12
normChi2: 2.57551
EoP: 0
Pterr: 120.501
Fpix: 0.997031
RecoPFMET: 959.283
RecoPFMET_phi: -2.53572
RecoCaloMET: 207.811
RecoCaloMET_phi: 0.912883
Flag_allMETFilters: 0

      Run : 1 Lumi: 25 Event: 24458
HSCP type: 0
Ih: 5.02299
P: 1931.79
Pt: 907.992
Eta: 1.38765
Phi: 0.481831
NbPixelHit_noL1: 2
NOM_noL1: 11
FracOfValidHit: 1
isHighPurityTrack: 1
miniRelIsoAll: 1
IsoSumPt_dr03: 0
dz: 6.66516e-06
dxy: -1.23533e-31
normChi2: 0.667655
EoP: 0
Pterr: 133.347
Fpix: 0.945625
RecoPFMET: 814.111
RecoPFMET_phi: -2.68107
RecoCaloMET: 121.483
RecoCaloMET_phi: 0.681269
Flag_allMETFilters: 0

      Run : 1 Lumi: 25 Event: 24449
HSCP type: 0
Ih: 21.0977
P: 593.286
Pt: 548.233
Eta: -0.402681
Phi: 1.83145
NbPixelHit_noL1: 2
NOM_noL1: 14
FracOfValidHit: 1
isHighPurityTrack: 1
miniRelIsoAll: 1
IsoSumPt_dr03: 0
dz: -2.10962e-37
dxy: 6.38548e-33
normChi2: 0.0992428
EoP: 0
Pterr: 127.555
Fpix: 0.99996
RecoPFMET: 38.7906
RecoPFMET_phi: 0.820521
RecoCaloMET: 71.8836
RecoCaloMET_phi: 2.04163
Flag_allMETFilters: 0

      Run : 1 Lumi: 25 Event: 24447
HSCP type: 1
Ih: 18.3233
P: 720.797
Pt: 652.793
Eta: -0.452578
Phi: -1.20424
NbPixelHit_noL1: 2
NOM_noL1: 15
FracOfValidHit: 1
isHighPurityTrack: 1
miniRelIsoAll: 0.00802156
IsoSumPt_dr03: 0
dz: -9.95148e-23
dxy: -1.07628e+22
normChi2: 0.357511
EoP: 0.00802156
Pterr: 161.639
Fpix: 0.991353
RecoPFMET: 770.183
RecoPFMET_phi: -1.14173
RecoCaloMET: 289.068
RecoCaloMET_phi: -1.96833
Flag_allMETFilters: 0

      Run : 1 Lumi: 25 Event: 24455
HSCP type: 0
Ih: 8.10332
P: 1316.21
Pt: 390.22
Eta: 1.88622
Phi: -2.92984
NbPixelHit_noL1: 6
NOM_noL1: 25
FracOfValidHit: 1
isHighPurityTrack: 1
miniRelIsoAll: 1.08518
IsoSumPt_dr03: 0
dz: -1.34203e+19
dxy: 1.618e+19
normChi2: 1.03557
EoP: 0
Pterr: 46.6678
Fpix: 0.997792
RecoPFMET: 109.26
RecoPFMET_phi: 0.388947
RecoCaloMET: 38.8359
RecoCaloMET_phi: 2.25166
Flag_allMETFilters: 0

      Run : 1 Lumi: 25 Event: 24440
HSCP type: 0
Ih: 4.82814
P: 2376.8
Pt: 592.167
Eta: -2.06698
Phi: -2.43394
NbPixelHit_noL1: 7
NOM_noL1: 26
FracOfValidHit: 0.966667
isHighPurityTrack: 1
miniRelIsoAll: 1.11243
IsoSumPt_dr03: 0
dz: 3.1518e-16
dxy: -4.0952e-05
normChi2: 0.712635
EoP: 0
Pterr: 122.695
Fpix: 0.997278
RecoPFMET: 466.588
RecoPFMET_phi: 0.862292
RecoCaloMET: 213.733
RecoCaloMET_phi: -2.64017
Flag_allMETFilters: 0

      Run : 1 Lumi: 25 Event: 24461
HSCP type: 1
Ih: 6.40192
P: 1434.65
Pt: 347.107
Eta: -2.09723
Phi: 2.35256
NbPixelHit_noL1: 5
NOM_noL1: 19
FracOfValidHit: 1
isHighPurityTrack: 1
miniRelIsoAll: 0.00656865
IsoSumPt_dr03: 0
dz: 0.0128054
dxy: 2.38956e+17
normChi2: 0.760524
EoP: 0.00656076
Pterr: 46.3556
Fpix: 0.999904
RecoPFMET: 5.1893
RecoPFMET_phi: 1.40192
RecoCaloMET: 26.9001
RecoCaloMET_phi: 2.69615
Flag_allMETFilters: 0

      Run : 1 Lumi: 25 Event: 24460
HSCP type: 1
Ih: 10.4711
P: 1202.98
Pt: 1162.01
Eta: -0.264771
Phi: -1.24285
NbPixelHit_noL1: 3
NOM_noL1: 15
FracOfValidHit: 1
isHighPurityTrack: 1
miniRelIsoAll: 0.0180146
IsoSumPt_dr03: 0
dz: -6.69765e+07
dxy: -3.54073e+08
normChi2: 0.368308
EoP: 0.0180146
Pterr: 407.802
Fpix: 0.999626
RecoPFMET: 130.191
RecoPFMET_phi: 1.98164
RecoCaloMET: 120.636
RecoCaloMET_phi: 2.06394
Flag_allMETFilters: 0

      Run : 1 Lumi: 25 Event: 24457
HSCP type: 0
Ih: 17.8693
P: 875.006
Pt: 830.054
Eta: 0.327638
Phi: 0.793826
NbPixelHit_noL1: 2
NOM_noL1: 15
FracOfValidHit: 1
isHighPurityTrack: 1
miniRelIsoAll: 1.76629
IsoSumPt_dr03: 0
dz: 6.15242e-18
dxy: 6.51851e+11
normChi2: 0.267098
EoP: 0
Pterr: 257.794
Fpix: 0.999817
RecoPFMET: 730.488
RecoPFMET_phi: 1.1248
RecoCaloMET: 162.725
RecoCaloMET_phi: -1.93377
Flag_allMETFilters: 0

      Run : 1 Lumi: 25 Event: 24466
HSCP type: 0
Ih: 11.3194
P: 1201.15
Pt: 1194.84
Eta: -0.102763
Phi: -2.266
NbPixelHit_noL1: 3
NOM_noL1: 13
FracOfValidHit: 1
isHighPurityTrack: 1
miniRelIsoAll: 0.891354
IsoSumPt_dr03: 0
dz: 2.26267e-27
dxy: -1.01083e-23
normChi2: 0.618184
EoP: 0
Pterr: 316.663
Fpix: 0.99994
RecoPFMET: 1166.45
RecoPFMET_phi: 0.822818
RecoCaloMET: 91.0106
RecoCaloMET_phi: 0.28008
Flag_allMETFilters: 0

      Run : 1 Lumi: 25 Event: 24452
HSCP type: 0
Ih: 6.80905
P: 1896.72
Pt: 1159.36
Eta: -1.07528
Phi: 0.992207
NbPixelHit_noL1: 4
NOM_noL1: 11
FracOfValidHit: 1
isHighPurityTrack: 1
miniRelIsoAll: 1.34993
IsoSumPt_dr03: 0
dz: -34.8728
dxy: 1.03066e+32
normChi2: 0.828394
EoP: 0.00572927
Pterr: 238.122
Fpix: 0.997873
RecoPFMET: 528.411
RecoPFMET_phi: -1.35595
RecoCaloMET: 742.731
RecoCaloMET_phi: 2.35391
Flag_allMETFilters: 0

      Run : 1 Lumi: 25 Event: 24462
HSCP type: 0
Ih: 14.9787
P: 798.845
Pt: 507.794
Eta: 1.02518
Phi: -2.9841
NbPixelHit_noL1: 3
NOM_noL1: 9
FracOfValidHit: 1
isHighPurityTrack: 1
miniRelIsoAll: 1.56095
IsoSumPt_dr03: 0
dz: -1.52852e+26
dxy: -1.79632e+24
normChi2: 0.261935
EoP: 0.004074
Pterr: 141.511
Fpix: 0.999994
RecoPFMET: 738.765
RecoPFMET_phi: 0.233875
RecoCaloMET: 51.146
RecoCaloMET_phi: 2.65653
Flag_allMETFilters: 0

      Run : 1 Lumi: 25 Event: 24463
HSCP type: 4
Ih: 6.83689
P: 1527.22
Pt: 941.107
Eta: 1.06501
Phi: 2.9711
NbPixelHit_noL1: 3
NOM_noL1: 8
FracOfValidHit: 0.933333
isHighPurityTrack: 1
miniRelIsoAll: 0.00647124
IsoSumPt_dr03: 0
dz: 2.31741e+34
dxy: 1.80722e-10
normChi2: 0.681953
EoP: 0.00424913
Pterr: 253.102
Fpix: 0.990848
RecoPFMET: 30.6535
RecoPFMET_phi: -2.01683
RecoCaloMET: 39.7437
RecoCaloMET_phi: -1.99879
Flag_allMETFilters: 0

      Run : 1 Lumi: 25 Event: 24454
HSCP type: 0
Ih: 64.0114
P: 422.478
Pt: 321.937
Eta: -0.771074
Phi: 1.80985
NbPixelHit_noL1: 3
NOM_noL1: 7
FracOfValidHit: 1
isHighPurityTrack: 1
miniRelIsoAll: 1.15339
IsoSumPt_dr03: 0
dz: -2.01743e+36
dxy: -1.0046e-21
normChi2: 0.154622
EoP: 0
Pterr: 55.7102
Fpix: 0.999974
RecoPFMET: 545.865
RecoPFMET_phi: 1.97346
RecoCaloMET: 330.628
RecoCaloMET_phi: -0.42241
Flag_allMETFilters: 0

      Run : 1 Lumi: 25 Event: 24464
HSCP type: 0
Ih: 9.85882
P: 960.563
Pt: 322.555
Eta: 1.75493
Phi: -0.045245
NbPixelHit_noL1: 2
NOM_noL1: 18
FracOfValidHit: 1
isHighPurityTrack: 1
miniRelIsoAll: 1.08022
IsoSumPt_dr03: 0
dz: 7.3717e-34
dxy: -2.56615e-23
normChi2: 0.895502
EoP: 0
Pterr: 27.8817
Fpix: 1
RecoPFMET: 344.775
RecoPFMET_phi: 3.05666
RecoCaloMET: 25.5503
RecoCaloMET_phi: -0.429055
Flag_allMETFilters: 0

      Run : 1 Lumi: 25 Event: 24465
HSCP type: 1
Ih: 3.77922
P: 3149.14
Pt: 1904.92
Eta: 1.08842
Phi: -2.01956
NbPixelHit_noL1: 3
NOM_noL1: 8
FracOfValidHit: 0.692308
isHighPurityTrack: 1
miniRelIsoAll: 0
IsoSumPt_dr03: 0
dz: 1.83843e-29
dxy: -1.3474e+15
normChi2: 1.81024
EoP: 0
Pterr: 4423.46
Fpix: 0.99117
RecoPFMET: 113.662
RecoPFMET_phi: -2.95894
RecoCaloMET: 88.5217
RecoCaloMET_phi: -2.87222
Flag_allMETFilters: 0

      Run : 1 Lumi: 25 Event: 24467
HSCP type: 0
Ih: 10.6436
P: 930.19
Pt: 721.683
Eta: 0.742948
Phi: 3.07953
NbPixelHit_noL1: 3
NOM_noL1: 15
FracOfValidHit: 1
isHighPurityTrack: 1
miniRelIsoAll: 1
IsoSumPt_dr03: 0
dz: -1.12229e+10
dxy: 2.42755e-23
normChi2: 0.275539
EoP: 0.00591277
Pterr: 91.5405
Fpix: 0.999868
RecoPFMET: 630.077
RecoPFMET_phi: -0.0528035
RecoCaloMET: 18.5941
RecoCaloMET_phi: 2.60446
Flag_allMETFilters: 0

      Run : 1 Lumi: 25 Event: 24469
HSCP type: 4
Ih: 3.3252
P: 58.8207
Pt: 57.0413
Eta: 0.249133
Phi: -3.09631
NbPixelHit_noL1: 3
NOM_noL1: 17
FracOfValidHit: 1
isHighPurityTrack: 1
miniRelIsoAll: 1
IsoSumPt_dr03: 0
dz: 0.000207878
dxy: 3.78189e+19
normChi2: 1.31477
EoP: 1.07249
Pterr: 0.564145
Fpix: 0.550422
RecoPFMET: 213.07
RecoPFMET_phi: -0.00723168
RecoCaloMET: 200.769
RecoCaloMET_phi: 0.00692747
Flag_allMETFilters: 0

      Run : 1 Lumi: 25 Event: 24474
HSCP type: 0
Ih: 12.0826
P: 915.362
Pt: 776.865
Eta: -0.588589
Phi: 3.03036
NbPixelHit_noL1: 3
NOM_noL1: 16
FracOfValidHit: 1
isHighPurityTrack: 1
miniRelIsoAll: 0.61252
IsoSumPt_dr03: 0
dz: -34.9078
dxy: -1.89161e-11
normChi2: 0.17716
EoP: 0.0157101
Pterr: 186.963
Fpix: 0.999921
RecoPFMET: 466.845
RecoPFMET_phi: -0.104876
RecoCaloMET: 23.2925
RecoCaloMET_phi: -2.14382
Flag_allMETFilters: 0

      Run : 1 Lumi: 25 Event: 24477
HSCP type: 0
Ih: 8.18461
P: 1660.28
Pt: 760.518
Eta: 1.41675
Phi: -0.877048
NbPixelHit_noL1: 2
NOM_noL1: 13
FracOfValidHit: 1
isHighPurityTrack: 1
miniRelIsoAll: 0.902808
IsoSumPt_dr03: 0
dz: 0.00895112
dxy: 3.80105e+21
normChi2: 0.728663
EoP: 0
Pterr: 128.675
Fpix: 0.999595
RecoPFMET: 174.86
RecoPFMET_phi: 2.21059
RecoCaloMET: 4.10913
RecoCaloMET_phi: 1.58651
Flag_allMETFilters: 0

      Run : 1 Lumi: 25 Event: 24468
HSCP type: 0
Ih: 5.31956
P: 1710.39
Pt: 1698.41
Eta: 0.118709
Phi: -2.01346
NbPixelHit_noL1: 3
NOM_noL1: 14
FracOfValidHit: 1
isHighPurityTrack: 1
miniRelIsoAll: 0.922376
IsoSumPt_dr03: 0
dz: 1.06334e-37
dxy: 4.1054e+11
normChi2: 0.485534
EoP: 0.00820257
Pterr: 364.227
Fpix: 0.932156
RecoPFMET: 1504.28
RecoPFMET_phi: 1.08875
RecoCaloMET: 50.3839
RecoCaloMET_phi: -1.42288
Flag_allMETFilters: 0

      Run : 1 Lumi: 25 Event: 24480
HSCP type: 0
Ih: 9.73758
P: 919.746
Pt: 833.479
Eta: 0.45114
Phi: 0.617402
NbPixelHit_noL1: 1
NOM_noL1: 13
FracOfValidHit: 1
isHighPurityTrack: 1
miniRelIsoAll: 3.09116
IsoSumPt_dr03: 0
dz: -3.21891e-26
dxy: 9.91773e-12
normChi2: 0.428246
EoP: 0.0183463
Pterr: 280.362
Fpix: 0.936021
RecoPFMET: 467.691
RecoPFMET_phi: 0.648714
RecoCaloMET: 12.4437
RecoCaloMET_phi: -2.83698
Flag_allMETFilters: 0

      Run : 1 Lumi: 25 Event: 24473
HSCP type: 0
Ih: 4.512
P: 2959.31
Pt: 2958.59
Eta: 0.0221805
Phi: 2.99988
NbPixelHit_noL1: 4
NOM_noL1: 13
FracOfValidHit: 1
isHighPurityTrack: 1
miniRelIsoAll: 0.766878
IsoSumPt_dr03: 0
dz: -186.618
dxy: 1.35668e-33
normChi2: 0.960708
EoP: 0.000819633
Pterr: 954.375
Fpix: 0.998533
RecoPFMET: 2321.96
RecoPFMET_phi: -0.174474
RecoCaloMET: 94.4384
RecoCaloMET_phi: -0.904311
Flag_allMETFilters: 0

      Run : 1 Lumi: 25 Event: 24478
HSCP type: 0
Ih: 8.71062
P: 1373.64
Pt: 1362.27
Eta: 0.129131
Phi: -0.04533
NbPixelHit_noL1: 3
NOM_noL1: 15
FracOfValidHit: 0.941176
isHighPurityTrack: 1
miniRelIsoAll: 1.04172
IsoSumPt_dr03: 0
dz: -3.89364e+11
dxy: -1.67529e-23
normChi2: 0.750153
EoP: 0.0045557
Pterr: 277.852
Fpix: 0.995221
RecoPFMET: 1419.32
RecoPFMET_phi: 3.09483
RecoCaloMET: 23.739
RecoCaloMET_phi: -2.67396
Flag_allMETFilters: 0

      Run : 1 Lumi: 25 Event: 24476
HSCP type: 0
Ih: 7.2908
P: 1497.29
Pt: 1120.44
Eta: 0.79876
Phi: -1.42861
NbPixelHit_noL1: 4
NOM_noL1: 19
FracOfValidHit: 1
isHighPurityTrack: 1
miniRelIsoAll: 1.59536
IsoSumPt_dr03: 0
dz: 3.47367e+31
dxy: -1.37078e+22
normChi2: 0.500387
EoP: 0
Pterr: 251.647
Fpix: 0.999386
RecoPFMET: 1977.89
RecoPFMET_phi: 1.64566
RecoCaloMET: 191.678
RecoCaloMET_phi: 1.36816
Flag_allMETFilters: 0

      Run : 1 Lumi: 25 Event: 24482
HSCP type: 0
Ih: 4.32867
P: 1124.44
Pt: 499.225
Eta: 1.45175
Phi: 2.89981
NbPixelHit_noL1: 3
NOM_noL1: 5
FracOfValidHit: 0.4
isHighPurityTrack: 1
miniRelIsoAll: 6.93616
IsoSumPt_dr03: 0
dz: -0.0739044
dxy: -1.02334e+16
normChi2: 0.287286
EoP: 0
Pterr: 300.555
Fpix: 0.647575
RecoPFMET: 1747.22
RecoPFMET_phi: -0.254838
RecoCaloMET: 85.5272
RecoCaloMET_phi: -0.26295
Flag_allMETFilters: 0

      Run : 1 Lumi: 25 Event: 24481
HSCP type: 0
Ih: 7.81691
P: 1267.89
Pt: 1231.87
Eta: 0.241245
Phi: -3.06553
NbPixelHit_noL1: 3
NOM_noL1: 17
FracOfValidHit: 1
isHighPurityTrack: 1
miniRelIsoAll: 1.07719
IsoSumPt_dr03: 0
dz: 1.06776e+09
dxy: 0.00955192
normChi2: 0.231459
EoP: 0.00845286
Pterr: 292.337
Fpix: 0.993438
RecoPFMET: 508.396
RecoPFMET_phi: 0.0246272
RecoCaloMET: 51.1573
RecoCaloMET_phi: -2.14931
Flag_allMETFilters: 0

      Run : 1 Lumi: 25 Event: 24484
HSCP type: 1
Ih: 7.11483
P: 1131.39
Pt: 630.888
Eta: 1.18844
Phi: -2.64059
NbPixelHit_noL1: 2
NOM_noL1: 7
FracOfValidHit: 0.764706
isHighPurityTrack: 1
miniRelIsoAll: 0.00477033
IsoSumPt_dr03: 0
dz: 1.34634e+15
dxy: 3.80604e+31
normChi2: 0.698469
EoP: 0.00477033
Pterr: 236.609
Fpix: 0.981052
RecoPFMET: 21.7258
RecoPFMET_phi: 1.59553
RecoCaloMET: 23.508
RecoCaloMET_phi: 0.980679
Flag_allMETFilters: 0

      Run : 1 Lumi: 25 Event: 24488
HSCP type: 4
Ih: 6.00487
P: 267.61
Pt: 239.517
Eta: -0.479723
Phi: -2.54007
NbPixelHit_noL1: 3
NOM_noL1: 16
FracOfValidHit: 1
isHighPurityTrack: 1
miniRelIsoAll: 0
IsoSumPt_dr03: 0
dz: 1.34513e-06
dxy: 1.71552e-34
normChi2: 0.0273753
EoP: 0
Pterr: 27.0739
Fpix: 1
RecoPFMET: 34.4704
RecoPFMET_phi: -1.11768
RecoCaloMET: 11.5296
RecoCaloMET_phi: -1.04567
Flag_allMETFilters: 0

      Run : 1 Lumi: 25 Event: 24491
HSCP type: 4
Ih: 2.65739
P: 291.716
Pt: 291.592
Eta: 0.0290915
Phi: -0.426975
NbPixelHit_noL1: 2
NOM_noL1: 10
FracOfValidHit: 0.8125
isHighPurityTrack: 1
miniRelIsoAll: 0
IsoSumPt_dr03: 0
dz: 1.16099e-28
dxy: -3.77169e-26
normChi2: 0.281004
EoP: 0
Pterr: 63.9535
Fpix: 0.99939
RecoPFMET: 34.315
RecoPFMET_phi: -0.304889
RecoCaloMET: 26.2558
RecoCaloMET_phi: -0.562726
Flag_allMETFilters: 0

      Run : 1 Lumi: 25 Event: 24487
HSCP type: 0
Ih: 10.2577
P: 1525.83
Pt: 1241.18
Eta: 0.664932
Phi: -1.68057
NbPixelHit_noL1: 3
NOM_noL1: 15
FracOfValidHit: 1
isHighPurityTrack: 1
miniRelIsoAll: 1.00831
IsoSumPt_dr03: 0
dz: 2.47548
dxy: -6.44086e+14
normChi2: 0.620563
EoP: 0.00256888
Pterr: 504.545
Fpix: 0.999951
RecoPFMET: 1275.04
RecoPFMET_phi: 1.4612
RecoCaloMET: 21.8263
RecoCaloMET_phi: 1.27913
Flag_allMETFilters: 0

      Run : 1 Lumi: 25 Event: 24471
HSCP type: 0
Ih: 6.41941
P: 1228.85
Pt: 782.257
Eta: -1.02331
Phi: 2.35252
NbPixelHit_noL1: 3
NOM_noL1: 10
FracOfValidHit: 1
isHighPurityTrack: 1
miniRelIsoAll: 1
IsoSumPt_dr03: 0
dz: -2.48501e-16
dxy: -1.29253e+26
normChi2: 0.921535
EoP: 0.0082571
Pterr: 164.345
Fpix: 0.990172
RecoPFMET: 549.755
RecoPFMET_phi: -0.931732
RecoCaloMET: 320.091
RecoCaloMET_phi: 2.69482
Flag_allMETFilters: 0

      Run : 1 Lumi: 25 Event: 24486
HSCP type: 4
Ih: 3.55396
P: 67.2168
Pt: 60.2859
Eta: -0.475036
Phi: 1.10108
NbPixelHit_noL1: 3
NOM_noL1: 5
FracOfValidHit: 0.357143
isHighPurityTrack: 1
miniRelIsoAll: 1
IsoSumPt_dr03: 0
dz: 0.0350111
dxy: -9.68264e-08
normChi2: 0.745951
EoP: 1.17201
Pterr: 7.05578
Fpix: 0.452941
RecoPFMET: 721.111
RecoPFMET_phi: -1.97581
RecoCaloMET: 691.457
RecoCaloMET_phi: -2.02417
Flag_allMETFilters: 0

      Run : 1 Lumi: 25 Event: 24490
HSCP type: 0
Ih: 19.414
P: 654.913
Pt: 597.956
Eta: 0.433077
Phi: 0.596913
NbPixelHit_noL1: 2
NOM_noL1: 16
FracOfValidHit: 1
isHighPurityTrack: 1
miniRelIsoAll: 0.823623
IsoSumPt_dr03: 0
dz: 1.64915e+33
dxy: 1.77221e+30
normChi2: 0.0611912
EoP: 0.000617346
Pterr: 147.201
Fpix: 0.999979
RecoPFMET: 394.59
RecoPFMET_phi: -2.85899
RecoCaloMET: 134.26
RecoCaloMET_phi: 1.58682
Flag_allMETFilters: 0

      Run : 1 Lumi: 25 Event: 24489
HSCP type: 0
Ih: 14.7176
P: 1040.22
Pt: 1039.85
Eta: 0.0267838
Phi: -0.302803
NbPixelHit_noL1: 2
NOM_noL1: 15
FracOfValidHit: 0.941176
isHighPurityTrack: 1
miniRelIsoAll: 1.79734
IsoSumPt_dr03: 0
dz: 1.63605e-34
dxy: -1.26202e+28
normChi2: 0.223484
EoP: 0.00083856
Pterr: 328.157
Fpix: 0.999807
RecoPFMET: 1844.41
RecoPFMET_phi: 2.88599
RecoCaloMET: 62.7638
RecoCaloMET_phi: -1.87181
Flag_allMETFilters: 0

      Run : 1 Lumi: 25 Event: 24492
HSCP type: 0
Ih: 16.8106
P: 627.59
Pt: 160.964
Eta: 2.03699
Phi: -0.0291294
NbPixelHit_noL1: 5
NOM_noL1: 20
FracOfValidHit: 1
isHighPurityTrack: 1
miniRelIsoAll: 1
IsoSumPt_dr03: 0
dz: -1.10536e-25
dxy: 0.00671946
normChi2: 0.840693
EoP: 0
Pterr: 12.0207
Fpix: 1
RecoPFMET: 236.132
RecoPFMET_phi: 2.59278
RecoCaloMET: 104.376
RecoCaloMET_phi: 2.21642
Flag_allMETFilters: 0

      Run : 1 Lumi: 25 Event: 24493
HSCP type: 4
Ih: 22.9294
P: 355.002
Pt: 263.255
Eta: -0.812354
Phi: 1.92904
NbPixelHit_noL1: 3
NOM_noL1: 13
FracOfValidHit: 0.9375
isHighPurityTrack: 1
miniRelIsoAll: 0
IsoSumPt_dr03: 0
dz: -0
dxy: 6.87218e-25
normChi2: 0.223535
EoP: 0
Pterr: 15.4382
Fpix: 0.999485
RecoPFMET: 327.854
RecoPFMET_phi: 1.85839
RecoCaloMET: 99.1678
RecoCaloMET_phi: 3.1124
Flag_allMETFilters: 0

      Run : 1 Lumi: 25 Event: 24494
HSCP type: 4
Ih: 37.0689
P: 326.965
Pt: 326.951
Eta: -0.00943313
Phi: 1.34812
NbPixelHit_noL1: 3
NOM_noL1: 15
FracOfValidHit: 1
isHighPurityTrack: 1
miniRelIsoAll: 0
IsoSumPt_dr03: 0
dz: 1.23859e-15
dxy: 3.23946e-25
normChi2: 0.195837
EoP: 0
Pterr: 62.003
Fpix: 0.999581
RecoPFMET: 57.5398
RecoPFMET_phi: 1.7416
RecoCaloMET: 15.441
RecoCaloMET_phi: -2.80192
Flag_allMETFilters: 0

      Run : 1 Lumi: 25 Event: 24485
HSCP type: 4
Ih: 5.11587
P: 1957.72
Pt: 343.39
Eta: 2.42603
Phi: -0.961645
NbPixelHit_noL1: 3
NOM_noL1: 12
FracOfValidHit: 1
isHighPurityTrack: 1
miniRelIsoAll: 0.000592293
IsoSumPt_dr03: 0
dz: -8.31919e-15
dxy: 5.31166e+09
normChi2: 0.842457
EoP: 0.000591568
Pterr: 121.433
Fpix: 0.999068
RecoPFMET: 148.674
RecoPFMET_phi: -2.0171
RecoCaloMET: 668.192
RecoCaloMET_phi: 2.88185
Flag_allMETFilters: 0

      Run : 1 Lumi: 25 Event: 24496
HSCP type: 4
Ih: 10.2787
P: 625.001
Pt: 89.4025
Eta: -2.6326
Phi: 1.99309
NbPixelHit_noL1: 6
NOM_noL1: 8
FracOfValidHit: 1
isHighPurityTrack: 1
miniRelIsoAll: 0.00545932
IsoSumPt_dr03: 0
dz: -7.5341e+21
dxy: -7.35228
normChi2: 0.554871
EoP: 0.00545355
Pterr: 41.1485
Fpix: 1
RecoPFMET: 34.6027
RecoPFMET_phi: 0.946687
RecoCaloMET: 45.4748
RecoCaloMET_phi: 0.20398
Flag_allMETFilters: 0

      Run : 1 Lumi: 25 Event: 24500
HSCP type: 4
Ih: 3.61165
P: 213.707
Pt: 173.111
Eta: 0.672129
Phi: 0.856706
NbPixelHit_noL1: 3
NOM_noL1: 13
FracOfValidHit: 1
isHighPurityTrack: 1
miniRelIsoAll: 1
IsoSumPt_dr03: 0
dz: -7.24396e+32
dxy: -2.41669e-17
normChi2: 1.52174
EoP: 1.1362
Pterr: 3.83215
Fpix: 0.865728
RecoPFMET: 1077.58
RecoPFMET_phi: -2.41821
RecoCaloMET: 1062.62
RecoCaloMET_phi: -2.4257
Flag_allMETFilters: 0

      Run : 1 Lumi: 25 Event: 24483
HSCP type: 0
Ih: 4.4661
P: 4921.96
Pt: 3540.33
Eta: 0.856999
Phi: -0.668879
NbPixelHit_noL1: 4
NOM_noL1: 17
FracOfValidHit: 1
isHighPurityTrack: 1
miniRelIsoAll: 0.910489
IsoSumPt_dr03: 0
dz: 3.33873e+15
dxy: 6.53092e-11
normChi2: 0.723992
EoP: 0
Pterr: 1509.42
Fpix: 0.922103
RecoPFMET: 3001.97
RecoPFMET_phi: 2.47343
RecoCaloMET: 191.496
RecoCaloMET_phi: -0.913497
Flag_allMETFilters: 0

      Run : 1 Lumi: 25 Event: 24498
HSCP type: 0
Ih: 5.17824
P: 2859.47
Pt: 1624.12
Eta: -1.16618
Phi: -0.450239
NbPixelHit_noL1: 3
NOM_noL1: 10
FracOfValidHit: 1
isHighPurityTrack: 1
miniRelIsoAll: 0.734011
IsoSumPt_dr03: 0
dz: -4.4608e+37
dxy: 7.86654e+21
normChi2: 0.607249
EoP: 0.00331866
Pterr: 364.754
Fpix: 0.937771
RecoPFMET: 579.363
RecoPFMET_phi: 2.70739
RecoCaloMET: 52.1169
RecoCaloMET_phi: -2.82705
Flag_allMETFilters: 0

      Run : 1 Lumi: 25 Event: 24497
HSCP type: 0
Ih: 19.0413
P: 661.268
Pt: 659.67
Eta: 0.0695984
Phi: 2.28937
NbPixelHit_noL1: 4
NOM_noL1: 18
FracOfValidHit: 1
isHighPurityTrack: 1
miniRelIsoAll: 1.00969
IsoSumPt_dr03: 0
dz: -4.0029e+37
dxy: -8.62529e+27
normChi2: 0.401236
EoP: 0.00580741
Pterr: 149.52
Fpix: 0.999523
RecoPFMET: 184.076
RecoPFMET_phi: 2.02552
RecoCaloMET: 514.944
RecoCaloMET_phi: -1.36785
Flag_allMETFilters: 0

      Run : 1 Lumi: 25 Event: 24495
HSCP type: 0
Ih: 9.69747
P: 1331.16
Pt: 987.968
Eta: 0.811093
Phi: 1.65411
NbPixelHit_noL1: 3
NOM_noL1: 14
FracOfValidHit: 1
isHighPurityTrack: 1
miniRelIsoAll: 0.728681
IsoSumPt_dr03: 0
dz: 4.42249e-16
dxy: 0.00138217
normChi2: 0.543855
EoP: 0.0102941
Pterr: 368.781
Fpix: 0.999827
RecoPFMET: 645.574
RecoPFMET_phi: -1.54186
RecoCaloMET: 37.8539
RecoCaloMET_phi: 2.48993
Flag_allMETFilters: 0

      Run : 1 Lumi: 25 Event: 24499
HSCP type: 1
Ih: 14.4245
P: 816.809
Pt: 623.953
Eta: 0.76728
Phi: 0.340656
NbPixelHit_noL1: 2
NOM_noL1: 14
FracOfValidHit: 1
isHighPurityTrack: 1
miniRelIsoAll: 0.0097183
IsoSumPt_dr03: 0
dz: 211.676
dxy: 0
normChi2: 0.0798716
EoP: 0.0097183
Pterr: 184.326
Fpix: 0.995314
RecoPFMET: 8.11538
RecoPFMET_phi: 0.30508
RecoCaloMET: 24.1542
RecoCaloMET_phi: 0.907449
Flag_allMETFilters: 0

      Run : 1 Lumi: 25 Event: 24502
HSCP type: 0
Ih: 17.2108
P: 813.868
Pt: 807.244
Eta: -0.12802
Phi: 2.89178
NbPixelHit_noL1: 3
NOM_noL1: 15
FracOfValidHit: 0.941176
isHighPurityTrack: 1
miniRelIsoAll: 0.785901
IsoSumPt_dr03: 0
dz: -1.30207e-36
dxy: -3.25308e+31
normChi2: 0.060204
EoP: 0.0254919
Pterr: 263.473
Fpix: 0.999921
RecoPFMET: 249.976
RecoPFMET_phi: 2.87019
RecoCaloMET: 27.0138
RecoCaloMET_phi: 0.884394
Flag_allMETFilters: 0

      Run : 1 Lumi: 25 Event: 24503
HSCP type: 1
Ih: 25.3393
P: 345.963
Pt: 278.247
Eta: -0.68424
Phi: -0.260585
NbPixelHit_noL1: 2
NOM_noL1: 6
FracOfValidHit: 0.538462
isHighPurityTrack: 1
miniRelIsoAll: 0
IsoSumPt_dr03: 0
dz: -4.80116e-22
dxy: 2.45289e-05
normChi2: 0.223907
EoP: 0
Pterr: 214.058
Fpix: 0.999485
RecoPFMET: 14.2542
RecoPFMET_phi: -0.189325
RecoCaloMET: 15.5541
RecoCaloMET_phi: -2.2294
Flag_allMETFilters: 0

      Run : 1 Lumi: 25 Event: 24506
HSCP type: 0
Ih: 18.7654
P: 794.571
Pt: 726.836
Eta: 0.428437
Phi: -0.0894051
NbPixelHit_noL1: 2
NOM_noL1: 15
FracOfValidHit: 1
isHighPurityTrack: 1
miniRelIsoAll: 1
IsoSumPt_dr03: 0
dz: 3.57275e-26
dxy: -8.36612e+18
normChi2: 0.0594924
EoP: 0
Pterr: 211.47
Fpix: 0.999994
RecoPFMET: 723.348
RecoPFMET_phi: 3.03934
RecoCaloMET: 25.5732
RecoCaloMET_phi: 0.328929
Flag_allMETFilters: 0

      Run : 1 Lumi: 25 Event: 24513
HSCP type: 0
Ih: 12.7292
P: 759.658
Pt: 295.717
Eta: 1.59638
Phi: 0.416062
NbPixelHit_noL1: 3
NOM_noL1: 21
FracOfValidHit: 1
isHighPurityTrack: 1
miniRelIsoAll: 0.892961
IsoSumPt_dr03: 0
dz: -1.58257e+10
dxy: -106557
normChi2: 0.528613
EoP: 0
Pterr: 21.2843
Fpix: 1
RecoPFMET: 241.857
RecoPFMET_phi: -2.77128
RecoCaloMET: 26.2386
RecoCaloMET_phi: -3.01353
Flag_allMETFilters: 0

      Run : 1 Lumi: 25 Event: 24509
HSCP type: 4
Ih: 37.2612
P: 368.209
Pt: 342.577
Eta: -0.384464
Phi: 0.303772
NbPixelHit_noL1: 3
NOM_noL1: 18
FracOfValidHit: 1
isHighPurityTrack: 1
miniRelIsoAll: 0.0107902
IsoSumPt_dr03: 0
dz: -1.58786e-07
dxy: -8.83601e-12
normChi2: 0.0614172
EoP: 0.0107902
Pterr: 59.9694
Fpix: 1
RecoPFMET: 40.2049
RecoPFMET_phi: -2.20641
RecoCaloMET: 53.3654
RecoCaloMET_phi: -2.05919
Flag_allMETFilters: 0

      Run : 1 Lumi: 25 Event: 24507
HSCP type: 0
Ih: 36.8368
P: 394.213
Pt: 390.348
Eta: 0.140601
Phi: -1.22547
NbPixelHit_noL1: 3
NOM_noL1: 14
FracOfValidHit: 1
isHighPurityTrack: 1
miniRelIsoAll: 1.70791
IsoSumPt_dr03: 0
dz: 1.07194e-20
dxy: 2.28738e+21
normChi2: 0.471375
EoP: 0
Pterr: 57.4078
Fpix: 1
RecoPFMET: 293.261
RecoPFMET_phi: 1.91259
RecoCaloMET: 27.2209
RecoCaloMET_phi: 2.85559
Flag_allMETFilters: 0

      Run : 1 Lumi: 25 Event: 24510
HSCP type: 0
Ih: 7.87701
P: 615.906
Pt: 228.747
Eta: -1.64721
Phi: 1.96572
NbPixelHit_noL1: 4
NOM_noL1: 18
FracOfValidHit: 1
isHighPurityTrack: 1
miniRelIsoAll: 1.1311
IsoSumPt_dr03: 0
dz: -6.70537e+15
dxy: -2.89076e+17
normChi2: 0.575183
EoP: 0
Pterr: 9.26907
Fpix: 1
RecoPFMET: 55.0942
RecoPFMET_phi: -1.45462
RecoCaloMET: 157.682
RecoCaloMET_phi: 2.06547
Flag_allMETFilters: 0

      Run : 1 Lumi: 25 Event: 24517
HSCP type: 0
Ih: 12.8193
P: 1032.91
Pt: 799.852
Eta: -0.745969
Phi: 0.0397613
NbPixelHit_noL1: 2
NOM_noL1: 15
FracOfValidHit: 1
isHighPurityTrack: 1
miniRelIsoAll: 1.36666
IsoSumPt_dr03: 0
dz: 1.98449e+30
dxy: 2.57882e+10
normChi2: 0.106521
EoP: 0.00956096
Pterr: 255.922
Fpix: 0.998921
RecoPFMET: 1086.13
RecoPFMET_phi: -3.13986
RecoCaloMET: 34.4888
RecoCaloMET_phi: 1.80719
Flag_allMETFilters: 0

      Run : 1 Lumi: 25 Event: 24516
HSCP type: 1
Ih: 4.47182
P: 3414.23
Pt: 2974.59
Eta: -0.537202
Phi: 2.0561
NbPixelHit_noL1: 3
NOM_noL1: 15
FracOfValidHit: 1
isHighPurityTrack: 1
miniRelIsoAll: 0.00302412
IsoSumPt_dr03: 0
dz: 3.58056e+27
dxy: -4.09748e+37
normChi2: 0.70626
EoP: 0.00241053
Pterr: 769.372
Fpix: 0.875572
RecoPFMET: 1799.83
RecoPFMET_phi: 2.06877
RecoCaloMET: 79.5775
RecoCaloMET_phi: -2.65958
Flag_allMETFilters: 0

      Run : 1 Lumi: 25 Event: 24501
HSCP type: 0
Ih: 11.5684
P: 1152.37
Pt: 599.018
Eta: -1.27178
Phi: -0.149756
NbPixelHit_noL1: 2
NOM_noL1: 15
FracOfValidHit: 1
isHighPurityTrack: 1
miniRelIsoAll: 1.00586
IsoSumPt_dr03: 0
dz: 1.4791e+28
dxy: -2.56698e-20
normChi2: 0.494707
EoP: 0
Pterr: 83.406
Fpix: 0.999965
RecoPFMET: 497.494
RecoPFMET_phi: 3.02345
RecoCaloMET: 52.9007
RecoCaloMET_phi: -0.579216
Flag_allMETFilters: 0

      Run : 1 Lumi: 25 Event: 24515
HSCP type: 0
Ih: 11.4932
P: 1788.88
Pt: 1036.56
Eta: 1.14177
Phi: 2.2459
NbPixelHit_noL1: 0
NOM_noL1: 2
FracOfValidHit: 0.666667
isHighPurityTrack: 1
miniRelIsoAll: 0.629376
IsoSumPt_dr03: 0
dz: -8.92262e-26
dxy: -1.45341e+29
normChi2: 0.589205
EoP: 0.0102226
Pterr: 853.579
Fpix: 1
RecoPFMET: 522.787
RecoPFMET_phi: -0.814346
RecoCaloMET: 109.19
RecoCaloMET_phi: 2.0714
Flag_allMETFilters: 0

      Run : 1 Lumi: 25 Event: 24519
HSCP type: 0
Ih: 6.55091
P: 2242.03
Pt: 988.915
Eta: -1.45905
Phi: 1.26392
NbPixelHit_noL1: 1
NOM_noL1: 14
FracOfValidHit: 0.941176
isHighPurityTrack: 1
miniRelIsoAll: 1.17092
IsoSumPt_dr03: 0
dz: 2.80594e-17
dxy: -2.65988e+14
normChi2: 2.2756
EoP: 0
Pterr: 172.428
Fpix: 0.941536
RecoPFMET: 844.378
RecoPFMET_phi: -2.2141
RecoCaloMET: 448.267
RecoCaloMET_phi: 1.96954
Flag_allMETFilters: 0

      Run : 1 Lumi: 25 Event: 24523
HSCP type: 1
Ih: 7.02829
P: 1795.59
Pt: 1023.8
Eta: 1.16148
Phi: 3.00845
NbPixelHit_noL1: 3
NOM_noL1: 10
FracOfValidHit: 1
isHighPurityTrack: 1
miniRelIsoAll: 0.00368118
IsoSumPt_dr03: 0
dz: -5.29846e-27
dxy: 3.02861e+14
normChi2: 0.844531
EoP: 0.00240063
Pterr: 168.204
Fpix: 0.988173
RecoPFMET: 2923.82
RecoPFMET_phi: 2.98149
RecoCaloMET: 5.63043
RecoCaloMET_phi: 1.82628
Flag_allMETFilters: 0

      Run : 1 Lumi: 25 Event: 24512
HSCP type: 0
Ih: 11.9451
P: 878.602
Pt: 498.474
Eta: -1.16753
Phi: -0.0639123
NbPixelHit_noL1: 3
NOM_noL1: 9
FracOfValidHit: 1
isHighPurityTrack: 1
miniRelIsoAll: 1.34036
IsoSumPt_dr03: 0
dz: 1.09596e-29
dxy: -571758
normChi2: 0.516413
EoP: 0
Pterr: 62.0406
Fpix: 0.999843
RecoPFMET: 98.1348
RecoPFMET_phi: -3.04955
RecoCaloMET: 52.4375
RecoCaloMET_phi: -0.94604
Flag_allMETFilters: 0

      Run : 1 Lumi: 25 Event: 24526
HSCP type: 0
Ih: 6.25342
P: 2168.24
Pt: 914.221
Eta: -1.509
Phi: 1.11015
NbPixelHit_noL1: 4
NOM_noL1: 21
FracOfValidHit: 1
isHighPurityTrack: 1
miniRelIsoAll: 0.977585
IsoSumPt_dr03: 0
dz: 1.59117e+15
dxy: -7.00846e-22
normChi2: 0.797669
EoP: 0
Pterr: 133.693
Fpix: 0.984981
RecoPFMET: 1019.25
RecoPFMET_phi: -1.99557
RecoCaloMET: 108.456
RecoCaloMET_phi: -1.46965
Flag_allMETFilters: 0

      Run : 1 Lumi: 25 Event: 24521
HSCP type: 0
Ih: 13.3703
P: 1264.39
Pt: 609.111
Eta: -1.35965
Phi: 2.82444
NbPixelHit_noL1: 3
NOM_noL1: 12
FracOfValidHit: 1
isHighPurityTrack: 1
miniRelIsoAll: 1.07511
IsoSumPt_dr03: 0
dz: 0.078394
dxy: -6.22616e-21
normChi2: 2.92841
EoP: 0
Pterr: 108.154
Fpix: 0.998567
RecoPFMET: 876.646
RecoPFMET_phi: -0.33294
RecoCaloMET: 852.017
RecoCaloMET_phi: -0.332375
Flag_allMETFilters: 0

      Run : 1 Lumi: 25 Event: 24518
HSCP type: 4
Ih: 3.27896
P: 1020.36
Pt: 157.263
Eta: -2.55714
Phi: -0.482575
NbPixelHit_noL1: 2
NOM_noL1: 3
FracOfValidHit: 0.571429
isHighPurityTrack: 1
miniRelIsoAll: 0
IsoSumPt_dr03: 0
dz: -7.4636e-22
dxy: -7.69121e-18
normChi2: 1.16323
EoP: 0
Pterr: 835.279
Fpix: 0.958119
RecoPFMET: 49.2885
RecoPFMET_phi: -2.8254
RecoCaloMET: 40.2784
RecoCaloMET_phi: 2.62704
Flag_allMETFilters: 0

      Run : 1 Lumi: 25 Event: 24520
HSCP type: 0
Ih: 14.27
P: 996.706
Pt: 978.362
Eta: -0.193348
Phi: -0.255728
NbPixelHit_noL1: 3
NOM_noL1: 15
FracOfValidHit: 1
isHighPurityTrack: 1
miniRelIsoAll: 0.881229
IsoSumPt_dr03: 0
dz: -2.84448e+08
dxy: 3.84477e+16
normChi2: 0.186912
EoP: 0.00762294
Pterr: 130.44
Fpix: 0.99801
RecoPFMET: 841.743
RecoPFMET_phi: 2.91588
RecoCaloMET: 14.4551
RecoCaloMET_phi: -1.73489
Flag_allMETFilters: 0

      Run : 1 Lumi: 25 Event: 24525
HSCP type: 4
Ih: 3.84163
P: 67.1363
Pt: 58.1732
Eta: -0.548224
Phi: -2.31795
NbPixelHit_noL1: 2
NOM_noL1: 7
FracOfValidHit: 0.571429
isHighPurityTrack: 1
miniRelIsoAll: 1
IsoSumPt_dr03: 0
dz: 2.84726e-28
dxy: 1.67733e-36
normChi2: 0.883975
EoP: 1.02491
Pterr: 3.79638
Fpix: 0.333437
RecoPFMET: 327.814
RecoPFMET_phi: 0.709028
RecoCaloMET: 264.198
RecoCaloMET_phi: 0.791681
Flag_allMETFilters: 0

      Run : 1 Lumi: 25 Event: 24527
HSCP type: 4
Ih: 3.79673
P: 130.781
Pt: 128.759
Eta: 0.17699
Phi: 1.51487
NbPixelHit_noL1: 3
NOM_noL1: 15
FracOfValidHit: 1
isHighPurityTrack: 1
miniRelIsoAll: 1
IsoSumPt_dr03: 0
dz: 1.88198e-13
dxy: 2622.82
normChi2: 0.694561
EoP: 1.194
Pterr: 2.59068
Fpix: 0.698229
RecoPFMET: 444.618
RecoPFMET_phi: -1.64777
RecoCaloMET: 424.118
RecoCaloMET_phi: -1.72728
Flag_allMETFilters: 0

      Run : 1 Lumi: 25 Event: 24533
HSCP type: 1
Ih: 9.81705
P: 1508.39
Pt: 1166.54
Eta: 0.748001
Phi: -1.96044
NbPixelHit_noL1: 3
NOM_noL1: 16
FracOfValidHit: 1
isHighPurityTrack: 1
miniRelIsoAll: 0.0055729
IsoSumPt_dr03: 0
dz: 1.48716e+28
dxy: -4.44067e-10
normChi2: 0.237515
EoP: 0.0055729
Pterr: 309.14
Fpix: 0.999542
RecoPFMET: 48.5467
RecoPFMET_phi: 2.01699
RecoCaloMET: 29.4611
RecoCaloMET_phi: 2.16539
Flag_allMETFilters: 0

      Run : 1 Lumi: 25 Event: 24539
HSCP type: 0
Ih: 4.93495
P: 2188.82
Pt: 1247.72
Eta: 1.16176
Phi: -2.5255
NbPixelHit_noL1: 2
NOM_noL1: 10
FracOfValidHit: 1
isHighPurityTrack: 1
miniRelIsoAll: 1.02359
IsoSumPt_dr03: 0
dz: -9188.54
dxy: -4.02451e+10
normChi2: 0.660356
EoP: 0.00763663
Pterr: 217.39
Fpix: 0.969029
RecoPFMET: 151.324
RecoPFMET_phi: -2.96603
RecoCaloMET: 132.776
RecoCaloMET_phi: -1.7921
Flag_allMETFilters: 0

      Run : 1 Lumi: 25 Event: 24524
HSCP type: 0
Ih: 30.9702
P: 474.304
Pt: 473.465
Eta: 0.0595254
Phi: 2.68142
NbPixelHit_noL1: 3
NOM_noL1: 15
FracOfValidHit: 1
isHighPurityTrack: 1
miniRelIsoAll: 1.3599
IsoSumPt_dr03: 0
dz: -2.5628e+35
dxy: -4.51106e-18
normChi2: 0.150868
EoP: 0.00311355
Pterr: 115.494
Fpix: 0.999887
RecoPFMET: 615.185
RecoPFMET_phi: -0.457521
RecoCaloMET: 41.1699
RecoCaloMET_phi: 2.73804
Flag_allMETFilters: 0

      Run : 1 Lumi: 25 Event: 24534
HSCP type: 1
Ih: 28.0389
P: 455.978
Pt: 364.715
Eta: 0.693457
Phi: 0.30117
NbPixelHit_noL1: 3
NOM_noL1: 16
FracOfValidHit: 1
isHighPurityTrack: 1
miniRelIsoAll: 0
IsoSumPt_dr03: 0
dz: -5.04348e+27
dxy: -9.42563e-28
normChi2: 0.0266571
EoP: 0
Pterr: 73.6387
Fpix: 1
RecoPFMET: 53.9359
RecoPFMET_phi: -1.81784
RecoCaloMET: 13.901
RecoCaloMET_phi: -1.41628
Flag_allMETFilters: 0

      Run : 1 Lumi: 25 Event: 24540
HSCP type: 0
Ih: 4.703
P: 2320.04
Pt: 2177.03
Eta: 0.360506
Phi: 0.839554
NbPixelHit_noL1: 2
NOM_noL1: 16
FracOfValidHit: 1
isHighPurityTrack: 1
miniRelIsoAll: 1.20334
IsoSumPt_dr03: 0
dz: 0.0936816
dxy: 3.16868e+08
normChi2: 1.75334
EoP: 0.00221804
Pterr: 656.669
Fpix: 0.9734
RecoPFMET: 2676.05
RecoPFMET_phi: -2.31679
RecoCaloMET: 42.2881
RecoCaloMET_phi: -2.95836
Flag_allMETFilters: 0

      Run : 1 Lumi: 25 Event: 24536
HSCP type: 0
Ih: 9.04757
P: 1228.15
Pt: 535.268
Eta: 1.47236
Phi: -0.607902
NbPixelHit_noL1: 2
NOM_noL1: 14
FracOfValidHit: 1
isHighPurityTrack: 1
miniRelIsoAll: 1.68571
IsoSumPt_dr03: 0
dz: -1.32781e-31
dxy: -3.16078e-34
normChi2: 0.983242
EoP: 0.00059238
Pterr: 64.9558
Fpix: 0.995587
RecoPFMET: 286.275
RecoPFMET_phi: -0.705448
RecoCaloMET: 45.4079
RecoCaloMET_phi: -1.77177
Flag_allMETFilters: 0

      Run : 1 Lumi: 25 Event: 24541
HSCP type: 0
Ih: 6.83461
P: 1923.66
Pt: 1904.14
Eta: 0.143044
Phi: 1.5518
NbPixelHit_noL1: 3
NOM_noL1: 16
FracOfValidHit: 1
isHighPurityTrack: 1
miniRelIsoAll: 0.67386
IsoSumPt_dr03: 0
dz: 1.27147e+36
dxy: 2.20971e-36
normChi2: 0.475781
EoP: 0.00568595
Pterr: 458.113
Fpix: 0.979453
RecoPFMET: 1433.66
RecoPFMET_phi: -1.59784
RecoCaloMET: 131.026
RecoCaloMET_phi: -1.67411
Flag_allMETFilters: 0

      Run : 1 Lumi: 25 Event: 24546
HSCP type: 0
Ih: 7.25569
P: 1666.39
Pt: 908.13
Eta: -1.21595
Phi: -0.866828
NbPixelHit_noL1: 2
NOM_noL1: 9
FracOfValidHit: 0.909091
isHighPurityTrack: 1
miniRelIsoAll: 1.36477
IsoSumPt_dr03: 0
dz: -3.59459e+23
dxy: -0.000170859
normChi2: 0.638234
EoP: 0.00769216
Pterr: 264.064
Fpix: 0.978858
RecoPFMET: 1260
RecoPFMET_phi: 2.2625
RecoCaloMET: 17.1058
RecoCaloMET_phi: 2.29332
Flag_allMETFilters: 0

      Run : 1 Lumi: 25 Event: 24545
HSCP type: 1
Ih: 8.89637
P: 1256.08
Pt: 510.836
Eta: -1.54867
Phi: 1.2632
NbPixelHit_noL1: 2
NOM_noL1: 18
FracOfValidHit: 1
isHighPurityTrack: 1
miniRelIsoAll: 0
IsoSumPt_dr03: 0
dz: -1.25316e-13
dxy: 2.34383e-33
normChi2: 0.610539
EoP: 0
Pterr: 48.5683
Fpix: 0.999732
RecoPFMET: 42.3885
RecoPFMET_phi: 0.608896
RecoCaloMET: 30.3948
RecoCaloMET_phi: 0.289757
Flag_allMETFilters: 0

      Run : 1 Lumi: 25 Event: 24538
HSCP type: 0
Ih: 6.30599
P: 2307.93
Pt: 1700.07
Eta: 0.822275
Phi: 2.18319
NbPixelHit_noL1: 3
NOM_noL1: 15
FracOfValidHit: 1
isHighPurityTrack: 1
miniRelIsoAll: 0.862507
IsoSumPt_dr03: 0
dz: 9645.37
dxy: -1.14797e+20
normChi2: 4.9293
EoP: 0.0043631
Pterr: 306.118
Fpix: 0.990848
RecoPFMET: 1271.62
RecoPFMET_phi: -1.09015
RecoCaloMET: 283.419
RecoCaloMET_phi: 2.90027
Flag_allMETFilters: 0

      Run : 1 Lumi: 25 Event: 24544
HSCP type: 0
Ih: 6.73969
P: 1337.49
Pt: 1315.62
Eta: 0.18207
Phi: 0.288806
NbPixelHit_noL1: 3
NOM_noL1: 13
FracOfValidHit: 1
isHighPurityTrack: 1
miniRelIsoAll: 0.997186
IsoSumPt_dr03: 0
dz: -6.92953e+23
dxy: -20.9263
normChi2: 0.619257
EoP: 0
Pterr: 243.267
Fpix: 0.99148
RecoPFMET: 1271.76
RecoPFMET_phi: -2.81105
RecoCaloMET: 33.6345
RecoCaloMET_phi: -1.21562
Flag_allMETFilters: 0

      Run : 1 Lumi: 25 Event: 24551
HSCP type: 0
Ih: 17.3578
P: 1032.49
Pt: 668.229
Eta: 1.00172
Phi: 2.71581
NbPixelHit_noL1: 4
NOM_noL1: 10
FracOfValidHit: 1
isHighPurityTrack: 1
miniRelIsoAll: 1.00076
IsoSumPt_dr03: 0
dz: 9.45415e-24
dxy: -8.92321e-15
normChi2: 0.279916
EoP: 0
Pterr: 285.172
Fpix: 1
RecoPFMET: 644.384
RecoPFMET_phi: -0.391232
RecoCaloMET: 48.8732
RecoCaloMET_phi: 2.52647
Flag_allMETFilters: 0

      Run : 1 Lumi: 25 Event: 24537
HSCP type: 1
Ih: 15.7286
P: 790.532
Pt: 763.48
Eta: -0.265425
Phi: -1.80429
NbPixelHit_noL1: 2
NOM_noL1: 16
FracOfValidHit: 1
isHighPurityTrack: 1
miniRelIsoAll: 1
IsoSumPt_dr03: 0
dz: 7.01087e+12
dxy: 103.819
normChi2: 0.376977
EoP: 1.00007
Pterr: 168.09
Fpix: 0.989481
RecoPFMET: 3183.08
RecoPFMET_phi: 1.33275
RecoCaloMET: 3177.58
RecoCaloMET_phi: 1.341
Flag_allMETFilters: 0

      Run : 1 Lumi: 25 Event: 24550
HSCP type: 0
Ih: 8.0686
P: 1583.24
Pt: 396.93
Eta: 2.06052
Phi: -0.0824473
NbPixelHit_noL1: 4
NOM_noL1: 20
FracOfValidHit: 1
isHighPurityTrack: 1
miniRelIsoAll: 0.779846
IsoSumPt_dr03: 0
dz: 1.11746e-18
dxy: -0.000195862
normChi2: 0.689817
EoP: 0
Pterr: 59.903
Fpix: 0.999868
RecoPFMET: 351.065
RecoPFMET_phi: -2.87707
RecoCaloMET: 138.989
RecoCaloMET_phi: -1.67175
Flag_allMETFilters: 0

      Run : 1 Lumi: 25 Event: 24549
HSCP type: 0
Ih: 10.1009
P: 1450.74
Pt: 737.705
Eta: 1.29743
Phi: 0.244974
NbPixelHit_noL1: 3
NOM_noL1: 13
FracOfValidHit: 1
isHighPurityTrack: 1
miniRelIsoAll: 0.915537
IsoSumPt_dr03: 0
dz: 9.22533e+31
dxy: -1.76379e+28
normChi2: 0.536618
EoP: 0
Pterr: 149.648
Fpix: 0.999155
RecoPFMET: 24.0993
RecoPFMET_phi: -0.327493
RecoCaloMET: 67.4542
RecoCaloMET_phi: -2.29535
Flag_allMETFilters: 0

      Run : 1 Lumi: 25 Event: 24542
HSCP type: 0
Ih: 17.1114
P: 1557.58
Pt: 990.689
Eta: -1.0244
Phi: 1.80975
NbPixelHit_noL1: 4
NOM_noL1: 10
FracOfValidHit: 1
isHighPurityTrack: 1
miniRelIsoAll: 0.73357
IsoSumPt_dr03: 0
dz: 1.51675e-25
dxy: -6.95905e-35
normChi2: 1.15443
EoP: 0.00214665
Pterr: 636.165
Fpix: 0.999997
RecoPFMET: 715.575
RecoPFMET_phi: -1.28814
RecoCaloMET: 6.49461
RecoCaloMET_phi: 1.01309
Flag_allMETFilters: 0

      Run : 1 Lumi: 25 Event: 24552
HSCP type: 0
Ih: 17.5498
P: 740.351
Pt: 673.345
Eta: 0.442502
Phi: -2.69641
NbPixelHit_noL1: 2
NOM_noL1: 13
FracOfValidHit: 1
isHighPurityTrack: 1
miniRelIsoAll: 1
IsoSumPt_dr03: 0
dz: -2.15838e-35
dxy: -1.6036e+19
normChi2: 0.198111
EoP: 0.0374145
Pterr: 151.54
Fpix: 0.998382
RecoPFMET: 677.688
RecoPFMET_phi: 0.548443
RecoCaloMET: 55.5963
RecoCaloMET_phi: 1.7456
Flag_allMETFilters: 0

      Run : 1 Lumi: 25 Event: 24535
HSCP type: 0
Ih: 13.9081
P: 746.836
Pt: 390.097
Eta: 1.26612
Phi: -2.10099
NbPixelHit_noL1: 3
NOM_noL1: 11
FracOfValidHit: 1
isHighPurityTrack: 1
miniRelIsoAll: 0.997105
IsoSumPt_dr03: 0
dz: 5.39474e+27
dxy: -3.39998e-15
normChi2: 0.5621
EoP: 0
Pterr: 65.2305
Fpix: 1
RecoPFMET: 392.747
RecoPFMET_phi: 1.15629
RecoCaloMET: 68.6182
RecoCaloMET_phi: 1.68821
Flag_allMETFilters: 0

      Run : 1 Lumi: 25 Event: 24543
HSCP type: 0
Ih: 4.11878
P: 5285.89
Pt: 997.286
Eta: -2.35188
Phi: 2.56094
NbPixelHit_noL1: 7
NOM_noL1: 21
FracOfValidHit: 1
isHighPurityTrack: 1
miniRelIsoAll: 0.782907
IsoSumPt_dr03: 0
dz: -2.2674e-29
dxy: 6.55747e-20
normChi2: 1.342
EoP: 0
Pterr: 632.438
Fpix: 0.798199
RecoPFMET: 960.468
RecoPFMET_phi: -0.820933
RecoCaloMET: 240.872
RecoCaloMET_phi: -1.63214
Flag_allMETFilters: 0

      Run : 1 Lumi: 25 Event: 24556
HSCP type: 0
Ih: 10.9789
P: 1177.71
Pt: 877.084
Eta: 0.805962
Phi: 1.14245
NbPixelHit_noL1: 4
NOM_noL1: 19
FracOfValidHit: 1
isHighPurityTrack: 1
miniRelIsoAll: 1.00056
IsoSumPt_dr03: 0
dz: -1.24977e-23
dxy: 1.63019e+14
normChi2: 0.630462
EoP: 0.0111983
Pterr: 268.232
Fpix: 0.985542
RecoPFMET: 634.688
RecoPFMET_phi: -1.56488
RecoCaloMET: 359.291
RecoCaloMET_phi: 0.356912
Flag_allMETFilters: 0

      Run : 1 Lumi: 25 Event: 24548
HSCP type: 0
Ih: 8.30486
P: 1303.15
Pt: 668.038
Eta: 1.28802
Phi: -1.44909
NbPixelHit_noL1: 2
NOM_noL1: 13
FracOfValidHit: 0.941176
isHighPurityTrack: 1
miniRelIsoAll: 0.96185
IsoSumPt_dr03: 0
dz: 1.73333e-35
dxy: -1.97649e-33
normChi2: 1.1172
EoP: 0
Pterr: 124.504
Fpix: 0.99626
RecoPFMET: 287.837
RecoPFMET_phi: 1.34518
RecoCaloMET: 353.038
RecoCaloMET_phi: 0.858466
Flag_allMETFilters: 0

      Run : 1 Lumi: 25 Event: 24559
HSCP type: 0
Ih: 9.18353
P: 1712.57
Pt: 1517.01
Eta: 0.502455
Phi: -0.727786
NbPixelHit_noL1: 3
NOM_noL1: 18
FracOfValidHit: 1
isHighPurityTrack: 1
miniRelIsoAll: 1.089
IsoSumPt_dr03: 0
dz: -2.38438e+20
dxy: -9.6559e-07
normChi2: 0.390125
EoP: 0.00217089
Pterr: 562.932
Fpix: 0.998786
RecoPFMET: 1617.37
RecoPFMET_phi: 2.42098
RecoCaloMET: 46.0191
RecoCaloMET_phi: -1.87036
Flag_allMETFilters: 0

      Run : 1 Lumi: 25 Event: 24553
HSCP type: 0
Ih: 7.52919
P: 1618.59
Pt: 442.096
Eta: -1.97174
Phi: 2.38729
NbPixelHit_noL1: 4
NOM_noL1: 19
FracOfValidHit: 1
isHighPurityTrack: 1
miniRelIsoAll: 1.66904
IsoSumPt_dr03: 0
dz: 1.55985e+32
dxy: -1.576e+16
normChi2: 0.633036
EoP: 0
Pterr: 106.476
Fpix: 0.999954
RecoPFMET: 252.045
RecoPFMET_phi: -0.19686
RecoCaloMET: 333.363
RecoCaloMET_phi: -2.25742
Flag_allMETFilters: 0

      Run : 1 Lumi: 25 Event: 24554
HSCP type: 0
Ih: 9.35024
P: 1074.63
Pt: 557.202
Eta: 1.27473
Phi: 1.347
NbPixelHit_noL1: 3
NOM_noL1: 14
FracOfValidHit: 1
isHighPurityTrack: 1
miniRelIsoAll: 0.972805
IsoSumPt_dr03: 0
dz: 2.91705e-32
dxy: -2.76681e+38
normChi2: 0.431403
EoP: 0.000610299
Pterr: 118.886
Fpix: 0.99993
RecoPFMET: 66.4788
RecoPFMET_phi: 0.432451
RecoCaloMET: 63.0993
RecoCaloMET_phi: -2.47488
Flag_allMETFilters: 0

      Run : 1 Lumi: 25 Event: 24555
HSCP type: 0
Ih: 22.0365
P: 531.303
Pt: 529.944
Eta: 0.0716128
Phi: -0.963091
NbPixelHit_noL1: 3
NOM_noL1: 14
FracOfValidHit: 1
isHighPurityTrack: 1
miniRelIsoAll: 1.52808
IsoSumPt_dr03: 0
dz: 4.78593e-05
dxy: -1.62327e-16
normChi2: 0.334286
EoP: 0.0012512
Pterr: 118.41
Fpix: 0.999409
RecoPFMET: 646.727
RecoPFMET_phi: 1.96513
RecoCaloMET: 178.954
RecoCaloMET_phi: -0.420215
Flag_allMETFilters: 0

      Run : 1 Lumi: 25 Event: 24566
HSCP type: 0
Ih: 9.9115
P: 1613.41
Pt: 1008.55
Eta: -1.04675
Phi: 0.487609
NbPixelHit_noL1: 3
NOM_noL1: 8
FracOfValidHit: 1
isHighPurityTrack: 1
miniRelIsoAll: 0.728161
IsoSumPt_dr03: 0
dz: -2.56782e+28
dxy: -1.38864e-30
normChi2: 0.714894
EoP: 0.00590962
Pterr: 266.975
Fpix: 0.996424
RecoPFMET: 310.822
RecoPFMET_phi: -2.79968
RecoCaloMET: 55.2738
RecoCaloMET_phi: 0.861551
Flag_allMETFilters: 0

      Run : 1 Lumi: 25 Event: 24558
HSCP type: 0
Ih: 9.61201
P: 1338.88
Pt: 664.151
Eta: -1.32611
Phi: -0.834418
NbPixelHit_noL1: 4
NOM_noL1: 15
FracOfValidHit: 1
isHighPurityTrack: 1
miniRelIsoAll: 1.58383
IsoSumPt_dr03: 0
dz: -8.62538e-35
dxy: -5.62205e-38
normChi2: 0.424463
EoP: 0.000195466
Pterr: 80.6208
Fpix: 0.999998
RecoPFMET: 387.789
RecoPFMET_phi: 2.17035
RecoCaloMET: 493.028
RecoCaloMET_phi: -1.88314
Flag_allMETFilters: 0

      Run : 1 Lumi: 25 Event: 24562
HSCP type: 0
Ih: 6.95423
P: 47.0207
Pt: 45.5684
Eta: -0.251799
Phi: 2.71026
NbPixelHit_noL1: 0
NOM_noL1: 2
FracOfValidHit: 0.764706
isHighPurityTrack: 0
miniRelIsoAll: 1
IsoSumPt_dr03: 0
dz: 3.69658e-29
dxy: 2.3446e-08
normChi2: 4.85137
EoP: 0.224286
Pterr: 2.91714
Fpix: 1
RecoPFMET: 93.6299
RecoPFMET_phi: -0.119107
RecoCaloMET: 63.5187
RecoCaloMET_phi: -0.488623
Flag_allMETFilters: 0

      Run : 1 Lumi: 25 Event: 24563
HSCP type: 0
Ih: 16.5998
P: 560.64
Pt: 355.293
Eta: 1.02912
Phi: 1.3369
NbPixelHit_noL1: 3
NOM_noL1: 9
FracOfValidHit: 1
isHighPurityTrack: 1
miniRelIsoAll: 1.3026
IsoSumPt_dr03: 0
dz: -0.00660978
dxy: -1.60021e-06
normChi2: 0.887908
EoP: 0.00374299
Pterr: 102.663
Fpix: 1
RecoPFMET: 338.168
RecoPFMET_phi: -1.68097
RecoCaloMET: 133.937
RecoCaloMET_phi: 0.871083
Flag_allMETFilters: 0

      Run : 1 Lumi: 25 Event: 24560
HSCP type: 0
Ih: 17.5148
P: 821.126
Pt: 635.144
Eta: -0.747728
Phi: 0.940243
NbPixelHit_noL1: 3
NOM_noL1: 11
FracOfValidHit: 0.789474
isHighPurityTrack: 1
miniRelIsoAll: 1
IsoSumPt_dr03: 0
dz: 3.36241e-37
dxy: -1.36781e-07
normChi2: 0.129577
EoP: 0.00876405
Pterr: 435.935
Fpix: 0.999972
RecoPFMET: 594.676
RecoPFMET_phi: -2.14137
RecoCaloMET: 36.1194
RecoCaloMET_phi: 1.14071
Flag_allMETFilters: 0

      Run : 1 Lumi: 25 Event: 24565
HSCP type: 0
Ih: 9.84307
P: 1349.51
Pt: 699.965
Eta: -1.27433
Phi: -0.237461
NbPixelHit_noL1: 2
NOM_noL1: 10
FracOfValidHit: 1
isHighPurityTrack: 1
miniRelIsoAll: 1.18147
IsoSumPt_dr03: 0
dz: -0.00721458
dxy: 4.66539e+20
normChi2: 0.608063
EoP: 0
Pterr: 84.1712
Fpix: 0.998098
RecoPFMET: 716.698
RecoPFMET_phi: 2.79914
RecoCaloMET: 114.417
RecoCaloMET_phi: 0.415181
Flag_allMETFilters: 0

      Run : 1 Lumi: 25 Event: 24568
HSCP type: 0
Ih: 22.8751
P: 681.903
Pt: 605.012
Eta: -0.498972
Phi: 1.54468
NbPixelHit_noL1: 3
NOM_noL1: 17
FracOfValidHit: 1
isHighPurityTrack: 1
miniRelIsoAll: 1
IsoSumPt_dr03: 0
dz: 7.11649e-37
dxy: -1.27933e+36
normChi2: 0.202311
EoP: 0
Pterr: 145.096
Fpix: 0.999998
RecoPFMET: 794.015
RecoPFMET_phi: -1.27067
RecoCaloMET: 243.276
RecoCaloMET_phi: -0.546446
Flag_allMETFilters: 0

      Run : 1 Lumi: 25 Event: 24569
HSCP type: 0
Ih: 53.0865
P: 243.295
Pt: 240.158
Eta: -0.161441
Phi: 2.01369
NbPixelHit_noL1: 0
NOM_noL1: 3
FracOfValidHit: 0.818182
isHighPurityTrack: 1
miniRelIsoAll: 1
IsoSumPt_dr03: 0
dz: 1.4371e+13
dxy: 4.3394e-26
normChi2: 0.587719
EoP: 0.0167539
Pterr: 118.05
Fpix: 1
RecoPFMET: 166.495
RecoPFMET_phi: 1.78035
RecoCaloMET: 303.163
RecoCaloMET_phi: 1.87165
Flag_allMETFilters: 0

      Run : 1 Lumi: 25 Event: 24571
HSCP type: 4
Ih: 29.2285
P: 415.668
Pt: 413.719
Eta: 0.0970286
Phi: 2.96622
NbPixelHit_noL1: 2
NOM_noL1: 17
FracOfValidHit: 0.95
isHighPurityTrack: 1
miniRelIsoAll: 0
IsoSumPt_dr03: 0
dz: -1.48143e-08
dxy: -5.45083e-33
normChi2: 0.1173
EoP: 0
Pterr: 54.0159
Fpix: 0.999252
RecoPFMET: 124.764
RecoPFMET_phi: -1.10373
RecoCaloMET: 116.262
RecoCaloMET_phi: -1.35718
Flag_allMETFilters: 0

      Run : 1 Lumi: 25 Event: 24575
HSCP type: 4
Ih: 10.4209
P: 1002.27
Pt: 899.337
Eta: 0.474
Phi: 2.53938
NbPixelHit_noL1: 2
NOM_noL1: 18
FracOfValidHit: 1
isHighPurityTrack: 1
miniRelIsoAll: 0.00343646
IsoSumPt_dr03: 0
dz: 3.21382e-23
dxy: -2.38249e-32
normChi2: 0.369439
EoP: 0.00343113
Pterr: 191.286
Fpix: 0.985063
RecoPFMET: 33.5244
RecoPFMET_phi: 0.744726
RecoCaloMET: 29.2709
RecoCaloMET_phi: 0.653168
Flag_allMETFilters: 0

      Run : 1 Lumi: 25 Event: 24567
HSCP type: 0
Ih: 14.4957
P: 774.037
Pt: 461.886
Eta: 1.10545
Phi: -2.46069
NbPixelHit_noL1: 3
NOM_noL1: 8
FracOfValidHit: 1
isHighPurityTrack: 1
miniRelIsoAll: 1.67618
IsoSumPt_dr03: 0
dz: 1.1138e-10
dxy: -1.79055e-15
normChi2: 0.208628
EoP: 0.00687768
Pterr: 52.6971
Fpix: 1
RecoPFMET: 798.595
RecoPFMET_phi: 1.28825
RecoCaloMET: 383.881
RecoCaloMET_phi: 2.6284
Flag_allMETFilters: 0

      Run : 1 Lumi: 25 Event: 24572
HSCP type: 0
Ih: 9.56612
P: 937.908
Pt: 924.088
Eta: 0.172735
Phi: 1.22293
NbPixelHit_noL1: 3
NOM_noL1: 16
FracOfValidHit: 1
isHighPurityTrack: 1
miniRelIsoAll: 1
IsoSumPt_dr03: 0
dz: 0.00771979
dxy: -6.69744e-12
normChi2: 0.232135
EoP: 0.00458545
Pterr: 266.739
Fpix: 0.99616
RecoPFMET: 1005.14
RecoPFMET_phi: -1.84133
RecoCaloMET: 116.213
RecoCaloMET_phi: -1.17229
Flag_allMETFilters: 0

      Run : 1 Lumi: 25 Event: 24573
HSCP type: 1
Ih: 10.2799
P: 1324.72
Pt: 1053.42
Eta: -0.703108
Phi: -2.54165
NbPixelHit_noL1: 3
NOM_noL1: 15
FracOfValidHit: 1
isHighPurityTrack: 1
miniRelIsoAll: 0.00792173
IsoSumPt_dr03: 0
dz: -1.16121e+23
dxy: 3.92956e-32
normChi2: 0.087414
EoP: 0.00792173
Pterr: 244.503
Fpix: 0.988625
RecoPFMET: 10.2088
RecoPFMET_phi: -1.01056
RecoCaloMET: 6.16344
RecoCaloMET_phi: 2.5657
Flag_allMETFilters: 0

      Run : 1 Lumi: 25 Event: 24574
HSCP type: 0
Ih: 51.973
P: 392.393
Pt: 217.857
Eta: -1.19368
Phi: -0.279391
NbPixelHit_noL1: 2
NOM_noL1: 3
FracOfValidHit: 1
isHighPurityTrack: 1
miniRelIsoAll: 1.12958
IsoSumPt_dr03: 0
dz: 1.07477e-29
dxy: -3.43813e-37
normChi2: 0.732077
EoP: 0.0313823
Pterr: 27.643
Fpix: 0.996877
RecoPFMET: 81.0421
RecoPFMET_phi: 1.14439
RecoCaloMET: 154.238
RecoCaloMET_phi: 1.61049
Flag_allMETFilters: 0

      Run : 1 Lumi: 25 Event: 24576
HSCP type: 1
Ih: 10.934
P: 1342.93
Pt: 1319.71
Eta: 0.187323
Phi: -0.600242
NbPixelHit_noL1: 3
NOM_noL1: 16
FracOfValidHit: 0.95
isHighPurityTrack: 1
miniRelIsoAll: 0.0105965
IsoSumPt_dr03: 0
dz: -6.48756e-23
dxy: -1.3414e-09
normChi2: 0.353925
EoP: 0.00949689
Pterr: 313.873
Fpix: 0.998421
RecoPFMET: 819.262
RecoPFMET_phi: -0.514805
RecoCaloMET: 120.823
RecoCaloMET_phi: -0.921428
Flag_allMETFilters: 0

      Run : 1 Lumi: 25 Event: 24570
HSCP type: 1
Ih: 7.13435
P: 1593.36
Pt: 1498
Eta: 0.354941
Phi: -0.484514
NbPixelHit_noL1: 3
NOM_noL1: 15
FracOfValidHit: 0.944444
isHighPurityTrack: 1
miniRelIsoAll: 0.00510916
IsoSumPt_dr03: 0
dz: -1.68733e-10
dxy: 6.53886e+34
normChi2: 0.399544
EoP: 0.00510916
Pterr: 274.259
Fpix: 0.964527
RecoPFMET: 1081.99
RecoPFMET_phi: -0.482434
RecoCaloMET: 188.995
RecoCaloMET_phi: -0.477033
Flag_allMETFilters: 0

      Run : 1 Lumi: 25 Event: 24583
HSCP type: 0
Ih: 9.28108
P: 1654.76
Pt: 1153.51
Eta: 0.901414
Phi: -3.0234
NbPixelHit_noL1: 3
NOM_noL1: 16
FracOfValidHit: 1
isHighPurityTrack: 1
miniRelIsoAll: 0.716508
IsoSumPt_dr03: 0
dz: 1.08957e-32
dxy: 1.175e-05
normChi2: 0.652378
EoP: 0.014494
Pterr: 298.698
Fpix: 0.996385
RecoPFMET: 821.974
RecoPFMET_phi: 0.11698
RecoCaloMET: 21.4167
RecoCaloMET_phi: 0.372175
Flag_allMETFilters: 0

      Run : 1 Lumi: 25 Event: 24580
HSCP type: 0
Ih: 5.16873
P: 3798.29
Pt: 3062.48
Eta: -0.680025
Phi: 0.930679
NbPixelHit_noL1: 0
NOM_noL1: 9
FracOfValidHit: 0.75
isHighPurityTrack: 1
miniRelIsoAll: 1.1366
IsoSumPt_dr03: 0
dz: -3.89447e+08
dxy: -8.94478e-06
normChi2: 1.58033
EoP: 0.0015479
Pterr: 6390.08
Fpix: 1
RecoPFMET: 3287.64
RecoPFMET_phi: -2.19073
RecoCaloMET: 173.834
RecoCaloMET_phi: 0.7848
Flag_allMETFilters: 0

      Run : 1 Lumi: 25 Event: 24585
HSCP type: 1
Ih: 21.2644
P: 635.634
Pt: 444.24
Eta: 0.897804
Phi: -2.91146
NbPixelHit_noL1: 3
NOM_noL1: 15
FracOfValidHit: 1
isHighPurityTrack: 1
miniRelIsoAll: 0.00901708
IsoSumPt_dr03: 0
dz: -84881.1
dxy: 51969.4
normChi2: 0.122257
EoP: 0.00901708
Pterr: 101.932
Fpix: 1
RecoPFMET: 49.1183
RecoPFMET_phi: 2.08556
RecoCaloMET: 41.3398
RecoCaloMET_phi: 2.82734
Flag_allMETFilters: 0

      Run : 1 Lumi: 25 Event: 24582
HSCP type: 4
Ih: 7.20196
P: 1632.64
Pt: 1501.76
Eta: 0.414507
Phi: -1.04712
NbPixelHit_noL1: 3
NOM_noL1: 17
FracOfValidHit: 1
isHighPurityTrack: 1
miniRelIsoAll: 0.0037857
IsoSumPt_dr03: 0
dz: 9.25404e+32
dxy: 2.41626e-25
normChi2: 0.498957
EoP: 0.00352806
Pterr: 476.281
Fpix: 0.995587
RecoPFMET: 119.531
RecoPFMET_phi: -2.98464
RecoCaloMET: 83.7892
RecoCaloMET_phi: -2.8908
Flag_allMETFilters: 0

      Run : 1 Lumi: 25 Event: 24578
HSCP type: 0
Ih: 12.8162
P: 3782.47
Pt: 3466.57
Eta: 0.423742
Phi: -1.13657
NbPixelHit_noL1: 0
NOM_noL1: 7
FracOfValidHit: 1
isHighPurityTrack: 1
miniRelIsoAll: 0.295459
IsoSumPt_dr03: 0
dz: -0
dxy: -7.15982e-23
normChi2: 0.198806
EoP: 0.000140925
Pterr: 35360.5
Fpix: 1
RecoPFMET: 1067.9
RecoPFMET_phi: 2.18705
RecoCaloMET: 167.965
RecoCaloMET_phi: -2.93802
Flag_allMETFilters: 0

      Run : 1 Lumi: 25 Event: 24590
HSCP type: 0
Ih: 8.66405
P: 1601.52
Pt: 1600.78
Eta: 0.0302091
Phi: 0.843462
NbPixelHit_noL1: 3
NOM_noL1: 14
FracOfValidHit: 1
isHighPurityTrack: 1
miniRelIsoAll: 5.48598
IsoSumPt_dr03: 0
dz: 1.74176e+08
dxy: 9.05685e+14
normChi2: 0.590225
EoP: 0.00346773
Pterr: 586.517
Fpix: 0.96115
RecoPFMET: 8823.94
RecoPFMET_phi: -2.28405
RecoCaloMET: 117.813
RecoCaloMET_phi: -1.41887
Flag_allMETFilters: 0

      Run : 1 Lumi: 25 Event: 24584
HSCP type: 0
Ih: 7.08729
P: 2032.97
Pt: 979.19
Eta: -1.35986
Phi: -0.0226862
NbPixelHit_noL1: 2
NOM_noL1: 13
FracOfValidHit: 1
isHighPurityTrack: 1
miniRelIsoAll: 1
IsoSumPt_dr03: 0
dz: 1.84884e-35
dxy: -1.66281e-16
normChi2: 1.23728
EoP: 0
Pterr: 169.825
Fpix: 0.993438
RecoPFMET: 1068
RecoPFMET_phi: 3.0865
RecoCaloMET: 52.5558
RecoCaloMET_phi: 3.00544
Flag_allMETFilters: 0

      Run : 1 Lumi: 25 Event: 24589
HSCP type: 0
Ih: 9.18362
P: 1014.22
Pt: 259.708
Eta: -2.03865
Phi: 1.13598
NbPixelHit_noL1: 6
NOM_noL1: 22
FracOfValidHit: 1
isHighPurityTrack: 1
miniRelIsoAll: 1.14073
IsoSumPt_dr03: 0
dz: 9.38174e-17
dxy: -3.94802e+13
normChi2: 0.712672
EoP: 0
Pterr: 30.0447
Fpix: 1
RecoPFMET: 324.559
RecoPFMET_phi: -2.06563
RecoCaloMET: 31.1654
RecoCaloMET_phi: -2.1644
Flag_allMETFilters: 0

      Run : 1 Lumi: 25 Event: 24581
HSCP type: 0
Ih: 12.7999
P: 1512.29
Pt: 842.384
Eta: -1.18973
Phi: 2.46187
NbPixelHit_noL1: 3
NOM_noL1: 10
FracOfValidHit: 1
isHighPurityTrack: 1
miniRelIsoAll: 0.973642
IsoSumPt_dr03: 0
dz: 2.15112e+30
dxy: -40713.1
normChi2: 0.313282
EoP: 0.00372995
Pterr: 188.899
Fpix: 0.99994
RecoPFMET: 1143.76
RecoPFMET_phi: -0.485569
RecoCaloMET: 234.637
RecoCaloMET_phi: -0.0599128
Flag_allMETFilters: 0

      Run : 1 Lumi: 25 Event: 24586
HSCP type: 0
Ih: 14.3844
P: 1599.06
Pt: 1530.19
Eta: 0.298923
Phi: -0.0631407
NbPixelHit_noL1: 2
NOM_noL1: 10
FracOfValidHit: 1
isHighPurityTrack: 1
miniRelIsoAll: 0.723918
IsoSumPt_dr03: 0
dz: -1.74723e-25
dxy: 1.04474e+26
normChi2: 2.42352
EoP: 0.000318026
Pterr: 1767.85
Fpix: 0.999684
RecoPFMET: 200.636
RecoPFMET_phi: -2.67711
RecoCaloMET: 522.105
RecoCaloMET_phi: 1.38634
Flag_allMETFilters: 0

      Run : 1 Lumi: 25 Event: 24579
HSCP type: 0
Ih: 5.35196
P: 2411.9
Pt: 1276.02
Eta: -1.2511
Phi: -1.14442
NbPixelHit_noL1: 4
NOM_noL1: 11
FracOfValidHit: 1
isHighPurityTrack: 1
miniRelIsoAll: 0.756772
IsoSumPt_dr03: 0
dz: -5.26674e-25
dxy: -6.08989e-37
normChi2: 0.964309
EoP: 0.00752587
Pterr: 218.321
Fpix: 0.916945
RecoPFMET: 252.047
RecoPFMET_phi: 1.99462
RecoCaloMET: 98.6968
RecoCaloMET_phi: -1.93343
Flag_allMETFilters: 0

      Run : 1 Lumi: 25 Event: 24593
HSCP type: 0
Ih: 14.2631
P: 1024.69
Pt: 1019.75
Eta: -0.0983875
Phi: 2.52946
NbPixelHit_noL1: 1
NOM_noL1: 13
FracOfValidHit: 1
isHighPurityTrack: 1
miniRelIsoAll: 0.804423
IsoSumPt_dr03: 0
dz: -1.80229e+08
dxy: -2.60879e-15
normChi2: 0.161699
EoP: 0.007149
Pterr: 144.054
Fpix: 0.996877
RecoPFMET: 731.5
RecoPFMET_phi: -0.696067
RecoCaloMET: 71.7108
RecoCaloMET_phi: -2.88935
Flag_allMETFilters: 0

      Run : 1 Lumi: 25 Event: 24595
HSCP type: 0
Ih: 7.23124
P: 1214.91
Pt: 319.921
Eta: 2.0097
Phi: 2.81838
NbPixelHit_noL1: 3
NOM_noL1: 13
FracOfValidHit: 0.888889
isHighPurityTrack: 1
miniRelIsoAll: 1
IsoSumPt_dr03: 0
dz: 8.79346e-24
dxy: -1.01049e+26
normChi2: 0.566594
EoP: 0.000675138
Pterr: 64.4293
Fpix: 0.999924
RecoPFMET: 245.979
RecoPFMET_phi: -0.181789
RecoCaloMET: 87.5588
RecoCaloMET_phi: 2.67539
Flag_allMETFilters: 0

      Run : 1 Lumi: 25 Event: 24588
HSCP type: 0
Ih: 9.74362
P: 944.623
Pt: 943.525
Eta: -0.0482514
Phi: 0.0632408
NbPixelHit_noL1: 2
NOM_noL1: 13
FracOfValidHit: 0.9375
isHighPurityTrack: 1
miniRelIsoAll: 5.71971
IsoSumPt_dr03: 0
dz: 2.12857e-27
dxy: -2.56979e-15
normChi2: 0.469866
EoP: 0.00529959
Pterr: 165.661
Fpix: 0.993692
RecoPFMET: 5380.44
RecoPFMET_phi: -3.11312
RecoCaloMET: 160.769
RecoCaloMET_phi: 1.82043
Flag_allMETFilters: 0

      Run : 1 Lumi: 25 Event: 24592
HSCP type: 1
Ih: 3.09004
P: 1035.29
Pt: 326.113
Eta: -1.82255
Phi: -1.81045
NbPixelHit_noL1: 4
NOM_noL1: 16
FracOfValidHit: 1
isHighPurityTrack: 1
miniRelIsoAll: 1
IsoSumPt_dr03: 0
dz: -2.25689e-13
dxy: -0
normChi2: 1.00952
EoP: 1.02773
Pterr: 27.6825
Fpix: 0.850892
RecoPFMET: 593.373
RecoPFMET_phi: 1.39686
RecoCaloMET: 520.448
RecoCaloMET_phi: 1.40318
Flag_allMETFilters: 0

      Run : 1 Lumi: 25 Event: 24594
HSCP type: 0
Ih: 6.12094
P: 655.082
Pt: 348.003
Eta: -1.24623
Phi: 1.65098
NbPixelHit_noL1: 0
NOM_noL1: 4
FracOfValidHit: 0.909091
isHighPurityTrack: 1
miniRelIsoAll: 1.12996
IsoSumPt_dr03: 0
dz: -1.74258e+12
dxy: 0.00100651
normChi2: 0.998594
EoP: 0.0245265
Pterr: 573.946
Fpix: 1
RecoPFMET: 364.239
RecoPFMET_phi: -1.45512
RecoCaloMET: 10.744
RecoCaloMET_phi: -1.52066
Flag_allMETFilters: 0

      Run : 1 Lumi: 25 Event: 24601
HSCP type: 1
Ih: 5.75186
P: 1806.77
Pt: 1597.83
Eta: -0.505985
Phi: -2.74579
NbPixelHit_noL1: 3
NOM_noL1: 17
FracOfValidHit: 1
isHighPurityTrack: 1
miniRelIsoAll: 0.0024733
IsoSumPt_dr03: 0
dz: -29.1235
dxy: 0.00035841
normChi2: 0.252208
EoP: 0.0024733
Pterr: 331.324
Fpix: 0.99178
RecoPFMET: 38.3525
RecoPFMET_phi: 0.662482
RecoCaloMET: 17.213
RecoCaloMET_phi: 1.82114
Flag_allMETFilters: 0

      Run : 1 Lumi: 25 Event: 24599
HSCP type: 0
Ih: 12.8248
P: 1279.68
Pt: 1279.54
Eta: 0.0149393
Phi: -3.01019
NbPixelHit_noL1: 3
NOM_noL1: 15
FracOfValidHit: 1
isHighPurityTrack: 1
miniRelIsoAll: 10.611
IsoSumPt_dr03: 0
dz: 9.8462e-14
dxy: -1.66816e+19
normChi2: 0.319796
EoP: 0.00695602
Pterr: 455.716
Fpix: 0.994858
RecoPFMET: 13577
RecoPFMET_phi: 0.135316
RecoCaloMET: 18.5041
RecoCaloMET_phi: 1.67209
Flag_allMETFilters: 0

      Run : 1 Lumi: 25 Event: 24597
HSCP type: 4
Ih: 4.51454
P: 2004
Pt: 746.309
Eta: 1.64428
Phi: 2.87231
NbPixelHit_noL1: 3
NOM_noL1: 20
FracOfValidHit: 0.954545
isHighPurityTrack: 1
miniRelIsoAll: 0.00107838
IsoSumPt_dr03: 0
dz: -5.07365e-08
dxy: 0.00363323
normChi2: 0.790213
EoP: 0.00107781
Pterr: 85.5091
Fpix: 0.99361
RecoPFMET: 110.165
RecoPFMET_phi: -1.90035
RecoCaloMET: 76.7789
RecoCaloMET_phi: -2.22384
Flag_allMETFilters: 0

      Run : 1 Lumi: 25 Event: 24604
HSCP type: 0
Ih: 4.54057
P: 415.98
Pt: 189.598
Eta: 1.42235
Phi: 0.360038
NbPixelHit_noL1: 1
NOM_noL1: 3
FracOfValidHit: 0.6
isHighPurityTrack: 0
miniRelIsoAll: 0.0379015
IsoSumPt_dr03: 0
dz: 3.31844e-33
dxy: -1.30049e+12
normChi2: 1.46081
EoP: 0
Pterr: 19.7405
Fpix: 0.885056
RecoPFMET: 18.2575
RecoPFMET_phi: 1.85121
RecoCaloMET: 35.8712
RecoCaloMET_phi: 2.45898
Flag_allMETFilters: 0

      Run : 1 Lumi: 25 Event: 24606
HSCP type: 0
Ih: 8.31647
P: 1299.21
Pt: 989.414
Eta: -0.772031
Phi: -0.280405
NbPixelHit_noL1: 3
NOM_noL1: 14
FracOfValidHit: 0.944444
isHighPurityTrack: 1
miniRelIsoAll: 0.938415
IsoSumPt_dr03: 0
dz: 83361.1
dxy: 3.26314e+31
normChi2: 1.45088
EoP: 0.00428652
Pterr: 180.141
Fpix: 0.999311
RecoPFMET: 71.0492
RecoPFMET_phi: -3.08011
RecoCaloMET: 761.942
RecoCaloMET_phi: -0.302047
Flag_allMETFilters: 0

      Run : 1 Lumi: 25 Event: 24605
HSCP type: 4
Ih: 31.1196
P: 495.485
Pt: 463.019
Eta: 0.372325
Phi: -2.48505
NbPixelHit_noL1: 3
NOM_noL1: 17
FracOfValidHit: 1
isHighPurityTrack: 1
miniRelIsoAll: 0
IsoSumPt_dr03: 0
dz: -5.10723e+19
dxy: 3.08357e+12
normChi2: 0.162657
EoP: 0
Pterr: 86.5439
Fpix: 1
RecoPFMET: 181.258
RecoPFMET_phi: -2.85409
RecoCaloMET: 103.652
RecoCaloMET_phi: -2.73186
Flag_allMETFilters: 0

      Run : 1 Lumi: 25 Event: 24608
HSCP type: 0
Ih: 5.97754
P: 2416.16
Pt: 2165.15
Eta: -0.476982
Phi: -2.208
NbPixelHit_noL1: 3
NOM_noL1: 16
FracOfValidHit: 0.95
isHighPurityTrack: 1
miniRelIsoAll: 0.961542
IsoSumPt_dr03: 0
dz: -7.458e-38
dxy: 2.92841e+14
normChi2: 0.685005
EoP: 0.00419455
Pterr: 820.779
Fpix: 0.905904
RecoPFMET: 542.924
RecoPFMET_phi: 0.997824
RecoCaloMET: 36.673
RecoCaloMET_phi: 1.74909
Flag_allMETFilters: 0

      Run : 1 Lumi: 25 Event: 24603
HSCP type: 0
Ih: 5.18574
P: 2420.21
Pt: 2076.66
Eta: 0.567562
Phi: -0.766699
NbPixelHit_noL1: 3
NOM_noL1: 16
FracOfValidHit: 1
isHighPurityTrack: 1
miniRelIsoAll: 1.33582
IsoSumPt_dr03: 0
dz: 5.3929e-17
dxy: 7.1565e-20
normChi2: 0.412875
EoP: 0.00105555
Pterr: 1275.36
Fpix: 0.999547
RecoPFMET: 2839.93
RecoPFMET_phi: 2.39568
RecoCaloMET: 42.0858
RecoCaloMET_phi: 3.00273
Flag_allMETFilters: 0

      Run : 1 Lumi: 25 Event: 24600
HSCP type: 0
Ih: 15.068
P: 906.742
Pt: 850.447
Eta: 0.361875
Phi: -0.624262
NbPixelHit_noL1: 3
NOM_noL1: 16
FracOfValidHit: 1
isHighPurityTrack: 1
miniRelIsoAll: 0.824992
IsoSumPt_dr03: 0
dz: -1.79567e-09
dxy: 3.52791e+24
normChi2: 0.0832991
EoP: 0.00948186
Pterr: 249.406
Fpix: 0.999958
RecoPFMET: 92.6845
RecoPFMET_phi: -0.358566
RecoCaloMET: 26.5408
RecoCaloMET_phi: 2.79168
Flag_allMETFilters: 0

      Run : 1 Lumi: 25 Event: 24609
HSCP type: 0
Ih: 24.6252
P: 493.049
Pt: 376.974
Eta: 0.765886
Phi: -0.113791
NbPixelHit_noL1: 2
NOM_noL1: 16
FracOfValidHit: 1
isHighPurityTrack: 1
miniRelIsoAll: 6.93816
IsoSumPt_dr03: 0
dz: 1.02246e+06
dxy: 1.05779e+09
normChi2: 0.198079
EoP: 0
Pterr: 87.041
Fpix: 0.999998
RecoPFMET: 2678.42
RecoPFMET_phi: 3.01955
RecoCaloMET: 60.6011
RecoCaloMET_phi: 2.89454
Flag_allMETFilters: 0

      Run : 1 Lumi: 25 Event: 24612
HSCP type: 4
Ih: 3.07799
P: 47.6095
Pt: 47.555
Eta: -0.0478553
Phi: 2.56397
NbPixelHit_noL1: 2
NOM_noL1: 15
FracOfValidHit: 1
isHighPurityTrack: 1
miniRelIsoAll: 1
IsoSumPt_dr03: 0
dz: -6.94815e+36
dxy: -7.93405e+12
normChi2: 1.20288
EoP: 1.13961
Pterr: 0.446178
Fpix: 0.195254
RecoPFMET: 107.753
RecoPFMET_phi: 1.45677
RecoCaloMET: 478.673
RecoCaloMET_phi: -0.611586
Flag_allMETFilters: 0

      Run : 1 Lumi: 25 Event: 24613
HSCP type: 4
Ih: 12.3037
P: 251.656
Pt: 211.63
Eta: 0.605736
Phi: 0.617677
NbPixelHit_noL1: 3
NOM_noL1: 13
FracOfValidHit: 0.9375
isHighPurityTrack: 1
miniRelIsoAll: 0
IsoSumPt_dr03: 0
dz: -3.88551e-24
dxy: 3.06002e+25
normChi2: 0.142547
EoP: 0
Pterr: 29.5578
Fpix: 0.999955
RecoPFMET: 136.028
RecoPFMET_phi: -3.08624
RecoCaloMET: 118.713
RecoCaloMET_phi: 2.85476
Flag_allMETFilters: 0

      Run : 1 Lumi: 25 Event: 24615
HSCP type: 4
Ih: 3.708
P: 63.4099
Pt: 61.5174
Eta: 0.247416
Phi: -0.0827022
NbPixelHit_noL1: 2
NOM_noL1: 12
FracOfValidHit: 1
isHighPurityTrack: 1
miniRelIsoAll: 1
IsoSumPt_dr03: 0
dz: -2.56865e-28
dxy: 3.05493e+09
normChi2: 1.84137
EoP: 1.03856
Pterr: 0.645307
Fpix: 1
RecoPFMET: 179.469
RecoPFMET_phi: 3.12149
RecoCaloMET: 141.578
RecoCaloMET_phi: -3.02455
Flag_allMETFilters: 0

      Run : 1 Lumi: 25 Event: 24620
HSCP type: 4
Ih: 5.32545
P: 180.513
Pt: 88.9496
Eta: 1.33376
Phi: -2.69748
NbPixelHit_noL1: 2
NOM_noL1: 4
FracOfValidHit: 0.363636
isHighPurityTrack: 0
miniRelIsoAll: 0
IsoSumPt_dr03: 0
dz: -1.20006e-29
dxy: 9.04117e-31
normChi2: 4.11929e-05
EoP: 0
Pterr: 31.9105
Fpix: 0.611883
RecoPFMET: 40.2889
RecoPFMET_phi: 1.60788
RecoCaloMET: 59.3017
RecoCaloMET_phi: 2.25519
Flag_allMETFilters: 0

      Run : 1 Lumi: 25 Event: 24617
HSCP type: 0
Ih: 6.53931
P: 1427.85
Pt: 811.895
Eta: 1.16482
Phi: 1.71903
NbPixelHit_noL1: 2
NOM_noL1: 7
FracOfValidHit: 1
isHighPurityTrack: 1
miniRelIsoAll: 1
IsoSumPt_dr03: 0
dz: 5.97483e-36
dxy: -5.24852e+10
normChi2: 0.840869
EoP: 0.00442098
Pterr: 202.279
Fpix: 0.842421
RecoPFMET: 720.736
RecoPFMET_phi: -1.46109
RecoCaloMET: 76.4309
RecoCaloMET_phi: 2.46877
Flag_allMETFilters: 0

      Run : 1 Lumi: 25 Event: 24616
HSCP type: 0
Ih: 6.68036
P: 1784.91
Pt: 1673.15
Eta: -0.363494
Phi: -1.09944
NbPixelHit_noL1: 2
NOM_noL1: 13
FracOfValidHit: 1
isHighPurityTrack: 1
miniRelIsoAll: 1
IsoSumPt_dr03: 0
dz: -2.51478e+12
dxy: -1.1557e+11
normChi2: 0.769189
EoP: 0
Pterr: 437.855
Fpix: 0.912454
RecoPFMET: 207.973
RecoPFMET_phi: 1.86951
RecoCaloMET: 140.879
RecoCaloMET_phi: -0.897116
Flag_allMETFilters: 0

      Run : 1 Lumi: 25 Event: 24607
HSCP type: 1
Ih: 9.36645
P: 1102.6
Pt: 524.571
Eta: -1.37389
Phi: 2.70108
NbPixelHit_noL1: 3
NOM_noL1: 14
FracOfValidHit: 1
isHighPurityTrack: 1
miniRelIsoAll: 0
IsoSumPt_dr03: 0
dz: -3.96293e-12
dxy: -1.26777e+14
normChi2: 0.814533
EoP: 0
Pterr: 55.028
Fpix: 0.999627
RecoPFMET: 5667.1
RecoPFMET_phi: 2.75485
RecoCaloMET: 5314.4
RecoCaloMET_phi: 2.71312
Flag_allMETFilters: 0

      Run : 1 Lumi: 25 Event: 24619
HSCP type: 0
Ih: 8.08729
P: 1251.21
Pt: 901.314
Eta: 0.854873
Phi: -2.25344
NbPixelHit_noL1: 3
NOM_noL1: 15
FracOfValidHit: 0.944444
isHighPurityTrack: 1
miniRelIsoAll: 1
IsoSumPt_dr03: 0
dz: -1.49637e-30
dxy: -5.52591e-32
normChi2: 0.496302
EoP: 0
Pterr: 111.454
Fpix: 0.99953
RecoPFMET: 444.352
RecoPFMET_phi: 0.384254
RecoCaloMET: 2034.13
RecoCaloMET_phi: 0.839297
Flag_allMETFilters: 0

      Run : 1 Lumi: 25 Event: 24610
HSCP type: 0
Ih: 4.32318
P: 2860.76
Pt: 1339.76
Eta: -1.39176
Phi: 2.32121
NbPixelHit_noL1: 3
NOM_noL1: 17
FracOfValidHit: 1
isHighPurityTrack: 1
miniRelIsoAll: 0.999994
IsoSumPt_dr03: 0
dz: 0.000296494
dxy: 6164.7
normChi2: 1.24703
EoP: 0
Pterr: 205.113
Fpix: 0.728801
RecoPFMET: 677.213
RecoPFMET_phi: -0.124466
RecoCaloMET: 884.052
RecoCaloMET_phi: 1.88534
Flag_allMETFilters: 0

      Run : 1 Lumi: 25 Event: 24624
HSCP type: 0
Ih: 14.9719
P: 812.92
Pt: 756.255
Eta: -0.384736
Phi: 1.35953
NbPixelHit_noL1: 3
NOM_noL1: 13
FracOfValidHit: 1
isHighPurityTrack: 1
miniRelIsoAll: 1.29136
IsoSumPt_dr03: 0
dz: 4.72446e+33
dxy: 2.48553e+19
normChi2: 0.276749
EoP: 0.00356527
Pterr: 182.018
Fpix: 0.999958
RecoPFMET: 931.803
RecoPFMET_phi: -1.81548
RecoCaloMET: 49.6754
RecoCaloMET_phi: 2.17812
Flag_allMETFilters: 0

      Run : 1 Lumi: 25 Event: 24622
HSCP type: 4
Ih: 18.2488
P: 783.483
Pt: 401.744
Eta: -1.28772
Phi: -1.2524
NbPixelHit_noL1: 2
NOM_noL1: 10
FracOfValidHit: 1
isHighPurityTrack: 1
miniRelIsoAll: 0
IsoSumPt_dr03: 0
dz: -256478
dxy: -3.75624e-12
normChi2: 0.313601
EoP: 0
Pterr: 43.2471
Fpix: 0.999997
RecoPFMET: 167.074
RecoPFMET_phi: 1.56252
RecoCaloMET: 120.462
RecoCaloMET_phi: 1.62468
Flag_allMETFilters: 0

      Run : 1 Lumi: 25 Event: 24625
HSCP type: 0
Ih: 20.7615
P: 615.177
Pt: 435.614
Eta: -0.879364
Phi: 1.67874
NbPixelHit_noL1: 3
NOM_noL1: 17
FracOfValidHit: 0.947368
isHighPurityTrack: 1
miniRelIsoAll: 1.30136
IsoSumPt_dr03: 0
dz: 2.53797e-26
dxy: 1.17159e-26
normChi2: 0.321278
EoP: 0
Pterr: 39.0183
Fpix: 1
RecoPFMET: 113.481
RecoPFMET_phi: 0.955765
RecoCaloMET: 15.1416
RecoCaloMET_phi: -3.03762
Flag_allMETFilters: 0

      Run : 1 Lumi: 25 Event: 24627
HSCP type: 1
Ih: 5.94961
P: 857.856
Pt: 641.321
Eta: -0.800231
Phi: -0.19362
NbPixelHit_noL1: 0
NOM_noL1: 9
FracOfValidHit: 0.5625
isHighPurityTrack: 1
miniRelIsoAll: 0
IsoSumPt_dr03: 0
dz: 3.11752e+12
dxy: -2.49479e+13
normChi2: 0.161882
EoP: 0
Pterr: 481.48
Fpix: 1
RecoPFMET: 40.7021
RecoPFMET_phi: 2.65892
RecoCaloMET: 28.6075
RecoCaloMET_phi: 2.02791
Flag_allMETFilters: 0

      Run : 1 Lumi: 25 Event: 24621
HSCP type: 4
Ih: 3.43875
P: 111.697
Pt: 75.2381
Eta: 0.948498
Phi: 1.52176
NbPixelHit_noL1: 2
NOM_noL1: 12
FracOfValidHit: 0.9375
isHighPurityTrack: 1
miniRelIsoAll: 1
IsoSumPt_dr03: 0
dz: 0.000159562
dxy: 1.63298e+28
normChi2: 1.47944
EoP: 1.37518
Pterr: 1.73812
Fpix: 1
RecoPFMET: 752.975
RecoPFMET_phi: -1.65818
RecoCaloMET: 691.98
RecoCaloMET_phi: -1.64998
Flag_allMETFilters: 0

      Run : 1 Lumi: 25 Event: 24618
HSCP type: 4
Ih: 3.33101
P: 60.5171
Pt: 49.9063
Eta: -0.641063
Phi: 0.957034
NbPixelHit_noL1: 3
NOM_noL1: 14
FracOfValidHit: 0.941176
isHighPurityTrack: 1
miniRelIsoAll: 1
IsoSumPt_dr03: 0
dz: 5.7943e+20
dxy: -4.13595e+37
normChi2: 1.03237
EoP: 1.32065
Pterr: 0.469638
Fpix: 0.294248
RecoPFMET: 22234.3
RecoPFMET_phi: 0.437587
RecoCaloMET: 23752.1
RecoCaloMET_phi: 0.429964
Flag_allMETFilters: 0

      Run : 1 Lumi: 25 Event: 24630
HSCP type: 0
Ih: 6.07254
P: 1733.61
Pt: 955.072
Eta: -1.20298
Phi: -0.0320462
NbPixelHit_noL1: 1
NOM_noL1: 9
FracOfValidHit: 1
isHighPurityTrack: 1
miniRelIsoAll: 1.26113
IsoSumPt_dr03: 0
dz: -0.0111147
dxy: 9.4766e-08
normChi2: 0.743675
EoP: 0.0020407
Pterr: 204.696
Fpix: 0.988459
RecoPFMET: 1256.83
RecoPFMET_phi: 3.11456
RecoCaloMET: 68.3546
RecoCaloMET_phi: -3.03415
Flag_allMETFilters: 0

      Run : 1 Lumi: 25 Event: 24633
HSCP type: 0
Ih: 9.07144
P: 1298.07
Pt: 1122.41
Eta: -0.552424
Phi: 1.23537
NbPixelHit_noL1: 3
NOM_noL1: 17
FracOfValidHit: 1
isHighPurityTrack: 1
miniRelIsoAll: 0.84236
IsoSumPt_dr03: 0
dz: -7098.85
dxy: 0.0561198
normChi2: 0.338665
EoP: 0.00927837
Pterr: 266.05
Fpix: 0.997674
RecoPFMET: 913.471
RecoPFMET_phi: -1.89039
RecoCaloMET: 12.5699
RecoCaloMET_phi: -0.378831
Flag_allMETFilters: 0

      Run : 1 Lumi: 25 Event: 24626
HSCP type: 0
Ih: 6.89922
P: 1363.74
Pt: 269.332
Eta: 2.30529
Phi: 2.53709
NbPixelHit_noL1: 3
NOM_noL1: 18
FracOfValidHit: 1
isHighPurityTrack: 1
miniRelIsoAll: 1.10509
IsoSumPt_dr03: 0
dz: 1.60403e-38
dxy: -1.65783e+25
normChi2: 0.992434
EoP: 0
Pterr: 54.243
Fpix: 0.999959
RecoPFMET: 325.394
RecoPFMET_phi: -0.534417
RecoCaloMET: 3.7647
RecoCaloMET_phi: 1.02791
Flag_allMETFilters: 0

      Run : 1 Lumi: 25 Event: 24623
HSCP type: 0
Ih: 4.77527
P: 1915.3
Pt: 1018.1
Eta: -1.24551
Phi: -2.26612
NbPixelHit_noL1: 2
NOM_noL1: 12
FracOfValidHit: 1
isHighPurityTrack: 1
miniRelIsoAll: 1.32988
IsoSumPt_dr03: 0
dz: 8.25843e+12
dxy: -1.03578e+17
normChi2: 0.403447
EoP: 0.00299179
Pterr: 156.337
Fpix: 0.905904
RecoPFMET: 337.266
RecoPFMET_phi: -2.30243
RecoCaloMET: 12.4276
RecoCaloMET_phi: 2.03926
Flag_allMETFilters: 0

      Run : 1 Lumi: 25 Event: 24632
HSCP type: 0
Ih: 2.06678
P: 75.8851
Pt: 17.1196
Eta: -2.16917
Phi: -2.18894
NbPixelHit_noL1: 0
NOM_noL1: 5
FracOfValidHit: 0.875
isHighPurityTrack: 0
miniRelIsoAll: 1
IsoSumPt_dr03: 0
dz: -0
dxy: -8.80164e-37
normChi2: 2.56477
EoP: 0
Pterr: 4.01404
Fpix: 1
RecoPFMET: 21.5547
RecoPFMET_phi: 0.88947
RecoCaloMET: 16.704
RecoCaloMET_phi: 0.0838619
Flag_allMETFilters: 0

      Run : 1 Lumi: 25 Event: 24631
HSCP type: 0
Ih: 24.3831
P: 486.267
Pt: 397.558
Eta: 0.656198
Phi: -2.3437
NbPixelHit_noL1: 3
NOM_noL1: 17
FracOfValidHit: 1
isHighPurityTrack: 1
miniRelIsoAll: 1
IsoSumPt_dr03: 0
dz: -1.41559e-09
dxy: -4.35934e-07
normChi2: 0.0471442
EoP: 0
Pterr: 101.596
Fpix: 0.999999
RecoPFMET: 77.3836
RecoPFMET_phi: -0.922576
RecoCaloMET: 167.228
RecoCaloMET_phi: 1.07398
Flag_allMETFilters: 0

      Run : 1 Lumi: 25 Event: 24637
HSCP type: 4
Ih: 2.92532
P: 108.762
Pt: 47.8658
Eta: 1.46154
Phi: -3.00948
NbPixelHit_noL1: 0
NOM_noL1: 4
FracOfValidHit: 0.727273
isHighPurityTrack: 0
miniRelIsoAll: 0
IsoSumPt_dr03: 0
dz: 4.31507e-30
dxy: -4.57334e-18
normChi2: 0.848086
EoP: 0
Pterr: 31.7683
Fpix: 1
RecoPFMET: 214.664
RecoPFMET_phi: -0.125838
RecoCaloMET: 160.675
RecoCaloMET_phi: -0.274623
Flag_allMETFilters: 0

      Run : 1 Lumi: 25 Event: 24634
HSCP type: 0
Ih: 11.8605
P: 1024.63
Pt: 943.629
Eta: -0.411438
Phi: 1.8378
NbPixelHit_noL1: 3
NOM_noL1: 16
FracOfValidHit: 1
isHighPurityTrack: 1
miniRelIsoAll: 1
IsoSumPt_dr03: 0
dz: 6.46171e-21
dxy: 3.06953e+09
normChi2: 0.432515
EoP: 0.00794567
Pterr: 331.386
Fpix: 0.99994
RecoPFMET: 781.202
RecoPFMET_phi: -1.38707
RecoCaloMET: 77.2556
RecoCaloMET_phi: 2.21796
Flag_allMETFilters: 0

      Run : 1 Lumi: 25 Event: 24639
HSCP type: 0
Ih: 6.65444
P: 1950.14
Pt: 789.012
Eta: 1.55433
Phi: 0.0915515
NbPixelHit_noL1: 3
NOM_noL1: 15
FracOfValidHit: 1
isHighPurityTrack: 1
miniRelIsoAll: 0.0317585
IsoSumPt_dr03: 0
dz: -4.74529e-24
dxy: -8.19022e+08
normChi2: 0.80226
EoP: 0
Pterr: 94.9223
Fpix: 0.99288
RecoPFMET: 16.3676
RecoPFMET_phi: -2.7783
RecoCaloMET: 11.0902
RecoCaloMET_phi: -0.878533
Flag_allMETFilters: 0

      Run : 1 Lumi: 25 Event: 24641
HSCP type: 4
Ih: 15.2653
P: 919.917
Pt: 613.852
Eta: -0.961168
Phi: -2.81734
NbPixelHit_noL1: 3
NOM_noL1: 13
FracOfValidHit: 1
isHighPurityTrack: 1
miniRelIsoAll: 0.00995346
IsoSumPt_dr03: 0
dz: -230.206
dxy: 6.56041e+29
normChi2: 0.156911
EoP: 0.00188495
Pterr: 265.547
Fpix: 1
RecoPFMET: 545.87
RecoPFMET_phi: -2.77547
RecoCaloMET: 83.2663
RecoCaloMET_phi: 1.48543
Flag_allMETFilters: 0

      Run : 1 Lumi: 25 Event: 24645
HSCP type: 0
Ih: 23.1836
P: 592.019
Pt: 592.019
Eta: 9.71054e-06
Phi: 1.90981
NbPixelHit_noL1: 3
NOM_noL1: 15
FracOfValidHit: 1
isHighPurityTrack: 1
miniRelIsoAll: 1.02661
IsoSumPt_dr03: 0
dz: -1.02795e+14
dxy: 4.88215e+06
normChi2: 0.0595717
EoP: 0
Pterr: 71.1272
Fpix: 1
RecoPFMET: 233.045
RecoPFMET_phi: 1.9766
RecoCaloMET: 27.1211
RecoCaloMET_phi: 3.11736
Flag_allMETFilters: 0

      Run : 1 Lumi: 25 Event: 24646
HSCP type: 0
Ih: 10.9097
P: 1379.37
Pt: 1309.6
Eta: -0.325001
Phi: 2.49817
NbPixelHit_noL1: 2
NOM_noL1: 15
FracOfValidHit: 1
isHighPurityTrack: 1
miniRelIsoAll: 1.27893
IsoSumPt_dr03: 0
dz: -1.36086e-17
dxy: -6.37413e-05
normChi2: 0.29208
EoP: 0
Pterr: 752.951
Fpix: 0.986179
RecoPFMET: 1442.11
RecoPFMET_phi: -0.687138
RecoCaloMET: 176.553
RecoCaloMET_phi: 3.08747
Flag_allMETFilters: 0

      Run : 1 Lumi: 25 Event: 24642
HSCP type: 0
Ih: 10.0999
P: 893.542
Pt: 249.033
Eta: -1.95074
Phi: -0.778404
NbPixelHit_noL1: 5
NOM_noL1: 24
FracOfValidHit: 1
isHighPurityTrack: 1
miniRelIsoAll: 1.18081
IsoSumPt_dr03: 0
dz: -3.28761e-21
dxy: -3.4714e-30
normChi2: 0.913823
EoP: 0
Pterr: 34.3257
Fpix: 1
RecoPFMET: 351.456
RecoPFMET_phi: 2.03768
RecoCaloMET: 59.601
RecoCaloMET_phi: 1.03401
Flag_allMETFilters: 0

      Run : 1 Lumi: 25 Event: 24643
HSCP type: 0
Ih: 8.96669
P: 1133.74
Pt: 1032.66
Eta: 0.438924
Phi: -1.8414
NbPixelHit_noL1: 3
NOM_noL1: 16
FracOfValidHit: 1
isHighPurityTrack: 1
miniRelIsoAll: 0.867071
IsoSumPt_dr03: 0
dz: 2.14742e-33
dxy: -1.31484e+14
normChi2: 0.253653
EoP: 0.113395
Pterr: 364.36
Fpix: 0.99998
RecoPFMET: 307.054
RecoPFMET_phi: -1.92927
RecoCaloMET: 299.021
RecoCaloMET_phi: 1.17411
Flag_allMETFilters: 0

      Run : 1 Lumi: 25 Event: 24628
HSCP type: 0
Ih: 6.30348
P: 1633.26
Pt: 770.218
Eta: -1.3839
Phi: 2.62907
NbPixelHit_noL1: 3
NOM_noL1: 8
FracOfValidHit: 0.642857
isHighPurityTrack: 1
miniRelIsoAll: 4.01122
IsoSumPt_dr03: 0
dz: 1.20731e+26
dxy: 1.60679e+13
normChi2: 0.463436
EoP: 0
Pterr: 668.768
Fpix: 0.994858
RecoPFMET: 2947.51
RecoPFMET_phi: -0.444318
RecoCaloMET: 200.65
RecoCaloMET_phi: 1.67204
Flag_allMETFilters: 0

      Run : 1 Lumi: 25 Event: 24647
HSCP type: 0
Ih: 16.9907
P: 692.936
Pt: 411.32
Eta: 1.112
Phi: 2.13097
NbPixelHit_noL1: 3
NOM_noL1: 7
FracOfValidHit: 0.9375
isHighPurityTrack: 1
miniRelIsoAll: 1
IsoSumPt_dr03: 0
dz: -1.1024e+31
dxy: -7.64469e-25
normChi2: 0.0877082
EoP: 0
Pterr: 142.104
Fpix: 1
RecoPFMET: 15.0666
RecoPFMET_phi: 0.171784
RecoCaloMET: 309.682
RecoCaloMET_phi: -1.21645
Flag_allMETFilters: 0

      Run : 1 Lumi: 25 Event: 24644
HSCP type: 1
Ih: 10.3466
P: 852.817
Pt: 149.284
Eta: 2.4281
Phi: 3.13081
NbPixelHit_noL1: 5
NOM_noL1: 13
FracOfValidHit: 1
isHighPurityTrack: 1
miniRelIsoAll: 0
IsoSumPt_dr03: 0
dz: 42.5053
dxy: -100313
normChi2: 0.626311
EoP: 0
Pterr: 29.0745
Fpix: 0.99999
RecoPFMET: 77.267
RecoPFMET_phi: 1.35606
RecoCaloMET: 61.945
RecoCaloMET_phi: 1.52476
Flag_allMETFilters: 0

      Run : 1 Lumi: 25 Event: 24650
HSCP type: 4
Ih: 28.6813
P: 399.67
Pt: 327.567
Eta: -0.651896
Phi: -0.0639445
NbPixelHit_noL1: 3
NOM_noL1: 15
FracOfValidHit: 1
isHighPurityTrack: 1
miniRelIsoAll: 0
IsoSumPt_dr03: 0
dz: -1.44293e-27
dxy: 1.22482e+22
normChi2: 0.297031
EoP: 0
Pterr: 59.3414
Fpix: 1
RecoPFMET: 13.2371
RecoPFMET_phi: -2.45971
RecoCaloMET: 32.6877
RecoCaloMET_phi: -2.75619
Flag_allMETFilters: 0

      Run : 1 Lumi: 25 Event: 24655
HSCP type: 0
Ih: 7.66257
P: 1244.63
Pt: 1012.69
Eta: -0.664518
Phi: 1.42226
NbPixelHit_noL1: 2
NOM_noL1: 16
FracOfValidHit: 1
isHighPurityTrack: 1
miniRelIsoAll: 1.49739
IsoSumPt_dr03: 0
dz: -2.06365e+24
dxy: -6.90715e-19
normChi2: 0.144496
EoP: 0.00611202
Pterr: 319.362
Fpix: 0.995314
RecoPFMET: 109.34
RecoPFMET_phi: 1.08549
RecoCaloMET: 58.7959
RecoCaloMET_phi: -1.75529
Flag_allMETFilters: 0

      Run : 1 Lumi: 25 Event: 24651
HSCP type: 4
Ih: 3.58216
P: 489.315
Pt: 246.861
Eta: 1.30659
Phi: -0.828655
NbPixelHit_noL1: 2
NOM_noL1: 14
FracOfValidHit: 1
isHighPurityTrack: 1
miniRelIsoAll: 0
IsoSumPt_dr03: 0
dz: 1.53436e+10
dxy: 1.34305e-18
normChi2: 0.559665
EoP: 0
Pterr: 17.9299
Fpix: 1
RecoPFMET: 33.4995
RecoPFMET_phi: 2.2044
RecoCaloMET: 37.8398
RecoCaloMET_phi: 2.24145
Flag_allMETFilters: 0

      Run : 1 Lumi: 25 Event: 24648
HSCP type: 0
Ih: 15.3325
P: 737.881
Pt: 427.324
Eta: -1.14246
Phi: 0.752855
NbPixelHit_noL1: 3
NOM_noL1: 6
FracOfValidHit: 0.9
isHighPurityTrack: 1
miniRelIsoAll: 1.06861
IsoSumPt_dr03: 0
dz: 1.87671e+34
dxy: -7.30378e-28
normChi2: 0.302743
EoP: 0
Pterr: 64.8548
Fpix: 0.999998
RecoPFMET: 221.046
RecoPFMET_phi: 0.649458
RecoCaloMET: 466.246
RecoCaloMET_phi: -2.40231
Flag_allMETFilters: 0

      Run : 1 Lumi: 25 Event: 24652
HSCP type: 0
Ih: 16.982
P: 949.471
Pt: 662.369
Eta: -0.900351
Phi: 1.82438
NbPixelHit_noL1: 3
NOM_noL1: 16
FracOfValidHit: 1
isHighPurityTrack: 1
miniRelIsoAll: 0.890837
IsoSumPt_dr03: 0
dz: 1.16489e-26
dxy: -9.58612e+25
normChi2: 0.384997
EoP: 0.00626398
Pterr: 249.449
Fpix: 1
RecoPFMET: 663.431
RecoPFMET_phi: -1.35004
RecoCaloMET: 41.5629
RecoCaloMET_phi: -1.46914
Flag_allMETFilters: 0

      Run : 1 Lumi: 25 Event: 24659
HSCP type: 0
Ih: 11.713
P: 1393.47
Pt: 1197.16
Eta: 0.565125
Phi: 1.91617
NbPixelHit_noL1: 3
NOM_noL1: 16
FracOfValidHit: 1
isHighPurityTrack: 1
miniRelIsoAll: 0.590524
IsoSumPt_dr03: 0
dz: -0.0147475
dxy: 3.48724e-25
normChi2: 1.20384
EoP: 0.000326449
Pterr: 331.424
Fpix: 0.513785
RecoPFMET: 114.512
RecoPFMET_phi: 1.66767
RecoCaloMET: 59.9872
RecoCaloMET_phi: -0.806698
Flag_allMETFilters: 0

      Run : 1 Lumi: 25 Event: 24660
HSCP type: 0
Ih: 12.0077
P: 1346.99
Pt: 550.603
Eta: -1.5431
Phi: -0.800097
NbPixelHit_noL1: 2
NOM_noL1: 14
FracOfValidHit: 0.95
isHighPurityTrack: 1
miniRelIsoAll: 1.02795
IsoSumPt_dr03: 0
dz: -1.14688e+13
dxy: -4.4507e+30
normChi2: 1.40386
EoP: 0
Pterr: 64.4576
Fpix: 0.999998
RecoPFMET: 549.011
RecoPFMET_phi: 2.36623
RecoCaloMET: 26.9316
RecoCaloMET_phi: 0.126926
Flag_allMETFilters: 0

      Run : 1 Lumi: 25 Event: 24653
HSCP type: 0
Ih: 14.5662
P: 571.262
Pt: 269.613
Eta: -1.38299
Phi: -2.34076
NbPixelHit_noL1: 2
NOM_noL1: 15
FracOfValidHit: 1
isHighPurityTrack: 1
miniRelIsoAll: 1
IsoSumPt_dr03: 0
dz: 2.52767e-08
dxy: -5.90434e+28
normChi2: 0.404681
EoP: 0
Pterr: 17.2558
Fpix: 0.999817
RecoPFMET: 233.063
RecoPFMET_phi: 1.06986
RecoCaloMET: 34.1037
RecoCaloMET_phi: 2.87033
Flag_allMETFilters: 0

      Run : 1 Lumi: 25 Event: 24663
HSCP type: 0
Ih: 8.94675
P: 998.277
Pt: 367.997
Eta: -1.65526
Phi: -1.7483
NbPixelHit_noL1: 0
NOM_noL1: 14
FracOfValidHit: 0.9375
isHighPurityTrack: 1
miniRelIsoAll: 1.02709
IsoSumPt_dr03: 0
dz: 14474.4
dxy: -0.000327243
normChi2: 0.834013
EoP: 0
Pterr: 137.005
Fpix: 1
RecoPFMET: 422.824
RecoPFMET_phi: 1.49103
RecoCaloMET: 63.5441
RecoCaloMET_phi: 2.78262
Flag_allMETFilters: 0

      Run : 1 Lumi: 25 Event: 24654
HSCP type: 0
Ih: 8.12388
P: 3344.37
Pt: 958.649
Eta: -1.92145
Phi: 2.16284
NbPixelHit_noL1: 4
NOM_noL1: 19
FracOfValidHit: 1
isHighPurityTrack: 1
miniRelIsoAll: 1.26268
IsoSumPt_dr03: 0
dz: 1.10692e+26
dxy: 6.69284e-26
normChi2: 0.810316
EoP: 0
Pterr: 346.142
Fpix: 1
RecoPFMET: 1229.63
RecoPFMET_phi: -0.969682
RecoCaloMET: 34.7747
RecoCaloMET_phi: 0.251169
Flag_allMETFilters: 0

      Run : 1 Lumi: 25 Event: 24661
HSCP type: 0
Ih: 7.95292
P: 1892.42
Pt: 1205.67
Eta: 1.02224
Phi: 0.0505323
NbPixelHit_noL1: 3
NOM_noL1: 9
FracOfValidHit: 1
isHighPurityTrack: 1
miniRelIsoAll: 4.82409
IsoSumPt_dr03: 0
dz: -4.83491e-30
dxy: -6.12214e-33
normChi2: 0.245741
EoP: 0.00806476
Pterr: 195.282
Fpix: 0.998361
RecoPFMET: 4570.75
RecoPFMET_phi: -3.09991
RecoCaloMET: 131.255
RecoCaloMET_phi: -1.22769
Flag_allMETFilters: 0

      Run : 1 Lumi: 25 Event: 24658
HSCP type: 0
Ih: 8.50751
P: 1278.41
Pt: 1119.95
Eta: -0.525873
Phi: 2.05811
NbPixelHit_noL1: 3
NOM_noL1: 14
FracOfValidHit: 1
isHighPurityTrack: 1
miniRelIsoAll: 1
IsoSumPt_dr03: 0
dz: 1.67699e-23
dxy: -7.60053e+21
normChi2: 0.378444
EoP: 0.0177027
Pterr: 365.721
Fpix: 0.999409
RecoPFMET: 1063.03
RecoPFMET_phi: -1.02861
RecoCaloMET: 38.0759
RecoCaloMET_phi: 1.60455
Flag_allMETFilters: 0

      Run : 1 Lumi: 25 Event: 24673
HSCP type: 0
Ih: 11.6791
P: 941.081
Pt: 430.647
Eta: 1.41787
Phi: 2.33495
NbPixelHit_noL1: 2
NOM_noL1: 16
FracOfValidHit: 1
isHighPurityTrack: 1
miniRelIsoAll: 1.57563
IsoSumPt_dr03: 0
dz: 7.14853e-37
dxy: 2.56373e+22
normChi2: 0.682279
EoP: 0
Pterr: 38.634
Fpix: 0.997722
RecoPFMET: 685.706
RecoPFMET_phi: -0.790818
RecoCaloMET: 12.7423
RecoCaloMET_phi: -0.720419
Flag_allMETFilters: 0

      Run : 1 Lumi: 25 Event: 24666
HSCP type: 0
Ih: 6.08846
P: 2432.1
Pt: 1891.73
Eta: -0.738919
Phi: -0.737689
NbPixelHit_noL1: 3
NOM_noL1: 15
FracOfValidHit: 1
isHighPurityTrack: 1
miniRelIsoAll: 0.900337
IsoSumPt_dr03: 0
dz: -0.00228552
dxy: 9.38039e-22
normChi2: 2.53528
EoP: 0.00328271
Pterr: 531.753
Fpix: 0.931435
RecoPFMET: 1151.03
RecoPFMET_phi: 2.29804
RecoCaloMET: 515.919
RecoCaloMET_phi: -0.532434
Flag_allMETFilters: 0

      Run : 1 Lumi: 25 Event: 24662
HSCP type: 0
Ih: 11.5384
P: 983.496
Pt: 975.173
Eta: 0.13056
Phi: 0.304583
NbPixelHit_noL1: 3
NOM_noL1: 12
FracOfValidHit: 1
isHighPurityTrack: 1
miniRelIsoAll: 1.48186
IsoSumPt_dr03: 0
dz: -228886
dxy: 4.80544e+24
normChi2: 0.331431
EoP: 0.000331138
Pterr: 261.995
Fpix: 0.992613
RecoPFMET: 1489.22
RecoPFMET_phi: -2.8262
RecoCaloMET: 63.8002
RecoCaloMET_phi: -2.62235
Flag_allMETFilters: 0

      Run : 1 Lumi: 25 Event: 24671
HSCP type: 0
Ih: 7.1666
P: 1759.26
Pt: 1718.27
Eta: -0.217983
Phi: 3.01117
NbPixelHit_noL1: 3
NOM_noL1: 16
FracOfValidHit: 1
isHighPurityTrack: 1
miniRelIsoAll: 0.854508
IsoSumPt_dr03: 0
dz: 1.52309e-15
dxy: -3.00412e+15
normChi2: 0.515876
EoP: 0.00518688
Pterr: 593.367
Fpix: 0.989816
RecoPFMET: 73.7367
RecoPFMET_phi: -2.92107
RecoCaloMET: 100.199
RecoCaloMET_phi: 2.9812
Flag_allMETFilters: 0

      Run : 1 Lumi: 25 Event: 24677
HSCP type: 0
Ih: 5.68403
P: 1929.72
Pt: 1558.47
Eta: 0.677226
Phi: 1.09653
NbPixelHit_noL1: 3
NOM_noL1: 17
FracOfValidHit: 1
isHighPurityTrack: 1
miniRelIsoAll: 0.741973
IsoSumPt_dr03: 0
dz: 1.34169e+08
dxy: -1.06898e+18
normChi2: 1.30914
EoP: 0.00545181
Pterr: 308.298
Fpix: 0.948847
RecoPFMET: 285.551
RecoPFMET_phi: 0.952408
RecoCaloMET: 21.9442
RecoCaloMET_phi: 0.236767
Flag_allMETFilters: 0

      Run : 1 Lumi: 25 Event: 24672
HSCP type: 0
Ih: 18.3178
P: 789.563
Pt: 508.029
Eta: -1.00938
Phi: -0.506414
NbPixelHit_noL1: 3
NOM_noL1: 8
FracOfValidHit: 1
isHighPurityTrack: 1
miniRelIsoAll: 1
IsoSumPt_dr03: 0
dz: 1.91632e-29
dxy: 2.73693e+38
normChi2: 0.226591
EoP: 0.00243897
Pterr: 219.9
Fpix: 0.999965
RecoPFMET: 307.141
RecoPFMET_phi: 2.58508
RecoCaloMET: 31.1489
RecoCaloMET_phi: -3.06466
Flag_allMETFilters: 0

      Run : 1 Lumi: 25 Event: 24657
HSCP type: 0
Ih: 19.7443
P: 564.017
Pt: 322.816
Eta: 1.15684
Phi: -2.12188
NbPixelHit_noL1: 3
NOM_noL1: 9
FracOfValidHit: 1
isHighPurityTrack: 1
miniRelIsoAll: 1.32739
IsoSumPt_dr03: 0
dz: -5.572e-17
dxy: -6.49887e+25
normChi2: 0.246755
EoP: 0
Pterr: 32.7529
Fpix: 0.999998
RecoPFMET: 598.128
RecoPFMET_phi: 0.854704
RecoCaloMET: 152.925
RecoCaloMET_phi: 0.606397
Flag_allMETFilters: 0

      Run : 1 Lumi: 25 Event: 24674
HSCP type: 0
Ih: 5.48472
P: 1960.03
Pt: 1399.35
Eta: -0.867694
Phi: -0.809527
NbPixelHit_noL1: 3
NOM_noL1: 14
FracOfValidHit: 1
isHighPurityTrack: 1
miniRelIsoAll: 0.99391
IsoSumPt_dr03: 0
dz: -5.69422e+25
dxy: -1.28697e+16
normChi2: 0.559752
EoP: 0.00378155
Pterr: 206.176
Fpix: 0.984446
RecoPFMET: 1379.23
RecoPFMET_phi: 2.35819
RecoCaloMET: 35.979
RecoCaloMET_phi: -2.18461
Flag_allMETFilters: 0

      Run : 1 Lumi: 25 Event: 24676
HSCP type: 0
Ih: 8.14854
P: 999.911
Pt: 996.083
Eta: 0.0876427
Phi: -1.39695
NbPixelHit_noL1: 2
NOM_noL1: 13
FracOfValidHit: 1
isHighPurityTrack: 1
miniRelIsoAll: 2.46923
IsoSumPt_dr03: 0
dz: -5.35786e-27
dxy: -3.42285e-12
normChi2: 0.39137
EoP: 0
Pterr: 354.149
Fpix: 0.953332
RecoPFMET: 2342.15
RecoPFMET_phi: 2.21477
RecoCaloMET: 1054.24
RecoCaloMET_phi: -2.64587
Flag_allMETFilters: 0

      Run : 1 Lumi: 25 Event: 24670
HSCP type: 4
Ih: 3.73823
P: 73.6848
Pt: 58.1988
Eta: 0.714227
Phi: -2.11348
NbPixelHit_noL1: 3
NOM_noL1: 13
FracOfValidHit: 0.9375
isHighPurityTrack: 1
miniRelIsoAll: 1
IsoSumPt_dr03: 0
dz: 43566.3
dxy: -0.00102171
normChi2: 0.668708
EoP: 0.994621
Pterr: 0.745582
Fpix: 0.417734
RecoPFMET: 158.659
RecoPFMET_phi: 0.738727
RecoCaloMET: 137.95
RecoCaloMET_phi: 0.699815
Flag_allMETFilters: 0

      Run : 1 Lumi: 25 Event: 24678
HSCP type: 1
Ih: 5.42411
P: 2885.16
Pt: 747.661
Eta: 2.02631
Phi: 0.0467029
NbPixelHit_noL1: 6
NOM_noL1: 21
FracOfValidHit: 1
isHighPurityTrack: 1
miniRelIsoAll: 0
IsoSumPt_dr03: 0
dz: 4.70983e-16
dxy: 4.65293e-23
normChi2: 1.4015
EoP: 0
Pterr: 221.524
Fpix: 0.999738
RecoPFMET: 246.404
RecoPFMET_phi: 0.088023
RecoCaloMET: 250.858
RecoCaloMET_phi: 0.0918613
Flag_allMETFilters: 0

      Run : 1 Lumi: 25 Event: 24680
HSCP type: 0
Ih: 10.4086
P: 151.009
Pt: 118.823
Eta: 0.720351
Phi: 2.81178
NbPixelHit_noL1: 0
NOM_noL1: 12
FracOfValidHit: 0.705882
isHighPurityTrack: 1
miniRelIsoAll: 1
IsoSumPt_dr03: 0
dz: 3.00434e-05
dxy: 1.96412e+17
normChi2: 1.00795
EoP: 0.00697669
Pterr: 20.4633
Fpix: 1
RecoPFMET: 106.324
RecoPFMET_phi: -0.0469769
RecoCaloMET: 59.9364
RecoCaloMET_phi: -3.07178
Flag_allMETFilters: 0

      Run : 1 Lumi: 25 Event: 24683
HSCP type: 4
Ih: 29.713
P: 360.952
Pt: 307.307
Eta: 0.582603
Phi: -1.38337
NbPixelHit_noL1: 3
NOM_noL1: 18
FracOfValidHit: 1
isHighPurityTrack: 1
miniRelIsoAll: 0
IsoSumPt_dr03: 0
dz: 1.43396e+31
dxy: -4.17368e+30
normChi2: 0.256698
EoP: 0
Pterr: 35.182
Fpix: 1
RecoPFMET: 288.001
RecoPFMET_phi: -1.26057
RecoCaloMET: 21.3328
RecoCaloMET_phi: 3.00151
Flag_allMETFilters: 0

      Run : 1 Lumi: 25 Event: 24681
HSCP type: 0
Ih: 25.4596
P: 556.665
Pt: 460.96
Eta: 0.633734
Phi: -0.166486
NbPixelHit_noL1: 2
NOM_noL1: 15
FracOfValidHit: 1
isHighPurityTrack: 1
miniRelIsoAll: 1.44787
IsoSumPt_dr03: 0
dz: -4.36204e-14
dxy: 1.13062e+24
normChi2: 0.0287921
EoP: 0
Pterr: 87.6272
Fpix: 0.99999
RecoPFMET: 696.031
RecoPFMET_phi: 2.93614
RecoCaloMET: 39.0336
RecoCaloMET_phi: 2.45875
Flag_allMETFilters: 0

      Run : 1 Lumi: 25 Event: 24675
HSCP type: 0
Ih: 7.5455
P: 1979.05
Pt: 1302.98
Eta: 0.979116
Phi: 1.40282
NbPixelHit_noL1: 3
NOM_noL1: 14
FracOfValidHit: 1
isHighPurityTrack: 1
miniRelIsoAll: 11.3284
IsoSumPt_dr03: 0
dz: 1.13384e+29
dxy: -2.07648e-21
normChi2: 1.11011
EoP: 0.00697347
Pterr: 653.699
Fpix: 0.999102
RecoPFMET: 14614.2
RecoPFMET_phi: -1.74126
RecoCaloMET: 167.274
RecoCaloMET_phi: 1.77797
Flag_allMETFilters: 0

      Run : 1 Lumi: 25 Event: 24682
HSCP type: 0
Ih: 7.14667
P: 1427.57
Pt: 1368.35
Eta: 0.293154
Phi: -0.535273
NbPixelHit_noL1: 3
NOM_noL1: 15
FracOfValidHit: 1
isHighPurityTrack: 1
miniRelIsoAll: 0.990798
IsoSumPt_dr03: 0
dz: 3.74694e-35
dxy: -9.29714e+25
normChi2: 0.559085
EoP: 0.0045675
Pterr: 219.64
Fpix: 0.998167
RecoPFMET: 1267.02
RecoPFMET_phi: 2.54074
RecoCaloMET: 89.8019
RecoCaloMET_phi: 0.456063
Flag_allMETFilters: 0

      Run : 1 Lumi: 25 Event: 24667
HSCP type: 0
Ih: 21.9397
P: 765.03
Pt: 639.654
Eta: 0.616306
Phi: 0.72108
NbPixelHit_noL1: 1
NOM_noL1: 14
FracOfValidHit: 1
isHighPurityTrack: 1
miniRelIsoAll: 1.00182
IsoSumPt_dr03: 0
dz: 3.90747e+17
dxy: -6.37891
normChi2: 0.0497512
EoP: 0.00548837
Pterr: 199.316
Fpix: 0.999508
RecoPFMET: 2436.84
RecoPFMET_phi: 1.01658
RecoCaloMET: 3123.43
RecoCaloMET_phi: 0.973338
Flag_allMETFilters: 0

      Run : 1 Lumi: 25 Event: 24690
HSCP type: 0
Ih: 5.97738
P: 1869.47
Pt: 621.806
Eta: -1.76505
Phi: 0.0560905
NbPixelHit_noL1: 3
NOM_noL1: 21
FracOfValidHit: 1
isHighPurityTrack: 1
miniRelIsoAll: 1.08782
IsoSumPt_dr03: 0
dz: -338.243
dxy: -2.01956e-26
normChi2: 0.805272
EoP: 0
Pterr: 85.587
Fpix: 0.978858
RecoPFMET: 35.5841
RecoPFMET_phi: 2.85045
RecoCaloMET: 14.8838
RecoCaloMET_phi: 1.27876
Flag_allMETFilters: 0

      Run : 1 Lumi: 25 Event: 24686
HSCP type: 0
Ih: 8.00422
P: 1512.15
Pt: 1279.64
Eta: 0.594054
Phi: 1.82275
NbPixelHit_noL1: 4
NOM_noL1: 14
FracOfValidHit: 1
isHighPurityTrack: 1
miniRelIsoAll: 1
IsoSumPt_dr03: 0
dz: -1.85716e+19
dxy: 2.2702e-26
normChi2: 0.468979
EoP: 0.00313123
Pterr: 241.491
Fpix: 0.99958
RecoPFMET: 21.009
RecoPFMET_phi: -0.987123
RecoCaloMET: 73.901
RecoCaloMET_phi: -0.234287
Flag_allMETFilters: 0

      Run : 1 Lumi: 25 Event: 24696
HSCP type: 4
Ih: 10.427
P: 573.616
Pt: 154.075
Eta: -1.98912
Phi: -2.90323
NbPixelHit_noL1: 6
NOM_noL1: 20
FracOfValidHit: 0.913043
isHighPurityTrack: 1
miniRelIsoAll: 0
IsoSumPt_dr03: 0
dz: 2.85192e-05
dxy: -1.9299e+30
normChi2: 0.848496
EoP: 0
Pterr: 14.4252
Fpix: 1
RecoPFMET: 32.9558
RecoPFMET_phi: -2.4437
RecoCaloMET: 7.01105
RecoCaloMET_phi: 0.155153
Flag_allMETFilters: 0

      Run : 1 Lumi: 25 Event: 24688
HSCP type: 4
Ih: 3.50781
P: 142.252
Pt: 77.5765
Eta: -1.21513
Phi: 0.309255
NbPixelHit_noL1: 3
NOM_noL1: 9
FracOfValidHit: 1
isHighPurityTrack: 1
miniRelIsoAll: 1
IsoSumPt_dr03: 0
dz: -8.75729e-10
dxy: -6.48682e-15
normChi2: 1.46946
EoP: 1.13434
Pterr: 1.32585
Fpix: 0.87173
RecoPFMET: 330.219
RecoPFMET_phi: -2.58345
RecoCaloMET: 312.976
RecoCaloMET_phi: -2.68624
Flag_allMETFilters: 0

      Run : 1 Lumi: 25 Event: 24691
HSCP type: 0
Ih: 12.9094
P: 976.626
Pt: 436.937
Eta: -1.44318
Phi: 0.868435
NbPixelHit_noL1: 1
NOM_noL1: 15
FracOfValidHit: 0.9375
isHighPurityTrack: 1
miniRelIsoAll: 0
IsoSumPt_dr03: 0
dz: 1.16017e-23
dxy: 9.75015e+14
normChi2: 0.448551
EoP: 0
Pterr: 86.1466
Fpix: 0.999738
RecoPFMET: 62.3981
RecoPFMET_phi: 1.4698
RecoCaloMET: 49.2404
RecoCaloMET_phi: 1.96295
Flag_allMETFilters: 0

      Run : 1 Lumi: 25 Event: 24698
HSCP type: 0
Ih: 9.39925
P: 2044.36
Pt: 1912.97
Eta: -0.368549
Phi: 0.501623
NbPixelHit_noL1: 2
NOM_noL1: 17
FracOfValidHit: 1
isHighPurityTrack: 1
miniRelIsoAll: 0.569025
IsoSumPt_dr03: 0
dz: -9.78603e+14
dxy: -3.6431e-20
normChi2: 1.17518
EoP: 0.0085753
Pterr: 403.834
Fpix: 0.996919
RecoPFMET: 331.871
RecoPFMET_phi: 0.45656
RecoCaloMET: 44.3866
RecoCaloMET_phi: 0.976375
Flag_allMETFilters: 0

      Run : 1 Lumi: 25 Event: 24689
HSCP type: 0
Ih: 9.25518
P: 1064.11
Pt: 1039.68
Eta: -0.216391
Phi: 0.40515
NbPixelHit_noL1: 3
NOM_noL1: 15
FracOfValidHit: 1
isHighPurityTrack: 1
miniRelIsoAll: 10.1465
IsoSumPt_dr03: 0
dz: 1.29845e+32
dxy: -4.30586e+13
normChi2: 0.439654
EoP: 0.00600189
Pterr: 308.52
Fpix: 0.987214
RecoPFMET: 10483.1
RecoPFMET_phi: -2.73577
RecoCaloMET: 42.9569
RecoCaloMET_phi: 0.186675
Flag_allMETFilters: 0

      Run : 1 Lumi: 25 Event: 24694
HSCP type: 0
Ih: 8.89503
P: 770.96
Pt: 191.582
Eta: -2.06966
Phi: -1.00382
NbPixelHit_noL1: 5
NOM_noL1: 22
FracOfValidHit: 1
isHighPurityTrack: 1
miniRelIsoAll: 1
IsoSumPt_dr03: 0
dz: -6.5936e+16
dxy: -3.02302e-09
normChi2: 0.594035
EoP: 0
Pterr: 18.5904
Fpix: 1
RecoPFMET: 362.379
RecoPFMET_phi: 1.90521
RecoCaloMET: 180.904
RecoCaloMET_phi: 1.70593
Flag_allMETFilters: 0

      Run : 1 Lumi: 25 Event: 24701
HSCP type: 0
Ih: 9.38261
P: 2024.62
Pt: 1974.2
Eta: 0.225521
Phi: 3.03331
NbPixelHit_noL1: 3
NOM_noL1: 16
FracOfValidHit: 1
isHighPurityTrack: 1
miniRelIsoAll: 1.01412
IsoSumPt_dr03: 0
dz: 5.67759e-28
dxy: -7.52983e-23
normChi2: 0.206865
EoP: 0.00101685
Pterr: 790.598
Fpix: 0.999994
RecoPFMET: 1999.87
RecoPFMET_phi: -0.125547
RecoCaloMET: 47.1301
RecoCaloMET_phi: -1.74545
Flag_allMETFilters: 0

      Run : 1 Lumi: 25 Event: 24695
HSCP type: 4
Ih: 9.46754
P: 1644.31
Pt: 262.638
Eta: -2.52101
Phi: -0.80637
NbPixelHit_noL1: 3
NOM_noL1: 4
FracOfValidHit: 0.857143
isHighPurityTrack: 1
miniRelIsoAll: 0
IsoSumPt_dr03: 0
dz: -4.57756e+24
dxy: 1.72785e+16
normChi2: 0.590486
EoP: 0
Pterr: 234.987
Fpix: 0.99616
RecoPFMET: 357.209
RecoPFMET_phi: -0.792733
RecoCaloMET: 36.678
RecoCaloMET_phi: 2.95073
Flag_allMETFilters: 0

      Run : 1 Lumi: 25 Event: 24703
HSCP type: 0
Ih: 16.8725
P: 743.861
Pt: 729.977
Eta: 0.194725
Phi: 1.98666
NbPixelHit_noL1: 3
NOM_noL1: 18
FracOfValidHit: 1
isHighPurityTrack: 1
miniRelIsoAll: 4.16739
IsoSumPt_dr03: 0
dz: -6.27005e+26
dxy: 2.96e-24
normChi2: 0.278146
EoP: 0.00672159
Pterr: 166.858
Fpix: 0.999907
RecoPFMET: 574.911
RecoPFMET_phi: -1.40858
RecoCaloMET: 59.5909
RecoCaloMET_phi: -0.00273432
Flag_allMETFilters: 0

      Run : 1 Lumi: 25 Event: 24699
HSCP type: 0
Ih: 7.4502
P: 3682.97
Pt: 3634.59
Eta: -0.162985
Phi: -1.41749
NbPixelHit_noL1: 2
NOM_noL1: 12
FracOfValidHit: 1
isHighPurityTrack: 1
miniRelIsoAll: 0.396931
IsoSumPt_dr03: 0
dz: -735.848
dxy: 2.54776e-16
normChi2: 2.40142
EoP: 0.00149894
Pterr: 2187.3
Fpix: 0.971574
RecoPFMET: 1596.16
RecoPFMET_phi: 1.68428
RecoCaloMET: 124.633
RecoCaloMET_phi: 1.24824
Flag_allMETFilters: 0

      Run : 1 Lumi: 25 Event: 24707
HSCP type: 0
Ih: 15.8832
P: 657.4
Pt: 656.78
Eta: 0.0434671
Phi: 2.53924
NbPixelHit_noL1: 2
NOM_noL1: 14
FracOfValidHit: 0.894737
isHighPurityTrack: 1
miniRelIsoAll: 1.09466
IsoSumPt_dr03: 0
dz: -0.832748
dxy: -6.13061e-28
normChi2: 0.340627
EoP: 0.0141609
Pterr: 177.57
Fpix: 0.95118
RecoPFMET: 192.939
RecoPFMET_phi: 2.3552
RecoCaloMET: 13.3038
RecoCaloMET_phi: 0.163744
Flag_allMETFilters: 0

      Run : 1 Lumi: 25 Event: 24709
HSCP type: 0
Ih: 8.07546
P: 3410.72
Pt: 2526.77
Eta: -0.813817
Phi: 1.87443
NbPixelHit_noL1: 2
NOM_noL1: 14
FracOfValidHit: 1
isHighPurityTrack: 1
miniRelIsoAll: 0.415335
IsoSumPt_dr03: 0
dz: -65278.7
dxy: 1.37548e-24
normChi2: 0.699018
EoP: 0.00479799
Pterr: 1398.17
Fpix: 0.994172
RecoPFMET: 149.823
RecoPFMET_phi: -1.24516
RecoCaloMET: 17.282
RecoCaloMET_phi: 2.31485
Flag_allMETFilters: 0

      Run : 1 Lumi: 25 Event: 24702
HSCP type: 0
Ih: 4.9832
P: 479.881
Pt: 263.493
Eta: -1.20698
Phi: -2.73705
NbPixelHit_noL1: 2
NOM_noL1: 7
FracOfValidHit: 0.785714
isHighPurityTrack: 1
miniRelIsoAll: 0.99479
IsoSumPt_dr03: 0
dz: -2.03712e+31
dxy: 0.00477951
normChi2: 1.31423
EoP: 0.0211144
Pterr: 18.8855
Fpix: 0.991353
RecoPFMET: 261.116
RecoPFMET_phi: 0.378521
RecoCaloMET: 25.1944
RecoCaloMET_phi: -2.33565
Flag_allMETFilters: 0

      Run : 1 Lumi: 25 Event: 24693
HSCP type: 0
Ih: 12.1187
P: 927.044
Pt: 516.428
Eta: -1.18964
Phi: 0.0716265
NbPixelHit_noL1: 3
NOM_noL1: 8
FracOfValidHit: 0.833333
isHighPurityTrack: 1
miniRelIsoAll: 0
IsoSumPt_dr03: 0
dz: 2.16587e+22
dxy: 1.11222e-11
normChi2: 0.241164
EoP: 0
Pterr: 305.282
Fpix: 1
RecoPFMET: 416.895
RecoPFMET_phi: -1.48622
RecoCaloMET: 433.484
RecoCaloMET_phi: -1.4861
Flag_allMETFilters: 0

      Run : 1 Lumi: 25 Event: 24708
HSCP type: 0
Ih: 30.9637
P: 588.36
Pt: 525.111
Eta: 0.486015
Phi: 1.94836
NbPixelHit_noL1: 1
NOM_noL1: 12
FracOfValidHit: 1
isHighPurityTrack: 1
miniRelIsoAll: 5.05159
IsoSumPt_dr03: 0
dz: -8.98216e-30
dxy: 2.02266e-06
normChi2: 0.102076
EoP: 0.00641438
Pterr: 245.044
Fpix: 0.999461
RecoPFMET: 2678.71
RecoPFMET_phi: -1.18572
RecoCaloMET: 53.4589
RecoCaloMET_phi: -0.599858
Flag_allMETFilters: 0

      Run : 1 Lumi: 25 Event: 24704
HSCP type: 1
Ih: 23.6181
P: 1020.43
Pt: 242.888
Eta: 2.11405
Phi: -3.03903
NbPixelHit_noL1: 4
NOM_noL1: 20
FracOfValidHit: 1
isHighPurityTrack: 1
miniRelIsoAll: 0.00199058
IsoSumPt_dr03: 0
dz: -7.38466e+21
dxy: -3.07743e-37
normChi2: 0.985093
EoP: 0.00198243
Pterr: 45.3299
Fpix: 0.999992
RecoPFMET: 223.605
RecoPFMET_phi: 1.72783
RecoCaloMET: 202.48
RecoCaloMET_phi: 1.60853
Flag_allMETFilters: 0

      Run : 1 Lumi: 25 Event: 24706
HSCP type: 0
Ih: 16.518
P: 701.257
Pt: 348.856
Eta: 1.32281
Phi: 1.35526
NbPixelHit_noL1: 2
NOM_noL1: 12
FracOfValidHit: 1
isHighPurityTrack: 1
miniRelIsoAll: 1.57235
IsoSumPt_dr03: 0
dz: -4.04549e-37
dxy: -6.30269e-37
normChi2: 0.571957
EoP: 0
Pterr: 59.9124
Fpix: 0.999861
RecoPFMET: 669.764
RecoPFMET_phi: -1.54613
RecoCaloMET: 111.445
RecoCaloMET_phi: -0.746988
Flag_allMETFilters: 0

      Run : 1 Lumi: 25 Event: 24710
HSCP type: 4
Ih: 24.0196
P: 557.065
Pt: 439.074
Eta: 0.717615
Phi: 0.105262
NbPixelHit_noL1: 3
NOM_noL1: 14
FracOfValidHit: 1
isHighPurityTrack: 1
miniRelIsoAll: 0.00675954
IsoSumPt_dr03: 0
dz: 9.02116e-15
dxy: 1.64065e+30
normChi2: 0.14658
EoP: 0.00675954
Pterr: 78.1153
Fpix: 0.999988
RecoPFMET: 118.075
RecoPFMET_phi: -1.09253
RecoCaloMET: 127.214
RecoCaloMET_phi: -1.07694
Flag_allMETFilters: 0

      Run : 1 Lumi: 25 Event: 24711
HSCP type: 0
Ih: 7.83334
P: 1466.73
Pt: 1250.33
Eta: 0.580187
Phi: 0.927574
NbPixelHit_noL1: 2
NOM_noL1: 12
FracOfValidHit: 0.9375
isHighPurityTrack: 1
miniRelIsoAll: 0.982791
IsoSumPt_dr03: 0
dz: -1.73785e+38
dxy: -5.98393e+29
normChi2: 0.942636
EoP: 0.000220285
Pterr: 514.871
Fpix: 0.941536
RecoPFMET: 288.063
RecoPFMET_phi: 1.13828
RecoCaloMET: 34.3793
RecoCaloMET_phi: 1.32003
Flag_allMETFilters: 0

      Run : 1 Lumi: 25 Event: 24713
HSCP type: 0
Ih: 4.80372
P: 2140.19
Pt: 765.968
Eta: 1.68698
Phi: -0.569518
NbPixelHit_noL1: 4
NOM_noL1: 19
FracOfValidHit: 0.96
isHighPurityTrack: 1
miniRelIsoAll: 1.02079
IsoSumPt_dr03: 0
dz: 4.77049e+09
dxy: 3.75766e+31
normChi2: 1.82583
EoP: 0
Pterr: 117.014
Fpix: 0.938333
RecoPFMET: 753.414
RecoPFMET_phi: 2.59136
RecoCaloMET: 17.9196
RecoCaloMET_phi: -0.161938
Flag_allMETFilters: 0

      Run : 1 Lumi: 25 Event: 24715
HSCP type: 0
Ih: 16.8528
P: 908.677
Pt: 900.28
Eta: 0.136472
Phi: 2.36444
NbPixelHit_noL1: 3
NOM_noL1: 17
FracOfValidHit: 1
isHighPurityTrack: 1
miniRelIsoAll: 1.12965
IsoSumPt_dr03: 0
dz: -3.23321e-34
dxy: -8.57357e-28
normChi2: 0.229046
EoP: 0.00931006
Pterr: 179.42
Fpix: 0.999937
RecoPFMET: 421.366
RecoPFMET_phi: 1.99785
RecoCaloMET: 114.935
RecoCaloMET_phi: -2.54424
Flag_allMETFilters: 0

      Run : 1 Lumi: 25 Event: 24717
HSCP type: 0
Ih: 5.19452
P: 2750.41
Pt: 610.926
Eta: 2.18511
Phi: -2.89697
NbPixelHit_noL1: 5
NOM_noL1: 21
FracOfValidHit: 1
isHighPurityTrack: 1
miniRelIsoAll: 1.49448
IsoSumPt_dr03: 0
dz: -1.14816e+07
dxy: -9.63146e-32
normChi2: 1.14805
EoP: 0
Pterr: 132.931
Fpix: 0.946847
RecoPFMET: 879.314
RecoPFMET_phi: 0.238536
RecoCaloMET: 15.6814
RecoCaloMET_phi: -0.890382
Flag_allMETFilters: 0

      Run : 1 Lumi: 25 Event: 24705
HSCP type: 0
Ih: 10.4919
P: 921.9
Pt: 333.613
Eta: -1.67513
Phi: -2.61574
NbPixelHit_noL1: 4
NOM_noL1: 20
FracOfValidHit: 1
isHighPurityTrack: 1
miniRelIsoAll: 1.33085
IsoSumPt_dr03: 0
dz: -8.61833e+32
dxy: 6.38884e+32
normChi2: 0.605668
EoP: 0
Pterr: 23.0275
Fpix: 1
RecoPFMET: 303.833
RecoPFMET_phi: -0.889911
RecoCaloMET: 451.109
RecoCaloMET_phi: -2.00837
Flag_allMETFilters: 0

      Run : 1 Lumi: 25 Event: 24718
HSCP type: 0
Ih: 6.27658
P: 2036.86
Pt: 1413.85
Eta: -0.907331
Phi: 0.0295556
NbPixelHit_noL1: 2
NOM_noL1: 15
FracOfValidHit: 1
isHighPurityTrack: 1
miniRelIsoAll: 1
IsoSumPt_dr03: 0
dz: 7.58528e-18
dxy: 7.95634e-16
normChi2: 1.13923
EoP: 0.00289499
Pterr: 225.484
Fpix: 0.929624
RecoPFMET: 1422.13
RecoPFMET_phi: -3.10665
RecoCaloMET: 28.7076
RecoCaloMET_phi: 2.7438
Flag_allMETFilters: 0

      Run : 1 Lumi: 25 Event: 24714
HSCP type: 0
Ih: 10.2602
P: 1651.51
Pt: 1377.4
Eta: -0.620868
Phi: -2.71438
NbPixelHit_noL1: 4
NOM_noL1: 19
FracOfValidHit: 1
isHighPurityTrack: 1
miniRelIsoAll: 3.31479
IsoSumPt_dr03: 0
dz: 8.13142e-25
dxy: 4.57722e-20
normChi2: 0.128877
EoP: 0.00693511
Pterr: 720.763
Fpix: 0.999918
RecoPFMET: 4557.24
RecoPFMET_phi: 0.447646
RecoCaloMET: 12.2457
RecoCaloMET_phi: 2.44017
Flag_allMETFilters: 0

      Run : 1 Lumi: 25 Event: 24722
HSCP type: 0
Ih: 27.9175
P: 435.223
Pt: 153.849
Eta: 1.70022
Phi: -0.915121
NbPixelHit_noL1: 0
NOM_noL1: 7
FracOfValidHit: 0.8
isHighPurityTrack: 1
miniRelIsoAll: 0
IsoSumPt_dr03: 0
dz: -3.6311e+22
dxy: 2.6426e-05
normChi2: 0.365828
EoP: 0
Pterr: 327.085
Fpix: 1
RecoPFMET: 36.1323
RecoPFMET_phi: 1.20297
RecoCaloMET: 48.5879
RecoCaloMET_phi: 2.24904
Flag_allMETFilters: 0

      Run : 1 Lumi: 25 Event: 24724
HSCP type: 4
Ih: 9.82396
P: 704.55
Pt: 119.749
Eta: -2.45801
Phi: -1.10379
NbPixelHit_noL1: 3
NOM_noL1: 11
FracOfValidHit: 1
isHighPurityTrack: 1
miniRelIsoAll: 0
IsoSumPt_dr03: 0
dz: 3.4429e-18
dxy: 1.4641e-24
normChi2: 0.733292
EoP: 0
Pterr: 20.7998
Fpix: 0.999294
RecoPFMET: 41.0599
RecoPFMET_phi: 1.22996
RecoCaloMET: 8.86914
RecoCaloMET_phi: -1.20076
Flag_allMETFilters: 0

      Run : 1 Lumi: 25 Event: 24719
HSCP type: 0
Ih: 16.8804
P: 789.561
Pt: 693.511
Eta: 0.520412
Phi: -1.01833
NbPixelHit_noL1: 3
NOM_noL1: 16
FracOfValidHit: 1
isHighPurityTrack: 1
miniRelIsoAll: 0.951777
IsoSumPt_dr03: 0
dz: 443.235
dxy: 2.97907e-31
normChi2: 0.2485
EoP: 0
Pterr: 157.945
Fpix: 0.999999
RecoPFMET: 3082.97
RecoPFMET_phi: -1.28021
RecoCaloMET: 3981.81
RecoCaloMET_phi: -1.23762
Flag_allMETFilters: 0

      Run : 1 Lumi: 25 Event: 24725
HSCP type: 0
Ih: 8.46779
P: 960.488
Pt: 788.536
Eta: 0.648953
Phi: -1.49982
NbPixelHit_noL1: 2
NOM_noL1: 14
FracOfValidHit: 1
isHighPurityTrack: 1
miniRelIsoAll: 1.05024
IsoSumPt_dr03: 0
dz: 2.32408e-35
dxy: 4.49925e+30
normChi2: 0.0727251
EoP: 0.0152813
Pterr: 230.486
Fpix: 0.998921
RecoPFMET: 139.722
RecoPFMET_phi: 1.38458
RecoCaloMET: 39.5515
RecoCaloMET_phi: 0.382476
Flag_allMETFilters: 0

      Run : 1 Lumi: 25 Event: 24727
HSCP type: 0
Ih: 25.3804
P: 581.47
Pt: 469.975
Eta: 0.675883
Phi: -2.73943
NbPixelHit_noL1: 3
NOM_noL1: 16
FracOfValidHit: 0.944444
isHighPurityTrack: 1
miniRelIsoAll: 1
IsoSumPt_dr03: 0
dz: -5.3924e+29
dxy: 3.88335e+23
normChi2: 0.214212
EoP: 0.0741923
Pterr: 74.4758
Fpix: 0.999383
RecoPFMET: 44.4376
RecoPFMET_phi: 2.23387
RecoCaloMET: 214.766
RecoCaloMET_phi: -2.30486
Flag_allMETFilters: 0

      Run : 1 Lumi: 25 Event: 24729
HSCP type: 0
Ih: 8.78584
P: 1304.5
Pt: 624.417
Eta: -1.36696
Phi: -2.60892
NbPixelHit_noL1: 3
NOM_noL1: 13
FracOfValidHit: 1
isHighPurityTrack: 1
miniRelIsoAll: 1.14531
IsoSumPt_dr03: 0
dz: 1.25276e+08
dxy: -3.57233e+22
normChi2: 0.863474
EoP: 0.000285817
Pterr: 80.9264
Fpix: 0.999926
RecoPFMET: 139.65
RecoPFMET_phi: 0.525987
RecoCaloMET: 656.031
RecoCaloMET_phi: 0.884359
Flag_allMETFilters: 0

      Run : 1 Lumi: 25 Event: 24734
HSCP type: 0
Ih: 9.65972
P: 1109.65
Pt: 953.737
Eta: -0.564279
Phi: 2.26319
NbPixelHit_noL1: 3
NOM_noL1: 18
FracOfValidHit: 1
isHighPurityTrack: 1
miniRelIsoAll: 1.54453
IsoSumPt_dr03: 0
dz: 8.84404e-19
dxy: 311484
normChi2: 0.269659
EoP: 0.00403837
Pterr: 144.598
Fpix: 0.996237
RecoPFMET: 1437.53
RecoPFMET_phi: -0.873499
RecoCaloMET: 45.3682
RecoCaloMET_phi: 2.96102
Flag_allMETFilters: 0

      Run : 1 Lumi: 25 Event: 24739
HSCP type: 0
Ih: 6.20458
P: 1794.63
Pt: 1266.63
Eta: -0.884011
Phi: -1.34123
NbPixelHit_noL1: 3
NOM_noL1: 15
FracOfValidHit: 1
isHighPurityTrack: 1
miniRelIsoAll: 0.7729
IsoSumPt_dr03: 0
dz: -154.991
dxy: 1.7503e-08
normChi2: 1.48921
EoP: 0.00699111
Pterr: 248.674
Fpix: 0.992349
RecoPFMET: 986.209
RecoPFMET_phi: 1.77006
RecoCaloMET: 35.7647
RecoCaloMET_phi: 1.18913
Flag_allMETFilters: 0

      Run : 1 Lumi: 25 Event: 24737
HSCP type: 0
Ih: 24.6352
P: 600.107
Pt: 594.076
Eta: 0.142375
Phi: 1.51736
NbPixelHit_noL1: 3
NOM_noL1: 16
FracOfValidHit: 1
isHighPurityTrack: 1
miniRelIsoAll: 1.27786
IsoSumPt_dr03: 0
dz: 4.51564e+36
dxy: 1.11177e+29
normChi2: 0.436905
EoP: 0.00455495
Pterr: 124.211
Fpix: 1
RecoPFMET: 168.734
RecoPFMET_phi: 1.35779
RecoCaloMET: 9.61276
RecoCaloMET_phi: 1.63981
Flag_allMETFilters: 0

      Run : 1 Lumi: 25 Event: 24733
HSCP type: 0
Ih: 11.5041
P: 1117.79
Pt: 513.554
Eta: 1.41338
Phi: -0.972063
NbPixelHit_noL1: 2
NOM_noL1: 14
FracOfValidHit: 1
isHighPurityTrack: 1
miniRelIsoAll: 1
IsoSumPt_dr03: 0
dz: -2.3553e+25
dxy: -1.71661e-05
normChi2: 0.578892
EoP: 0
Pterr: 63.2855
Fpix: 0.999815
RecoPFMET: 320.606
RecoPFMET_phi: 1.52112
RecoCaloMET: 238.762
RecoCaloMET_phi: -0.379199
Flag_allMETFilters: 0

      Run : 1 Lumi: 25 Event: 24740
HSCP type: 0
Ih: 10.8436
P: 729.644
Pt: 620.534
Eta: 0.584653
Phi: -1.06845
NbPixelHit_noL1: 3
NOM_noL1: 16
FracOfValidHit: 1
isHighPurityTrack: 1
miniRelIsoAll: 1.92438
IsoSumPt_dr03: 0
dz: -4.12423e+11
dxy: 2.64931e-15
normChi2: 1.5798
EoP: 0.000771034
Pterr: 76.274
Fpix: 0.999772
RecoPFMET: 365.878
RecoPFMET_phi: 2.1188
RecoCaloMET: 4.09597
RecoCaloMET_phi: 0.604976
Flag_allMETFilters: 0

      Run : 1 Lumi: 25 Event: 24738
HSCP type: 1
Ih: 8.08063
P: 1076.34
Pt: 335.604
Eta: 1.83329
Phi: 0.285421
NbPixelHit_noL1: 2
NOM_noL1: 20
FracOfValidHit: 0.916667
isHighPurityTrack: 1
miniRelIsoAll: 0.0014779
IsoSumPt_dr03: 0
dz: 2.45411e-07
dxy: -4.49019e+25
normChi2: 0.785856
EoP: 0.0014757
Pterr: 41.6976
Fpix: 0.998315
RecoPFMET: 60.3886
RecoPFMET_phi: 2.11172
RecoCaloMET: 76.8587
RecoCaloMET_phi: 2.04216
Flag_allMETFilters: 0

      Run : 1 Lumi: 25 Event: 24730
HSCP type: 0
Ih: 10.8358
P: 873.078
Pt: 182.22
Eta: -2.24889
Phi: -0.362247
NbPixelHit_noL1: 4
NOM_noL1: 19
FracOfValidHit: 1
isHighPurityTrack: 1
miniRelIsoAll: 1
IsoSumPt_dr03: 0
dz: -4.24367e-27
dxy: -135298
normChi2: 0.76675
EoP: 0.0629814
Pterr: 17.0107
Fpix: 0.999937
RecoPFMET: 125.684
RecoPFMET_phi: -0.508328
RecoCaloMET: 244.299
RecoCaloMET_phi: -0.447686
Flag_allMETFilters: 0

      Run : 1 Lumi: 25 Event: 24736
HSCP type: 0
Ih: 17.2948
P: 795.631
Pt: 419.562
Eta: -1.25493
Phi: -1.99408
NbPixelHit_noL1: 3
NOM_noL1: 10
FracOfValidHit: 1
isHighPurityTrack: 1
miniRelIsoAll: 1.16835
IsoSumPt_dr03: 0
dz: -1.98087e+31
dxy: 2.36415e+14
normChi2: 0.322568
EoP: 0
Pterr: 84.5239
Fpix: 0.999995
RecoPFMET: 104.493
RecoPFMET_phi: -0.687007
RecoCaloMET: 188.291
RecoCaloMET_phi: 2.68381
Flag_allMETFilters: 0

      Run : 1 Lumi: 25 Event: 24745
HSCP type: 0
Ih: 12.6589
P: 1101.49
Pt: 920.774
Eta: 0.616702
Phi: -0.429855
NbPixelHit_noL1: 4
NOM_noL1: 18
FracOfValidHit: 1
isHighPurityTrack: 1
miniRelIsoAll: 0.963849
IsoSumPt_dr03: 0
dz: 0.000304172
dxy: -1.53619e-07
normChi2: 0.721827
EoP: 0.0107973
Pterr: 292.887
Fpix: 0.999995
RecoPFMET: 808.598
RecoPFMET_phi: 2.81926
RecoCaloMET: 119.771
RecoCaloMET_phi: -1.48826
Flag_allMETFilters: 0

      Run : 1 Lumi: 25 Event: 24741
HSCP type: 1
Ih: 10.2038
P: 771.857
Pt: 540.772
Eta: -0.894365
Phi: 1.07813
NbPixelHit_noL1: 4
NOM_noL1: 16
FracOfValidHit: 1
isHighPurityTrack: 1
miniRelIsoAll: 0.0112529
IsoSumPt_dr03: 0
dz: 2.06503e-13
dxy: -0.0190554
normChi2: 1.6
EoP: 0.0112529
Pterr: 67.8582
Fpix: 0.999999
RecoPFMET: 189.024
RecoPFMET_phi: -0.225428
RecoCaloMET: 166.709
RecoCaloMET_phi: -0.139409
Flag_allMETFilters: 0

      Run : 1 Lumi: 25 Event: 24748
HSCP type: 0
Ih: 6.83462
P: 20195.6
Pt: 8713.35
Eta: -1.48359
Phi: -1.13237
NbPixelHit_noL1: 3
NOM_noL1: 17
FracOfValidHit: 0.947368
isHighPurityTrack: 1
miniRelIsoAll: 0.109559
IsoSumPt_dr03: 0
dz: 6.06926e+15
dxy: -3.4851e-23
normChi2: 1.361
EoP: 0
Pterr: 12902.2
Fpix: 0.999725
RecoPFMET: 870.764
RecoPFMET_phi: 1.97671
RecoCaloMET: 42.774
RecoCaloMET_phi: -0.627304
Flag_allMETFilters: 0

      Run : 1 Lumi: 25 Event: 24747
HSCP type: 0
Ih: 20.8066
P: 379.128
Pt: 375.454
Eta: -0.139769
Phi: -2.60377
NbPixelHit_noL1: 0
NOM_noL1: 7
FracOfValidHit: 0.875
isHighPurityTrack: 1
miniRelIsoAll: 4.0537
IsoSumPt_dr03: 0
dz: 0.0463492
dxy: -1.94388e-32
normChi2: 0.0343194
EoP: 0.0162948
Pterr: 998.384
Fpix: 1
RecoPFMET: 339.212
RecoPFMET_phi: -2.95811
RecoCaloMET: 76.901
RecoCaloMET_phi: -2.44856
Flag_allMETFilters: 0

      Run : 1 Lumi: 25 Event: 24744
HSCP type: 0
Ih: 5.29412
P: 3975.44
Pt: 3531.55
Eta: -0.496277
Phi: 2.04838
NbPixelHit_noL1: 3
NOM_noL1: 17
FracOfValidHit: 1
isHighPurityTrack: 1
miniRelIsoAll: 1.72458
IsoSumPt_dr03: 0
dz: 758.18
dxy: -1.13068e-36
normChi2: 1.09025
EoP: 0.0017419
Pterr: 1354.07
Fpix: 0.870364
RecoPFMET: 6054.1
RecoPFMET_phi: -1.10355
RecoCaloMET: 86.7412
RecoCaloMET_phi: 2.71515
Flag_allMETFilters: 0

      Run : 1 Lumi: 25 Event: 24749
HSCP type: 4
Ih: 7.79115
P: 1060.42
Pt: 891.152
Eta: 0.606989
Phi: -1.55653
NbPixelHit_noL1: 4
NOM_noL1: 17
FracOfValidHit: 1
isHighPurityTrack: 1
miniRelIsoAll: 0.00595714
IsoSumPt_dr03: 0
dz: -1.55846e-31
dxy: -2.9522e+30
normChi2: 0.506647
EoP: 0.00595714
Pterr: 239.956
Fpix: 0.99539
RecoPFMET: 136.68
RecoPFMET_phi: -1.32933
RecoCaloMET: 11.1499
RecoCaloMET_phi: 1.38677
Flag_allMETFilters: 0

      Run : 1 Lumi: 25 Event: 24752
HSCP type: 0
Ih: 10.071
P: 1114.29
Pt: 1113.77
Eta: -0.0306815
Phi: 0.679892
NbPixelHit_noL1: 2
NOM_noL1: 13
FracOfValidHit: 1
isHighPurityTrack: 1
miniRelIsoAll: 1.01255
IsoSumPt_dr03: 0
dz: 1.06386e-26
dxy: 424108
normChi2: 0.457127
EoP: 0.010379
Pterr: 219.281
Fpix: 0.967833
RecoPFMET: 235.34
RecoPFMET_phi: -2.35753
RecoCaloMET: 194.8
RecoCaloMET_phi: -1.60722
Flag_allMETFilters: 0

      Run : 1 Lumi: 25 Event: 24757
HSCP type: 0
Ih: 11.5761
P: 1665.21
Pt: 1663.87
Eta: 0.0401205
Phi: 1.74381
NbPixelHit_noL1: 2
NOM_noL1: 14
FracOfValidHit: 1
isHighPurityTrack: 1
miniRelIsoAll: 0.569088
IsoSumPt_dr03: 0
dz: 3683.92
dxy: -4.56575e+08
normChi2: 0.108245
EoP: 0.0125876
Pterr: 643.927
Fpix: 0.999188
RecoPFMET: 230.295
RecoPFMET_phi: -1.48961
RecoCaloMET: 83.4248
RecoCaloMET_phi: -3.08998
Flag_allMETFilters: 0

      Run : 1 Lumi: 25 Event: 24758
HSCP type: 0
Ih: 8.67514
P: 1413.11
Pt: 1197.8
Eta: -0.590952
Phi: 0.78986
NbPixelHit_noL1: 3
NOM_noL1: 12
FracOfValidHit: 1
isHighPurityTrack: 1
miniRelIsoAll: 0.938684
IsoSumPt_dr03: 0
dz: -7.30331e-13
dxy: 8.56166e-37
normChi2: 0.146838
EoP: 0.00456268
Pterr: 663.799
Fpix: 0.986951
RecoPFMET: 995.159
RecoPFMET_phi: -2.23043
RecoCaloMET: 118.813
RecoCaloMET_phi: 0.100242
Flag_allMETFilters: 0

      Run : 1 Lumi: 25 Event: 24743
HSCP type: 4
Ih: 15.8648
P: 831.49
Pt: 668.946
Eta: -0.683721
Phi: -1.33641
NbPixelHit_noL1: 3
NOM_noL1: 15
FracOfValidHit: 1
isHighPurityTrack: 1
miniRelIsoAll: 0.0309006
IsoSumPt_dr03: 0
dz: -6.09278e+28
dxy: 5.03317e-15
normChi2: 0.210581
EoP: 0.0308943
Pterr: 179.674
Fpix: 0.999992
RecoPFMET: 593.896
RecoPFMET_phi: -1.41473
RecoCaloMET: 848.274
RecoCaloMET_phi: -0.0821102
Flag_allMETFilters: 0

      Run : 1 Lumi: 25 Event: 24754
HSCP type: 0
Ih: 7.05289
P: 2006.39
Pt: 1672.92
Eta: 0.621354
Phi: 1.37564
NbPixelHit_noL1: 2
NOM_noL1: 13
FracOfValidHit: 0.9375
isHighPurityTrack: 1
miniRelIsoAll: 1
IsoSumPt_dr03: 0
dz: 1.08886e-25
dxy: -1.10193e+13
normChi2: 0.589737
EoP: 0.00391873
Pterr: 562.563
Fpix: 0.974396
RecoPFMET: 1662.69
RecoPFMET_phi: -1.73437
RecoCaloMET: 79.0009
RecoCaloMET_phi: 0.0396973
Flag_allMETFilters: 0

      Run : 1 Lumi: 25 Event: 24755
HSCP type: 1
Ih: 18.2057
P: 725.268
Pt: 680.659
Eta: -0.360097
Phi: -0.0679444
NbPixelHit_noL1: 3
NOM_noL1: 15
FracOfValidHit: 1
isHighPurityTrack: 1
miniRelIsoAll: 0.0136681
IsoSumPt_dr03: 0
dz: 6.48602e+37
dxy: -3.27833e-07
normChi2: 0.218005
EoP: 0.0136681
Pterr: 158.886
Fpix: 0.998245
RecoPFMET: 560.769
RecoPFMET_phi: 0.0342975
RecoCaloMET: 87.8025
RecoCaloMET_phi: -0.425503
Flag_allMETFilters: 0

      Run : 1 Lumi: 25 Event: 24759
HSCP type: 0
Ih: 9.16934
P: 1630
Pt: 1396.5
Eta: 0.570518
Phi: -0.797367
NbPixelHit_noL1: 2
NOM_noL1: 14
FracOfValidHit: 1
isHighPurityTrack: 1
miniRelIsoAll: 1
IsoSumPt_dr03: 0
dz: -6.99605e-17
dxy: -2.34976e+27
normChi2: 1.79393
EoP: 0.0086123
Pterr: 503.846
Fpix: 0.987214
RecoPFMET: 98.5459
RecoPFMET_phi: 2.41891
RecoCaloMET: 143.325
RecoCaloMET_phi: -1.0547
Flag_allMETFilters: 0

      Run : 1 Lumi: 25 Event: 24767
HSCP type: 1
Ih: 16.9217
P: 924.377
Pt: 843.147
Eta: 0.435506
Phi: -2.30643
NbPixelHit_noL1: 3
NOM_noL1: 15
FracOfValidHit: 0.944444
isHighPurityTrack: 1
miniRelIsoAll: 0
IsoSumPt_dr03: 0
dz: -5.60847e+20
dxy: 1.98507e-28
normChi2: 0.137064
EoP: 0
Pterr: 313.796
Fpix: 0.999807
RecoPFMET: 206.051
RecoPFMET_phi: -3.1378
RecoCaloMET: 174.635
RecoCaloMET_phi: -3.14013
Flag_allMETFilters: 0

      Run : 1 Lumi: 25 Event: 24764
HSCP type: 4
Ih: 2.9964
P: 433.183
Pt: 72.7303
Eta: 2.47043
Phi: -2.61877
NbPixelHit_noL1: 3
NOM_noL1: 5
FracOfValidHit: 0.777778
isHighPurityTrack: 1
miniRelIsoAll: 0.299878
IsoSumPt_dr03: 0
dz: 9.52461e-19
dxy: -2.2395e+15
normChi2: 0.539378
EoP: 0.299801
Pterr: 18.2866
Fpix: 0.539872
RecoPFMET: 117.933
RecoPFMET_phi: 0.492508
RecoCaloMET: 112.278
RecoCaloMET_phi: 0.319271
Flag_allMETFilters: 0

      Run : 1 Lumi: 25 Event: 24756
HSCP type: 0
Ih: 9.4509
P: 1344.83
Pt: 648.608
Eta: -1.35834
Phi: 1.81222
NbPixelHit_noL1: 4
NOM_noL1: 12
FracOfValidHit: 1
isHighPurityTrack: 1
miniRelIsoAll: 1.95776
IsoSumPt_dr03: 0
dz: -47.4665
dxy: 0.156639
normChi2: 0.770944
EoP: 0
Pterr: 111.599
Fpix: 0.99984
RecoPFMET: 1581.44
RecoPFMET_phi: -1.46841
RecoCaloMET: 389.007
RecoCaloMET_phi: -2.00811
Flag_allMETFilters: 0

      Run : 1 Lumi: 25 Event: 24763
HSCP type: 0
Ih: 18.3474
P: 1233.47
Pt: 1163.44
Eta: -0.345257
Phi: 1.66919
NbPixelHit_noL1: 4
NOM_noL1: 17
FracOfValidHit: 1
isHighPurityTrack: 1
miniRelIsoAll: 0.729359
IsoSumPt_dr03: 0
dz: 1.62371e+12
dxy: -7.61614e+22
normChi2: 1.57897
EoP: 0.00217579
Pterr: 497.4
Fpix: 0.999998
RecoPFMET: 843.846
RecoPFMET_phi: -1.48198
RecoCaloMET: 20.0624
RecoCaloMET_phi: 2.12141
Flag_allMETFilters: 0

      Run : 1 Lumi: 25 Event: 24768
HSCP type: 1
Ih: 10.9502
P: 1321.14
Pt: 1321.13
Eta: -0.00442828
Phi: -1.75963
NbPixelHit_noL1: 3
NOM_noL1: 14
FracOfValidHit: 1
isHighPurityTrack: 1
miniRelIsoAll: 1
IsoSumPt_dr03: 0
dz: 4.79032e+16
dxy: 2.00719e-13
normChi2: 0.542829
EoP: 1.00074
Pterr: 491.191
Fpix: 0.998874
RecoPFMET: 2825.75
RecoPFMET_phi: 1.36137
RecoCaloMET: 4163.88
RecoCaloMET_phi: 1.35383
Flag_allMETFilters: 0

      Run : 1 Lumi: 25 Event: 24762
HSCP type: 0
Ih: 21.3242
P: 605.521
Pt: 365.261
Eta: 1.09192
Phi: -1.66919
NbPixelHit_noL1: 4
NOM_noL1: 11
FracOfValidHit: 1
isHighPurityTrack: 1
miniRelIsoAll: 1.00011
IsoSumPt_dr03: 0
dz: -2.74869e-26
dxy: -3.03568e-18
normChi2: 0.390049
EoP: 0
Pterr: 36.614
Fpix: 0.999411
RecoPFMET: 60.1851
RecoPFMET_phi: -1.24722
RecoCaloMET: 35.8442
RecoCaloMET_phi: -2.99821
Flag_allMETFilters: 0

      Run : 1 Lumi: 25 Event: 24772
HSCP type: 0
Ih: 11.0468
P: 930.197
Pt: 906.008
Eta: -0.230569
Phi: -1.59082
NbPixelHit_noL1: 0
NOM_noL1: 15
FracOfValidHit: 0.888889
isHighPurityTrack: 1
miniRelIsoAll: 5.759
IsoSumPt_dr03: 0
dz: 5.91409e+27
dxy: 11952.5
normChi2: 0.186116
EoP: 0.00206285
Pterr: 545.368
Fpix: 1
RecoPFMET: 4288.76
RecoPFMET_phi: 1.55162
RecoCaloMET: 46.837
RecoCaloMET_phi: -2.39032
Flag_allMETFilters: 0

      Run : 1 Lumi: 25 Event: 24773
HSCP type: 4
Ih: 19.7042
P: 611.956
Pt: 585.699
Eta: 0.298324
Phi: -2.34382
NbPixelHit_noL1: 3
NOM_noL1: 15
FracOfValidHit: 1
isHighPurityTrack: 1
miniRelIsoAll: 0.00978002
IsoSumPt_dr03: 0
dz: 0.144475
dxy: 3.36614e-36
normChi2: 0.451322
EoP: 0.0097712
Pterr: 151.114
Fpix: 0.999763
RecoPFMET: 534.528
RecoPFMET_phi: -2.28695
RecoCaloMET: 49.5094
RecoCaloMET_phi: -1.81073
Flag_allMETFilters: 0

      Run : 1 Lumi: 25 Event: 24765
HSCP type: 0
Ih: 13.6547
P: 937.14
Pt: 732.163
Eta: 0.731838
Phi: 2.21656
NbPixelHit_noL1: 3
NOM_noL1: 13
FracOfValidHit: 0.941176
isHighPurityTrack: 1
miniRelIsoAll: 5.43802
IsoSumPt_dr03: 0
dz: -7.92349e+29
dxy: -1.82586e+09
normChi2: 0.179807
EoP: 0.0111246
Pterr: 210.353
Fpix: 0.999998
RecoPFMET: 3967.98
RecoPFMET_phi: -0.93041
RecoCaloMET: 37.2791
RecoCaloMET_phi: -2.17157
Flag_allMETFilters: 0

      Run : 1 Lumi: 25 Event: 24774
HSCP type: 0
Ih: 11.189
P: 952.699
Pt: 377.947
Eta: 1.5758
Phi: 2.22989
NbPixelHit_noL1: 3
NOM_noL1: 18
FracOfValidHit: 1
isHighPurityTrack: 1
miniRelIsoAll: 0.778409
IsoSumPt_dr03: 0
dz: 9.41237e+11
dxy: -2.47217e+09
normChi2: 0.470094
EoP: 0
Pterr: 34.3418
Fpix: 1
RecoPFMET: 299.857
RecoPFMET_phi: -0.910416
RecoCaloMET: 26.9014
RecoCaloMET_phi: -1.61737
Flag_allMETFilters: 0

      Run : 1 Lumi: 25 Event: 24777
HSCP type: 0
Ih: 14.8147
P: 739.344
Pt: 737.52
Eta: -0.0703027
Phi: 1.78707
NbPixelHit_noL1: 1
NOM_noL1: 12
FracOfValidHit: 1
isHighPurityTrack: 1
miniRelIsoAll: 1
IsoSumPt_dr03: 0
dz: 1.25529e+13
dxy: 33.1127
normChi2: 0.0769744
EoP: 0.0114882
Pterr: 150.71
Fpix: 1
RecoPFMET: 706.196
RecoPFMET_phi: -1.30586
RecoCaloMET: 34.3585
RecoCaloMET_phi: 0.198497
Flag_allMETFilters: 0

      Run : 1 Lumi: 25 Event: 24775
HSCP type: 0
Ih: 16.1717
P: 1371.96
Pt: 336.929
Eta: 2.08184
Phi: 3.04786
NbPixelHit_noL1: 3
NOM_noL1: 18
FracOfValidHit: 1
isHighPurityTrack: 1
miniRelIsoAll: 1.4089
IsoSumPt_dr03: 0
dz: -3.19938e+24
dxy: 2.6688e+23
normChi2: 1.45951
EoP: 0
Pterr: 80.8386
Fpix: 0.99975
RecoPFMET: 44.7257
RecoPFMET_phi: 1.83795
RecoCaloMET: 35.5747
RecoCaloMET_phi: 0.0968941
Flag_allMETFilters: 0

      Run : 1 Lumi: 25 Event: 24770
HSCP type: 0
Ih: 11.4026
P: 982.44
Pt: 341.722
Eta: 1.71747
Phi: -0.522394
NbPixelHit_noL1: 3
NOM_noL1: 17
FracOfValidHit: 1
isHighPurityTrack: 1
miniRelIsoAll: 0.913083
IsoSumPt_dr03: 0
dz: -6.27819e-17
dxy: 3.73745e+11
normChi2: 0.69328
EoP: 0
Pterr: 34.8667
Fpix: 0.999957
RecoPFMET: 39.7516
RecoPFMET_phi: 2.79977
RecoCaloMET: 268.998
RecoCaloMET_phi: -0.617513
Flag_allMETFilters: 0

      Run : 1 Lumi: 25 Event: 24778
HSCP type: 1
Ih: 5.95249
P: 2066.04
Pt: 397.871
Eta: -2.33101
Phi: 2.634
NbPixelHit_noL1: 4
NOM_noL1: 18
FracOfValidHit: 1
isHighPurityTrack: 1
miniRelIsoAll: 0.00159763
IsoSumPt_dr03: 0
dz: -1.0109e+32
dxy: 4.83277e+30
normChi2: 0.658908
EoP: 0.00159357
Pterr: 107.595
Fpix: 0.995555
RecoPFMET: 15.204
RecoPFMET_phi: 0.437522
RecoCaloMET: 6.36146
RecoCaloMET_phi: -0.782718
Flag_allMETFilters: 0

      Run : 1 Lumi: 25 Event: 24766
HSCP type: 0
Ih: 8.88786
P: 917.536
Pt: 583.161
Eta: 1.02536
Phi: -2.43636
NbPixelHit_noL1: 2
NOM_noL1: 9
FracOfValidHit: 0.933333
isHighPurityTrack: 1
miniRelIsoAll: 8.91937
IsoSumPt_dr03: 0
dz: -6675.55
dxy: -536.525
normChi2: 0.245309
EoP: 0.00512069
Pterr: 112.481
Fpix: 0.984875
RecoPFMET: 4490.5
RecoPFMET_phi: 0.828422
RecoCaloMET: 884.449
RecoCaloMET_phi: -3.0591
Flag_allMETFilters: 0

      Run : 1 Lumi: 25 Event: 24780
HSCP type: 0
Ih: 8.81508
P: 1096.37
Pt: 734.813
Eta: 0.955268
Phi: -2.45078
NbPixelHit_noL1: 4
NOM_noL1: 14
FracOfValidHit: 0.9375
isHighPurityTrack: 1
miniRelIsoAll: 4.77955
IsoSumPt_dr03: 0
dz: -1.53028e-23
dxy: 2.30511e+37
normChi2: 1.64138
EoP: 0.000438319
Pterr: 162.197
Fpix: 0.99958
RecoPFMET: 3491.14
RecoPFMET_phi: 0.698959
RecoCaloMET: 13.1815
RecoCaloMET_phi: 2.2064
Flag_allMETFilters: 0

      Run : 1 Lumi: 25 Event: 24781
HSCP type: 1
Ih: 7.37289
P: 1097.05
Pt: 1065.14
Eta: -0.244179
Phi: -0.488631
NbPixelHit_noL1: 3
NOM_noL1: 15
FracOfValidHit: 1
isHighPurityTrack: 1
miniRelIsoAll: 0.00581762
IsoSumPt_dr03: 0
dz: 4.5757e-30
dxy: -2.1997e-30
normChi2: 0.455191
EoP: 0.00581294
Pterr: 290.858
Fpix: 0.997622
RecoPFMET: 29.6421
RecoPFMET_phi: -1.88757
RecoCaloMET: 27.4189
RecoCaloMET_phi: -0.515234
Flag_allMETFilters: 0

      Run : 1 Lumi: 25 Event: 24784
HSCP type: 0
Ih: 5.69551
P: 1919.39
Pt: 1521.78
Eta: -0.707998
Phi: 2.13377
NbPixelHit_noL1: 3
NOM_noL1: 17
FracOfValidHit: 1
isHighPurityTrack: 1
miniRelIsoAll: 1.64037
IsoSumPt_dr03: 0
dz: 5.15711e-36
dxy: 1.07876e+24
normChi2: 0.940186
EoP: 0.00301354
Pterr: 443.202
Fpix: 0.929194
RecoPFMET: 2478.07
RecoPFMET_phi: -1.00688
RecoCaloMET: 19.3655
RecoCaloMET_phi: -2.63838
Flag_allMETFilters: 0

      Run : 1 Lumi: 25 Event: 24783
HSCP type: 0
Ih: 6.90286
P: 1579.08
Pt: 1167
Eta: 0.817419
Phi: 0.365836
NbPixelHit_noL1: 2
NOM_noL1: 14
FracOfValidHit: 1
isHighPurityTrack: 1
miniRelIsoAll: 1.00812
IsoSumPt_dr03: 0
dz: -1.4507e+14
dxy: -1.0226e-24
normChi2: 0.449192
EoP: 0.00339301
Pterr: 218.786
Fpix: 0.975169
RecoPFMET: 71.943
RecoPFMET_phi: -2.80135
RecoCaloMET: 501.822
RecoCaloMET_phi: -0.0664747
Flag_allMETFilters: 0

      Run : 1 Lumi: 25 Event: 24785
HSCP type: 0
Ih: 21.745
P: 563.231
Pt: 561.037
Eta: 0.0884033
Phi: 2.68119
NbPixelHit_noL1: 1
NOM_noL1: 14
FracOfValidHit: 1
isHighPurityTrack: 1
miniRelIsoAll: 1.21837
IsoSumPt_dr03: 0
dz: -1.97151e-33
dxy: -0.000108951
normChi2: 0.274354
EoP: 0.0147757
Pterr: 124.185
Fpix: 0.964389
RecoPFMET: 128.844
RecoPFMET_phi: 2.28248
RecoCaloMET: 189.706
RecoCaloMET_phi: -1.88321
Flag_allMETFilters: 0

      Run : 1 Lumi: 25 Event: 24782
HSCP type: 0
Ih: 8.79879
P: 1390.5
Pt: 1044.19
Eta: -0.793456
Phi: 0.824087
NbPixelHit_noL1: 3
NOM_noL1: 17
FracOfValidHit: 1
isHighPurityTrack: 1
miniRelIsoAll: 5.16685
IsoSumPt_dr03: 0
dz: 0.0215623
dxy: 1.05015e-37
normChi2: 0.45062
EoP: 0.00386901
Pterr: 345.455
Fpix: 0.999547
RecoPFMET: 5380.99
RecoPFMET_phi: -2.32675
RecoCaloMET: 49.8099
RecoCaloMET_phi: 2.6605
Flag_allMETFilters: 0

      Run : 1 Lumi: 25 Event: 24788
HSCP type: 0
Ih: 7.43229
P: 1472.14
Pt: 814.501
Eta: -1.19785
Phi: -0.820546
NbPixelHit_noL1: 3
NOM_noL1: 9
FracOfValidHit: 1
isHighPurityTrack: 1
miniRelIsoAll: 0.980225
IsoSumPt_dr03: 0
dz: 1.08827e+13
dxy: -5.73811e-08
normChi2: 0.415656
EoP: 0.0115127
Pterr: 99.4199
Fpix: 0.967833
RecoPFMET: 773.514
RecoPFMET_phi: 2.29237
RecoCaloMET: 38.5672
RecoCaloMET_phi: -1.26669
Flag_allMETFilters: 0

      Run : 1 Lumi: 25 Event: 24792
HSCP type: 0
Ih: 7.76123
P: 1159.82
Pt: 977.29
Eta: -0.602046
Phi: 3.038
NbPixelHit_noL1: 3
NOM_noL1: 16
FracOfValidHit: 1
isHighPurityTrack: 1
miniRelIsoAll: 4.49322
IsoSumPt_dr03: 0
dz: -2.36806e-36
dxy: -1.90023e-14
normChi2: 0.191865
EoP: 0.00514639
Pterr: 132.55
Fpix: 0.998535
RecoPFMET: 4409.03
RecoPFMET_phi: -0.10393
RecoCaloMET: 21.4357
RecoCaloMET_phi: -1.12801
Flag_allMETFilters: 0

      Run : 1 Lumi: 25 Event: 24791
HSCP type: 0
Ih: 12.6615
P: 731.875
Pt: 619.728
Eta: -0.592878
Phi: -0.590483
NbPixelHit_noL1: 2
NOM_noL1: 20
FracOfValidHit: 1
isHighPurityTrack: 1
miniRelIsoAll: 4.1015
IsoSumPt_dr03: 0
dz: 1.57524e-27
dxy: 7.35614e+16
normChi2: 0.0963983
EoP: 0.000848584
Pterr: 101.414
Fpix: 0.986788
RecoPFMET: 2516.58
RecoPFMET_phi: 2.5262
RecoCaloMET: 55.4844
RecoCaloMET_phi: 0.577753
Flag_allMETFilters: 0

      Run : 1 Lumi: 25 Event: 24794
HSCP type: 0
Ih: 11.9464
P: 1126.09
Pt: 1061.98
Eta: -0.345741
Phi: -2.63441
NbPixelHit_noL1: 3
NOM_noL1: 15
FracOfValidHit: 1
isHighPurityTrack: 1
miniRelIsoAll: 0.963985
IsoSumPt_dr03: 0
dz: 1.12119e+29
dxy: -2.7597e+21
normChi2: 0.323403
EoP: 0.00468885
Pterr: 264.794
Fpix: 0.992646
RecoPFMET: 79.8686
RecoPFMET_phi: 0.761991
RecoCaloMET: 61.5716
RecoCaloMET_phi: 2.69541
Flag_allMETFilters: 0

      Run : 1 Lumi: 25 Event: 24786
HSCP type: 0
Ih: 11.7938
P: 994.404
Pt: 856.835
Eta: 0.559347
Phi: 2.2494
NbPixelHit_noL1: 3
NOM_noL1: 17
FracOfValidHit: 1
isHighPurityTrack: 1
miniRelIsoAll: 1
IsoSumPt_dr03: 0
dz: 1.99388e+33
dxy: -5.61621e-28
normChi2: 0.299807
EoP: 0.00391234
Pterr: 244.098
Fpix: 0.999806
RecoPFMET: 764.292
RecoPFMET_phi: -0.874949
RecoCaloMET: 65.3961
RecoCaloMET_phi: 1.82106
Flag_allMETFilters: 0

      Run : 1 Lumi: 25 Event: 24779
HSCP type: 0
Ih: 31.8186
P: 588.461
Pt: 379.371
Eta: 1.00683
Phi: -0.018113
NbPixelHit_noL1: 2
NOM_noL1: 7
FracOfValidHit: 1
isHighPurityTrack: 1
miniRelIsoAll: 1.16621
IsoSumPt_dr03: 0
dz: -0.00109259
dxy: 1.98935e+21
normChi2: 0.418381
EoP: 0.0176046
Pterr: 84.7829
Fpix: 0.999994
RecoPFMET: 702.1
RecoPFMET_phi: 2.52749
RecoCaloMET: 352.566
RecoCaloMET_phi: 1.97741
Flag_allMETFilters: 0

      Run : 1 Lumi: 25 Event: 24798
HSCP type: 0
Ih: 8.90673
P: 1616.38
Pt: 987.08
Eta: 1.07646
Phi: 2.02931
NbPixelHit_noL1: 3
NOM_noL1: 11
FracOfValidHit: 0.75
isHighPurityTrack: 1
miniRelIsoAll: 6.02749
IsoSumPt_dr03: 0
dz: 2.34893e-18
dxy: -1.75134e+31
normChi2: 0.171066
EoP: 0.00414764
Pterr: 911.14
Fpix: 0.999692
RecoPFMET: 5878.63
RecoPFMET_phi: -1.12349
RecoCaloMET: 90.978
RecoCaloMET_phi: 2.72031
Flag_allMETFilters: 0

      Run : 1 Lumi: 25 Event: 24795
HSCP type: 0
Ih: 10.5263
P: 1176.73
Pt: 1078.32
Eta: 0.42406
Phi: -0.461996
NbPixelHit_noL1: 3
NOM_noL1: 17
FracOfValidHit: 1
isHighPurityTrack: 1
miniRelIsoAll: 1
IsoSumPt_dr03: 0
dz: 1.01237e+38
dxy: 1.46881e-33
normChi2: 0.280808
EoP: 0.00521859
Pterr: 325.034
Fpix: 0.99953
RecoPFMET: 1064.19
RecoPFMET_phi: 2.6845
RecoCaloMET: 16.7887
RecoCaloMET_phi: -1.40797
Flag_allMETFilters: 0

      Run : 1 Lumi: 25 Event: 24790
HSCP type: 1
Ih: 6.40343
P: 3154.61
Pt: 3089.39
Eta: -0.205128
Phi: -0.152204
NbPixelHit_noL1: 4
NOM_noL1: 15
FracOfValidHit: 1
isHighPurityTrack: 1
miniRelIsoAll: 0
IsoSumPt_dr03: 0
dz: 1.79725e+17
dxy: -4.69189e-15
normChi2: 0.256829
EoP: 0
Pterr: 2008.46
Fpix: 0.974396
RecoPFMET: 1559.85
RecoPFMET_phi: 3.03478
RecoCaloMET: 3642.41
RecoCaloMET_phi: 3.00116
Flag_allMETFilters: 0

      Run : 1 Lumi: 25 Event: 24793
HSCP type: 0
Ih: 16.4133
P: 802.308
Pt: 576.873
Eta: 0.857551
Phi: 0.521133
NbPixelHit_noL1: 1
NOM_noL1: 9
FracOfValidHit: 0.909091
isHighPurityTrack: 1
miniRelIsoAll: 0.999058
IsoSumPt_dr03: 0
dz: 6.70786e-31
dxy: -1.0653e-30
normChi2: 0.0834429
EoP: 0.000364225
Pterr: 237.324
Fpix: 0.999228
RecoPFMET: 830.623
RecoPFMET_phi: -2.4625
RecoCaloMET: 247.024
RecoCaloMET_phi: -2.02668
Flag_allMETFilters: 0

      Run : 1 Lumi: 25 Event: 24802
HSCP type: 0
Ih: 8.93836
P: 1523.63
Pt: 1021.06
Eta: -0.955414
Phi: 0.788563
NbPixelHit_noL1: 3
NOM_noL1: 15
FracOfValidHit: 1
isHighPurityTrack: 1
miniRelIsoAll: 1.03734
IsoSumPt_dr03: 0
dz: -7.19988e-35
dxy: 1.40725e-33
normChi2: 0.676275
EoP: 0.00502509
Pterr: 152.018
Fpix: 0.999763
RecoPFMET: 991.296
RecoPFMET_phi: -2.36009
RecoCaloMET: 30.6146
RecoCaloMET_phi: 0.850818
Flag_allMETFilters: 0

      Run : 1 Lumi: 25 Event: 24806
HSCP type: 4
Ih: 3.19969
P: 153.317
Pt: 60.8771
Eta: 1.57482
Phi: 0.384286
NbPixelHit_noL1: 0
NOM_noL1: 8
FracOfValidHit: 0.923077
isHighPurityTrack: 1
miniRelIsoAll: 0
IsoSumPt_dr03: 0
dz: -2.77649e-30
dxy: 5.91758e-13
normChi2: 1.11
EoP: 1.05179
Pterr: 3.00074
Fpix: 1
RecoPFMET: 308.058
RecoPFMET_phi: -2.96683
RecoCaloMET: 293.817
RecoCaloMET_phi: -3.04074
Flag_allMETFilters: 0

      Run : 1 Lumi: 25 Event: 24800
HSCP type: 0
Ih: 18.7968
P: 792.592
Pt: 774.166
Eta: 0.217748
Phi: 2.18625
NbPixelHit_noL1: 3
NOM_noL1: 18
FracOfValidHit: 1
isHighPurityTrack: 1
miniRelIsoAll: 6.3021
IsoSumPt_dr03: 0
dz: 3.40341e-12
dxy: 4.77656e+08
normChi2: 0.156526
EoP: 0.00895672
Pterr: 209.665
Fpix: 0.999998
RecoPFMET: 4753.97
RecoPFMET_phi: -1.00054
RecoCaloMET: 174.227
RecoCaloMET_phi: 3.11967
Flag_allMETFilters: 0

      Run : 1 Lumi: 25 Event: 24810
HSCP type: 0
Ih: 9.62762
P: 1061.99
Pt: 522.85
Eta: -1.33476
Phi: 2.31393
NbPixelHit_noL1: 4
NOM_noL1: 16
FracOfValidHit: 1
isHighPurityTrack: 1
miniRelIsoAll: 0.851506
IsoSumPt_dr03: 0
dz: -2.54853e+23
dxy: -1.15739e+21
normChi2: 0.745133
EoP: 0
Pterr: 64.8127
Fpix: 0.999997
RecoPFMET: 375.463
RecoPFMET_phi: -0.674168
RecoCaloMET: 38.0457
RecoCaloMET_phi: 1.49447
Flag_allMETFilters: 0

      Run : 1 Lumi: 25 Event: 24805
HSCP type: 0
Ih: 0.664317
P: 45.2756
Pt: 22.0828
Eta: -1.3455
Phi: 2.19117
NbPixelHit_noL1: 0
NOM_noL1: 4
FracOfValidHit: 0.777778
isHighPurityTrack: 0
miniRelIsoAll: 1.2713
IsoSumPt_dr03: 0
dz: -2.15469e+16
dxy: 1.27233e+31
normChi2: 6.3434
EoP: 0
Pterr: 0.938886
Fpix: 1
RecoPFMET: 162.128
RecoPFMET_phi: 1.2984
RecoCaloMET: 173.553
RecoCaloMET_phi: 1.40342
Flag_allMETFilters: 0

      Run : 1 Lumi: 25 Event: 24804
HSCP type: 1
Ih: 5.46811
P: 451.161
Pt: 215.658
Eta: 1.36853
Phi: 1.26138
NbPixelHit_noL1: 2
NOM_noL1: 14
FracOfValidHit: 1
isHighPurityTrack: 1
miniRelIsoAll: 0
IsoSumPt_dr03: 0
dz: -4.72226e-22
dxy: 5.23971e-20
normChi2: 0.875267
EoP: 0
Pterr: 13.1245
Fpix: 0.999383
RecoPFMET: 173.5
RecoPFMET_phi: 0.0231835
RecoCaloMET: 85.637
RecoCaloMET_phi: -0.525767
Flag_allMETFilters: 0

      Run : 1 Lumi: 25 Event: 24812
HSCP type: 0
Ih: 6.21147
P: 3004.77
Pt: 2486.61
Eta: 0.634856
Phi: 1.45746
NbPixelHit_noL1: 3
NOM_noL1: 15
FracOfValidHit: 1
isHighPurityTrack: 1
miniRelIsoAll: 1.44946
IsoSumPt_dr03: 0
dz: 1.8143e-25
dxy: 2.4475e+16
normChi2: 0.422626
EoP: 0
Pterr: 1154.36
Fpix: 0.99692
RecoPFMET: 3619.73
RecoPFMET_phi: -1.6438
RecoCaloMET: 125.688
RecoCaloMET_phi: 0.113202
Flag_allMETFilters: 0

      Run : 1 Lumi: 25 Event: 24808
HSCP type: 0
Ih: 7.95599
P: 1329.59
Pt: 912.676
Eta: -0.922746
Phi: -2.65921
NbPixelHit_noL1: 3
NOM_noL1: 13
FracOfValidHit: 1
isHighPurityTrack: 1
miniRelIsoAll: 0.975502
IsoSumPt_dr03: 0
dz: -2.72343e-34
dxy: 4.19074e-21
normChi2: 0.322085
EoP: 0.00572462
Pterr: 104.615
Fpix: 0.999907
RecoPFMET: 930.704
RecoPFMET_phi: 0.465859
RecoCaloMET: 60.3616
RecoCaloMET_phi: 0.282185
Flag_allMETFilters: 0

      Run : 1 Lumi: 25 Event: 24813
HSCP type: 1
Ih: 24.137
P: 608.095
Pt: 500.861
Eta: 0.643223
Phi: -0.853476
NbPixelHit_noL1: 3
NOM_noL1: 16
FracOfValidHit: 1
isHighPurityTrack: 1
miniRelIsoAll: 0.00952947
IsoSumPt_dr03: 0
dz: -1.11038e+09
dxy: 2.73172e+38
normChi2: 0.145694
EoP: 0.00952947
Pterr: 104.205
Fpix: 1
RecoPFMET: 696.13
RecoPFMET_phi: -0.78551
RecoCaloMET: 78.4753
RecoCaloMET_phi: -0.873952
Flag_allMETFilters: 0

      Run : 1 Lumi: 25 Event: 24814
HSCP type: 0
Ih: 9.02863
P: 1039.37
Pt: 861.534
Eta: 0.631964
Phi: -2.90361
NbPixelHit_noL1: 4
NOM_noL1: 17
FracOfValidHit: 0.909091
isHighPurityTrack: 1
miniRelIsoAll: 1.50435
IsoSumPt_dr03: 0
dz: -1.90921e+10
dxy: 2.32388e-36
normChi2: 1.22998
EoP: 0
Pterr: 151.189
Fpix: 0.999834
RecoPFMET: 1373.85
RecoPFMET_phi: 0.147402
RecoCaloMET: 121.737
RecoCaloMET_phi: -0.935107
Flag_allMETFilters: 0

      Run : 1 Lumi: 25 Event: 24801
HSCP type: 4
Ih: 3.62964
P: 877.056
Pt: 179.57
Eta: -2.2685
Phi: 2.53254
NbPixelHit_noL1: 1
NOM_noL1: 8
FracOfValidHit: 0.9
isHighPurityTrack: 0
miniRelIsoAll: 0
IsoSumPt_dr03: 0
dz: -3.50561e-23
dxy: -8.3732e-26
normChi2: 0.961941
EoP: 0
Pterr: 62.995
Fpix: 0.923383
RecoPFMET: 118.133
RecoPFMET_phi: -0.819146
RecoCaloMET: 75.3091
RecoCaloMET_phi: -0.674271
Flag_allMETFilters: 0

      Run : 1 Lumi: 25 Event: 24815
HSCP type: 0
Ih: 11.7595
P: 892.414
Pt: 405.18
Eta: 1.4267
Phi: -2.97042
NbPixelHit_noL1: 2
NOM_noL1: 10
FracOfValidHit: 1
isHighPurityTrack: 1
miniRelIsoAll: 1.23475
IsoSumPt_dr03: 0
dz: 1.11007e+38
dxy: 2.22224e-24
normChi2: 0.74586
EoP: 0
Pterr: 48.0667
Fpix: 0.999738
RecoPFMET: 231.89
RecoPFMET_phi: 0.0996037
RecoCaloMET: 62.1089
RecoCaloMET_phi: -1.68764
Flag_allMETFilters: 0

      Run : 1 Lumi: 25 Event: 24821
HSCP type: 0
Ih: 7.76447
P: 1064.68
Pt: 891.734
Eta: 0.613151
Phi: 2.54817
NbPixelHit_noL1: 1
NOM_noL1: 15
FracOfValidHit: 1
isHighPurityTrack: 1
miniRelIsoAll: 0.995831
IsoSumPt_dr03: 0
dz: 5.20974e-31
dxy: 2.82759e+20
normChi2: 0.34836
EoP: 0
Pterr: 121.78
Fpix: 0.986179
RecoPFMET: 872.842
RecoPFMET_phi: -0.563033
RecoCaloMET: 31.9796
RecoCaloMET_phi: 0.646079
Flag_allMETFilters: 0

      Run : 1 Lumi: 25 Event: 24823
HSCP type: 0
Ih: 9.78088
P: 748.314
Pt: 168.547
Eta: -2.17083
Phi: 2.15345
NbPixelHit_noL1: 5
NOM_noL1: 21
FracOfValidHit: 1
isHighPurityTrack: 1
miniRelIsoAll: 1
IsoSumPt_dr03: 0
dz: -7.10502e-31
dxy: 6.85681e-18
normChi2: 0.642989
EoP: 0.00868947
Pterr: 17.958
Fpix: 1
RecoPFMET: 222.413
RecoPFMET_phi: -0.737063
RecoCaloMET: 37.7791
RecoCaloMET_phi: 0.346134
Flag_allMETFilters: 0

      Run : 1 Lumi: 25 Event: 24820
HSCP type: 0
Ih: 41.6282
P: 537.311
Pt: 411.669
Eta: 0.762663
Phi: -1.66532
NbPixelHit_noL1: 2
NOM_noL1: 13
FracOfValidHit: 1
isHighPurityTrack: 1
miniRelIsoAll: 0.961029
IsoSumPt_dr03: 0
dz: -30730.8
dxy: -4.25664e+27
normChi2: 0.0817664
EoP: 0.033998
Pterr: 82.9005
Fpix: 0.999999
RecoPFMET: 405.658
RecoPFMET_phi: -1.63516
RecoCaloMET: 31.531
RecoCaloMET_phi: -1.97996
Flag_allMETFilters: 0

      Run : 1 Lumi: 25 Event: 24817
HSCP type: 0
Ih: 12.5832
P: 1154.48
Pt: 1094.9
Eta: -0.328415
Phi: 0.505405
NbPixelHit_noL1: 2
NOM_noL1: 13
FracOfValidHit: 1
isHighPurityTrack: 1
miniRelIsoAll: 0.897831
IsoSumPt_dr03: 0
dz: -1.74373e+06
dxy: -2.65866e+09
normChi2: 0.162966
EoP: 0.00394159
Pterr: 360.254
Fpix: 0.999438
RecoPFMET: 664.01
RecoPFMET_phi: -2.74777
RecoCaloMET: 171.597
RecoCaloMET_phi: 0.828915
Flag_allMETFilters: 0

      Run : 1 Lumi: 25 Event: 24818
HSCP type: 4
Ih: 3.52616
P: 119.626
Pt: 62.7062
Eta: -1.26197
Phi: 2.18616
NbPixelHit_noL1: 0
NOM_noL1: 5
FracOfValidHit: 0.916667
isHighPurityTrack: 0
miniRelIsoAll: 0
IsoSumPt_dr03: 0
dz: -3.04464e+22
dxy: -1.76583e-12
normChi2: 2.1513
EoP: 0
Pterr: 9.49332
Fpix: 1
RecoPFMET: 15.9467
RecoPFMET_phi: 1.83127
RecoCaloMET: 22.5808
RecoCaloMET_phi: 2.19443
Flag_allMETFilters: 0

      Run : 1 Lumi: 25 Event: 24819
HSCP type: 4
Ih: 3.68175
P: 505.543
Pt: 280.857
Eta: 1.19291
Phi: -1.32295
NbPixelHit_noL1: 3
NOM_noL1: 9
FracOfValidHit: 1
isHighPurityTrack: 1
miniRelIsoAll: 1
IsoSumPt_dr03: 0
dz: -5.43804e-28
dxy: -1.5787e-38
normChi2: 0.647413
EoP: 1.10692
Pterr: 11.706
Fpix: 0.895214
RecoPFMET: 554.69
RecoPFMET_phi: 1.92483
RecoCaloMET: 550.096
RecoCaloMET_phi: 1.89456
Flag_allMETFilters: 0

      Run : 1 Lumi: 25 Event: 24771
HSCP type: 0
Ih: 7.83049
P: 1915.35
Pt: 941.492
Eta: 1.33658
Phi: 2.48673
NbPixelHit_noL1: 4
NOM_noL1: 15
FracOfValidHit: 1
isHighPurityTrack: 1
miniRelIsoAll: 1.00361
IsoSumPt_dr03: 0
dz: 4.92961e+22
dxy: -1.3054e-06
normChi2: 0.666514
EoP: 0
Pterr: 119.494
Fpix: 0.999595
RecoPFMET: 166.067
RecoPFMET_phi: -1.15181
RecoCaloMET: 829.818
RecoCaloMET_phi: 2.67865
Flag_allMETFilters: 0

      Run : 1 Lumi: 25 Event: 24822
HSCP type: 0
Ih: 33.6024
P: 399.311
Pt: 399.034
Eta: 0.0372615
Phi: -2.6754
NbPixelHit_noL1: 4
NOM_noL1: 18
FracOfValidHit: 1
isHighPurityTrack: 1
miniRelIsoAll: 1.00203
IsoSumPt_dr03: 0
dz: -1.14536e+16
dxy: -1.11355e-34
normChi2: 0.506666
EoP: 0.00402437
Pterr: 53.3199
Fpix: 0.999822
RecoPFMET: 75.4227
RecoPFMET_phi: -2.64592
RecoCaloMET: 23.5349
RecoCaloMET_phi: 0.626537
Flag_allMETFilters: 0

      Run : 1 Lumi: 25 Event: 24825
HSCP type: 0
Ih: 12.9975
P: 2607.39
Pt: 1200.05
Eta: -1.41139
Phi: 3.10565
NbPixelHit_noL1: 3
NOM_noL1: 16
FracOfValidHit: 1
isHighPurityTrack: 1
miniRelIsoAll: 0.402734
IsoSumPt_dr03: 0
dz: -4.40788e+13
dxy: -66.4331
normChi2: 0.558765
EoP: 0.000398291
Pterr: 668.75
Fpix: 0.999365
RecoPFMET: 123.041
RecoPFMET_phi: -3.00166
RecoCaloMET: 115.654
RecoCaloMET_phi: 2.0268
Flag_allMETFilters: 0

      Run : 1 Lumi: 25 Event: 24824
HSCP type: 1
Ih: 7.61836
P: 1451.5
Pt: 431.442
Eta: 1.88351
Phi: 1.25387
NbPixelHit_noL1: 5
NOM_noL1: 23
FracOfValidHit: 1
isHighPurityTrack: 1
miniRelIsoAll: 0.00474195
IsoSumPt_dr03: 0
dz: 4.56077e+11
dxy: 4.37408e+26
normChi2: 0.940324
EoP: 0.00474035
Pterr: 72.9933
Fpix: 0.999892
RecoPFMET: 159
RecoPFMET_phi: 0.95864
RecoCaloMET: 107.894
RecoCaloMET_phi: 1.30996
Flag_allMETFilters: 0

      Run : 1 Lumi: 25 Event: 24831
HSCP type: 4
Ih: 33.869
P: 451.474
Pt: 451.45
Eta: -0.0101709
Phi: 1.20525
NbPixelHit_noL1: 3
NOM_noL1: 6
FracOfValidHit: 1
isHighPurityTrack: 1
miniRelIsoAll: 0.0652311
IsoSumPt_dr03: 0
dz: 1.0767e+17
dxy: -1.04559e+32
normChi2: 0.322271
EoP: 0.0652311
Pterr: 111.826
Fpix: 0.999415
RecoPFMET: 50.1675
RecoPFMET_phi: -1.06158
RecoCaloMET: 40.2423
RecoCaloMET_phi: -1.41335
Flag_allMETFilters: 0

      Run : 1 Lumi: 25 Event: 24809
HSCP type: 0
Ih: 14.1384
P: 1109.63
Pt: 1079.82
Eta: 0.234455
Phi: -1.13376
NbPixelHit_noL1: 2
NOM_noL1: 14
FracOfValidHit: 0.947368
isHighPurityTrack: 1
miniRelIsoAll: 0.72279
IsoSumPt_dr03: 0
dz: -0.000186143
dxy: -3.61141e-09
normChi2: 0.28495
EoP: 0.00482333
Pterr: 401.659
Fpix: 0.99972
RecoPFMET: 728.765
RecoPFMET_phi: 1.78599
RecoCaloMET: 143.831
RecoCaloMET_phi: 0.0708265
Flag_allMETFilters: 0

      Run : 1 Lumi: 25 Event: 24834
HSCP type: 0
Ih: 10.7858
P: 1047.99
Pt: 910.699
Eta: 0.542415
Phi: 1.14256
NbPixelHit_noL1: 4
NOM_noL1: 17
FracOfValidHit: 1
isHighPurityTrack: 1
miniRelIsoAll: 1.42551
IsoSumPt_dr03: 0
dz: 9.19579e+16
dxy: -0.00583848
normChi2: 0.193182
EoP: 0.00420787
Pterr: 128.048
Fpix: 0.999995
RecoPFMET: 388.309
RecoPFMET_phi: -1.96067
RecoCaloMET: 21.6109
RecoCaloMET_phi: 0.779172
Flag_allMETFilters: 0

      Run : 1 Lumi: 25 Event: 24828
HSCP type: 1
Ih: 9.01965
P: 1254.78
Pt: 961.024
Eta: -0.763228
Phi: -0.701206
NbPixelHit_noL1: 3
NOM_noL1: 16
FracOfValidHit: 1
isHighPurityTrack: 1
miniRelIsoAll: 0.00835446
IsoSumPt_dr03: 0
dz: -1940.9
dxy: 3.33554e+16
normChi2: 0.302689
EoP: 0.00564993
Pterr: 213.75
Fpix: 0.999199
RecoPFMET: 26.3335
RecoPFMET_phi: 1.7552
RecoCaloMET: 26.4169
RecoCaloMET_phi: 2.15675
Flag_allMETFilters: 0

      Run : 1 Lumi: 25 Event: 24826
HSCP type: 0
Ih: 18.7747
P: 634.286
Pt: 449.428
Eta: -0.878473
Phi: 0.353609
NbPixelHit_noL1: 3
NOM_noL1: 16
FracOfValidHit: 1
isHighPurityTrack: 1
miniRelIsoAll: 0.727224
IsoSumPt_dr03: 0
dz: 1.16464e-37
dxy: 0.0045367
normChi2: 0.396017
EoP: 0
Pterr: 125.673
Fpix: 0.999996
RecoPFMET: 326.978
RecoPFMET_phi: -2.90795
RecoCaloMET: 43.4786
RecoCaloMET_phi: 2.78785
Flag_allMETFilters: 0

      Run : 1 Lumi: 25 Event: 24829
HSCP type: 0
Ih: 10.3793
P: 427.442
Pt: 398.425
Eta: -0.379377
Phi: -1.6829
NbPixelHit_noL1: 1
NOM_noL1: 15
FracOfValidHit: 0.833333
isHighPurityTrack: 1
miniRelIsoAll: 1.01438
IsoSumPt_dr03: 0
dz: 1.25489e-30
dxy: 1.25076e-06
normChi2: 2.86454
EoP: 0.0119024
Pterr: 68.9842
Fpix: 0.933072
RecoPFMET: 107.069
RecoPFMET_phi: -1.5037
RecoCaloMET: 39.041
RecoCaloMET_phi: -1.94604
Flag_allMETFilters: 0

      Run : 1 Lumi: 25 Event: 24836
HSCP type: 0
Ih: 10.613
P: 976.812
Pt: 531.604
Eta: 1.21758
Phi: 0.65703
NbPixelHit_noL1: 1
NOM_noL1: 9
FracOfValidHit: 1
isHighPurityTrack: 1
miniRelIsoAll: 1.12858
IsoSumPt_dr03: 0
dz: -4.20757e-10
dxy: -5.03096e-08
normChi2: 0.656591
EoP: 0.155113
Pterr: 109.224
Fpix: 0.995718
RecoPFMET: 878.572
RecoPFMET_phi: -2.85383
RecoCaloMET: 411.137
RecoCaloMET_phi: 2.94957
Flag_allMETFilters: 0

      Run : 1 Lumi: 25 Event: 24839
HSCP type: 4
Ih: 14.8499
P: 314.128
Pt: 289.034
Eta: -0.41374
Phi: -0.963381
NbPixelHit_noL1: 0
NOM_noL1: 4
FracOfValidHit: 0.5
isHighPurityTrack: 0
miniRelIsoAll: 0
IsoSumPt_dr03: 0
dz: 2.77256e-31
dxy: -1.14593e-21
normChi2: 0.035416
EoP: 0
Pterr: 749.457
Fpix: 1
RecoPFMET: 64.7484
RecoPFMET_phi: -1.64749
RecoCaloMET: 28.83
RecoCaloMET_phi: -2.20018
Flag_allMETFilters: 0

      Run : 1 Lumi: 25 Event: 24838
HSCP type: 0
Ih: 8.5977
P: 1047.49
Pt: 920.132
Eta: -0.520246
Phi: 0.558971
NbPixelHit_noL1: 3
NOM_noL1: 17
FracOfValidHit: 1
isHighPurityTrack: 1
miniRelIsoAll: 1
IsoSumPt_dr03: 0
dz: 2.68583e+09
dxy: 2.20622e+30
normChi2: 0.218389
EoP: 0.00720054
Pterr: 175.841
Fpix: 0.999798
RecoPFMET: 926.575
RecoPFMET_phi: -2.58985
RecoCaloMET: 38.7199
RecoCaloMET_phi: -1.89717
Flag_allMETFilters: 0

      Run : 1 Lumi: 25 Event: 24840
HSCP type: 1
Ih: 7.81288
P: 1546.86
Pt: 1492.2
Eta: -0.269837
Phi: 1.12019
NbPixelHit_noL1: 3
NOM_noL1: 15
FracOfValidHit: 0.944444
isHighPurityTrack: 1
miniRelIsoAll: 0
IsoSumPt_dr03: 0
dz: 4.52983e+35
dxy: 2.65678e+25
normChi2: 0.400047
EoP: 0
Pterr: 270.962
Fpix: 0.874853
RecoPFMET: 7.81498
RecoPFMET_phi: -0.157497
RecoCaloMET: 29.546
RecoCaloMET_phi: -1.35987
Flag_allMETFilters: 0

      Run : 1 Lumi: 25 Event: 24842
HSCP type: 0
Ih: 22.1936
P: 639.803
Pt: 348.684
Eta: 1.21591
Phi: -3.02031
NbPixelHit_noL1: 2
NOM_noL1: 11
FracOfValidHit: 1
isHighPurityTrack: 1
miniRelIsoAll: 0.940643
IsoSumPt_dr03: 0
dz: 2.11551e-21
dxy: -459010
normChi2: 0.563201
EoP: 0.00437214
Pterr: 39.5415
Fpix: 0.999998
RecoPFMET: 329.336
RecoPFMET_phi: 0.234651
RecoCaloMET: 31.1686
RecoCaloMET_phi: 2.13569
Flag_allMETFilters: 0

      Run : 1 Lumi: 25 Event: 24827
HSCP type: 4
Ih: 3.21498
P: 873.827
Pt: 848.857
Eta: -0.24196
Phi: -2.66778
NbPixelHit_noL1: 0
NOM_noL1: 5
FracOfValidHit: 0.8
isHighPurityTrack: 0
miniRelIsoAll: 0
IsoSumPt_dr03: 0
dz: 6.04648e-06
dxy: 3.2245e+06
normChi2: 9.38391
EoP: 0
Pterr: 952.166
Fpix: 1
RecoPFMET: 168.387
RecoPFMET_phi: -0.865115
RecoCaloMET: 143.124
RecoCaloMET_phi: -1.05478
Flag_allMETFilters: 0

      Run : 1 Lumi: 25 Event: 24835
HSCP type: 0
Ih: 8.50272
P: 1313.5
Pt: 554.224
Eta: -1.50822
Phi: 1.50076
NbPixelHit_noL1: 3
NOM_noL1: 17
FracOfValidHit: 1
isHighPurityTrack: 1
miniRelIsoAll: 1.2898
IsoSumPt_dr03: 0
dz: -0.473327
dxy: -4.66863e+35
normChi2: 0.585418
EoP: 0
Pterr: 65.757
Fpix: 0.999999
RecoPFMET: 326.681
RecoPFMET_phi: 1.47089
RecoCaloMET: 897.132
RecoCaloMET_phi: 1.50137
Flag_allMETFilters: 0

      Run : 1 Lumi: 25 Event: 24845
HSCP type: 0
Ih: 13.6261
P: 282.756
Pt: 221.216
Eta: 0.729614
Phi: -2.75723
NbPixelHit_noL1: 3
NOM_noL1: 5
FracOfValidHit: 0.428571
isHighPurityTrack: 1
miniRelIsoAll: 9.72252
IsoSumPt_dr03: 0
dz: -3.09692e-15
dxy: -9.77429e-20
normChi2: 0.184676
EoP: 0.0181333
Pterr: 409.268
Fpix: 0.999978
RecoPFMET: 809.402
RecoPFMET_phi: 0.445466
RecoCaloMET: 9.23853
RecoCaloMET_phi: 0.390502
Flag_allMETFilters: 0

      Run : 1 Lumi: 25 Event: 24843
HSCP type: 0
Ih: 14.6563
P: 1028.44
Pt: 418.658
Eta: 1.54762
Phi: -1.15625
NbPixelHit_noL1: 3
NOM_noL1: 15
FracOfValidHit: 1
isHighPurityTrack: 1
miniRelIsoAll: 0.72852
IsoSumPt_dr03: 0
dz: 8.55613e-28
dxy: -3.36626e+35
normChi2: 0.553159
EoP: 0
Pterr: 61.8524
Fpix: 1
RecoPFMET: 447.411
RecoPFMET_phi: 2.19331
RecoCaloMET: 137.012
RecoCaloMET_phi: 2.87684
Flag_allMETFilters: 0

      Run : 1 Lumi: 25 Event: 24844
HSCP type: 0
Ih: 6.604
P: 1594.77
Pt: 1284.23
Eta: 0.682126
Phi: 1.9322
NbPixelHit_noL1: 3
NOM_noL1: 16
FracOfValidHit: 1
isHighPurityTrack: 1
miniRelIsoAll: 1.02434
IsoSumPt_dr03: 0
dz: 8.89626e+28
dxy: 7.12953e-13
normChi2: 0.444118
EoP: 0.00353986
Pterr: 311.247
Fpix: 0.99982
RecoPFMET: 35.3839
RecoPFMET_phi: 0.0598663
RecoCaloMET: 80.4803
RecoCaloMET_phi: -1.59723
Flag_allMETFilters: 0

      Run : 1 Lumi: 25 Event: 24851
HSCP type: 4
Ih: 3.50086
P: 45.2843
Pt: 45.0724
Eta: -0.096929
Phi: -0.434184
NbPixelHit_noL1: 2
NOM_noL1: 5
FracOfValidHit: 0.4
isHighPurityTrack: 1
miniRelIsoAll: 0
IsoSumPt_dr03: 0
dz: 1.57745e+25
dxy: -9.89819e-16
normChi2: 0.824642
EoP: 0
Pterr: 6.78492
Fpix: 0.984875
RecoPFMET: 31.5301
RecoPFMET_phi: 3.11839
RecoCaloMET: 6.96989
RecoCaloMET_phi: -1.82849
Flag_allMETFilters: 0

      Run : 1 Lumi: 25 Event: 24849
HSCP type: 0
Ih: 13.1441
P: 990.222
Pt: 808.908
Eta: -0.657634
Phi: 2.63455
NbPixelHit_noL1: 2
NOM_noL1: 16
FracOfValidHit: 1
isHighPurityTrack: 1
miniRelIsoAll: 7.33856
IsoSumPt_dr03: 0
dz: 2.88493e-17
dxy: 1.88488e-14
normChi2: 0.15457
EoP: 0.00524192
Pterr: 220.173
Fpix: 0.998173
RecoPFMET: 6005.46
RecoPFMET_phi: -0.480028
RecoCaloMET: 118.623
RecoCaloMET_phi: 1.02209
Flag_allMETFilters: 0

      Run : 1 Lumi: 25 Event: 24848
HSCP type: 0
Ih: 12.239
P: 1284.78
Pt: 471.575
Eta: 1.65989
Phi: -1.47524
NbPixelHit_noL1: 4
NOM_noL1: 23
FracOfValidHit: 1
isHighPurityTrack: 1
miniRelIsoAll: 1.11857
IsoSumPt_dr03: 0
dz: -6.95435e-32
dxy: -1.84853e+22
normChi2: 0.639315
EoP: 0.000838959
Pterr: 72.3304
Fpix: 0.995042
RecoPFMET: 617.926
RecoPFMET_phi: 1.40013
RecoCaloMET: 125.059
RecoCaloMET_phi: 0.763709
Flag_allMETFilters: 0

      Run : 1 Lumi: 25 Event: 24850
HSCP type: 0
Ih: 5.85875
P: 566.387
Pt: 250.808
Eta: 1.45466
Phi: -1.39147
NbPixelHit_noL1: 3
NOM_noL1: 10
FracOfValidHit: 1
isHighPurityTrack: 1
miniRelIsoAll: 0.864495
IsoSumPt_dr03: 0
dz: 8.04188e+09
dxy: 3.81495e+15
normChi2: 0.73155
EoP: 0.000474196
Pterr: 14.6992
Fpix: 0.999686
RecoPFMET: 327.456
RecoPFMET_phi: 1.64272
RecoCaloMET: 47.1183
RecoCaloMET_phi: 1.80667
Flag_allMETFilters: 0

      Run : 1 Lumi: 25 Event: 24853
HSCP type: 0
Ih: 10.7993
P: 1107.65
Pt: 1018.83
Eta: 0.414584
Phi: 0.568631
NbPixelHit_noL1: 1
NOM_noL1: 14
FracOfValidHit: 1
isHighPurityTrack: 1
miniRelIsoAll: 0.691861
IsoSumPt_dr03: 0
dz: -0.0881627
dxy: 9.5097e+33
normChi2: 0.188377
EoP: 0
Pterr: 464.383
Fpix: 0.890122
RecoPFMET: 777.95
RecoPFMET_phi: -2.2187
RecoCaloMET: 215.796
RecoCaloMET_phi: -1.21176
Flag_allMETFilters: 0

      Run : 1 Lumi: 25 Event: 24854
HSCP type: 0
Ih: 10.9591
P: 1034.06
Pt: 457.217
Eta: -1.45633
Phi: -0.407119
NbPixelHit_noL1: 1
NOM_noL1: 13
FracOfValidHit: 1
isHighPurityTrack: 1
miniRelIsoAll: 0.756763
IsoSumPt_dr03: 0
dz: 2.6534e-19
dxy: 2.74546e+11
normChi2: 0.717468
EoP: 0
Pterr: 44.0287
Fpix: 0.998338
RecoPFMET: 75.7073
RecoPFMET_phi: 0.18631
RecoCaloMET: 13.2465
RecoCaloMET_phi: 0.883387
Flag_allMETFilters: 0

      Run : 1 Lumi: 25 Event: 24841
HSCP type: 0
Ih: 4.79626
P: 2908.78
Pt: 1684.85
Eta: 1.14224
Phi: 2.21994
NbPixelHit_noL1: 2
NOM_noL1: 7
FracOfValidHit: 1
isHighPurityTrack: 1
miniRelIsoAll: 1.37968
IsoSumPt_dr03: 0
dz: 7.3009e-27
dxy: -3.34376e+10
normChi2: 0.822481
EoP: 0.00490683
Pterr: 437.801
Fpix: 0.974396
RecoPFMET: 2139.64
RecoPFMET_phi: -1.06471
RecoCaloMET: 410.591
RecoCaloMET_phi: -3.03454
Flag_allMETFilters: 0

      Run : 1 Lumi: 25 Event: 24858
HSCP type: 0
Ih: 15.4157
P: 790.207
Pt: 626.802
Eta: -0.707243
Phi: -1.92067
NbPixelHit_noL1: 2
NOM_noL1: 14
FracOfValidHit: 0.9375
isHighPurityTrack: 1
miniRelIsoAll: 1.0017
IsoSumPt_dr03: 0
dz: 4.31648e+10
dxy: 1.01867e-08
normChi2: 0.130409
EoP: 0
Pterr: 155.086
Fpix: 0.999782
RecoPFMET: 600.653
RecoPFMET_phi: 1.14252
RecoCaloMET: 26.2451
RecoCaloMET_phi: -0.81333
Flag_allMETFilters: 0

      Run : 1 Lumi: 25 Event: 24862
HSCP type: 0
Ih: 48.0862
P: 414.121
Pt: 350.41
Eta: 0.594241
Phi: -2.43434
NbPixelHit_noL1: 3
NOM_noL1: 9
FracOfValidHit: 1
isHighPurityTrack: 1
miniRelIsoAll: 1.34427
IsoSumPt_dr03: 0
dz: 3.21876e+14
dxy: 0.0106005
normChi2: 0.041732
EoP: 0.045363
Pterr: 78.176
Fpix: 1
RecoPFMET: 61.3518
RecoPFMET_phi: -2.96562
RecoCaloMET: 203.838
RecoCaloMET_phi: 2.96361
Flag_allMETFilters: 0

      Run : 1 Lumi: 25 Event: 24863
HSCP type: 0
Ih: 9.33501
P: 1156.49
Pt: 517.003
Eta: 1.44406
Phi: 0.843838
NbPixelHit_noL1: 2
NOM_noL1: 9
FracOfValidHit: 0.611111
isHighPurityTrack: 1
miniRelIsoAll: 11.4808
IsoSumPt_dr03: 0
dz: -2.33892e-26
dxy: 1.46491e-15
normChi2: 0.940405
EoP: 0.000417077
Pterr: 249.352
Fpix: 0.99328
RecoPFMET: 5930.9
RecoPFMET_phi: -2.29857
RecoCaloMET: 22.6548
RecoCaloMET_phi: -0.390903
Flag_allMETFilters: 0

      Run : 1 Lumi: 25 Event: 24856
HSCP type: 0
Ih: 6.69342
P: 2004.91
Pt: 1550.13
Eta: -0.748419
Phi: 1.90806
NbPixelHit_noL1: 2
NOM_noL1: 16
FracOfValidHit: 1
isHighPurityTrack: 1
miniRelIsoAll: 0.982821
IsoSumPt_dr03: 0
dz: 3.04894e-34
dxy: 5.59697e+24
normChi2: 1.46378
EoP: 0.00329494
Pterr: 510.888
Fpix: 0.959234
RecoPFMET: 465.994
RecoPFMET_phi: -1.23358
RecoCaloMET: 36.1682
RecoCaloMET_phi: -2.82023
Flag_allMETFilters: 0

      Run : 1 Lumi: 25 Event: 24861
HSCP type: 0
Ih: 9.49604
P: 1191.39
Pt: 1089.86
Eta: -0.42836
Phi: 1.52788
NbPixelHit_noL1: 3
NOM_noL1: 16
FracOfValidHit: 1
isHighPurityTrack: 1
miniRelIsoAll: 0.974076
IsoSumPt_dr03: 0
dz: 1.29152e-07
dxy: -0.00284539
normChi2: 0.442313
EoP: 0.00503614
Pterr: 245.182
Fpix: 0.999168
RecoPFMET: 5877.76
RecoPFMET_phi: -1.63185
RecoCaloMET: 5104.98
RecoCaloMET_phi: -1.63257
Flag_allMETFilters: 0

      Run : 1 Lumi: 25 Event: 24859
HSCP type: 4
Ih: 3.23781
P: 78.4757
Pt: 56.9241
Eta: -0.844825
Phi: 1.10405
NbPixelHit_noL1: 3
NOM_noL1: 15
FracOfValidHit: 1
isHighPurityTrack: 1
miniRelIsoAll: 1
IsoSumPt_dr03: 0
dz: -3.09944e-24
dxy: -1.12226e-26
normChi2: 1.07955
EoP: 1.45313
Pterr: 0.773124
Fpix: 0.728801
RecoPFMET: 278.72
RecoPFMET_phi: -2.70912
RecoCaloMET: 286.879
RecoCaloMET_phi: -2.72567
Flag_allMETFilters: 0

      Run : 1 Lumi: 25 Event: 24855
HSCP type: 4
Ih: 4.11335
P: 71.1895
Pt: 70.055
Eta: -0.179726
Phi: -1.92978
NbPixelHit_noL1: 3
NOM_noL1: 11
FracOfValidHit: 1
isHighPurityTrack: 1
miniRelIsoAll: 1
IsoSumPt_dr03: 0
dz: 1.09286e-36
dxy: -1.48228e-34
normChi2: 1.29642
EoP: 1.13324
Pterr: 0.825879
Fpix: 0.941447
RecoPFMET: 785.059
RecoPFMET_phi: 1.23677
RecoCaloMET: 753.023
RecoCaloMET_phi: 1.23724
Flag_allMETFilters: 0

      Run : 1 Lumi: 25 Event: 24867
HSCP type: 0
Ih: 4.22678
P: 1086.51
Pt: 576.564
Eta: 1.24752
Phi: -2.02063
NbPixelHit_noL1: 3
NOM_noL1: 10
FracOfValidHit: 1
isHighPurityTrack: 1
miniRelIsoAll: 1.12052
IsoSumPt_dr03: 0
dz: 7.76858e-08
dxy: 3.9431e+37
normChi2: 1.05738
EoP: 0
Pterr: 158.189
Fpix: 0.999996
RecoPFMET: 804.908
RecoPFMET_phi: 1.34275
RecoCaloMET: 190.487
RecoCaloMET_phi: 2.02312
Flag_allMETFilters: 0

      Run : 1 Lumi: 25 Event: 24864
HSCP type: 1
Ih: 10.6221
P: 1372.9
Pt: 1358.63
Eta: -0.14482
Phi: 1.78841
NbPixelHit_noL1: 3
NOM_noL1: 16
FracOfValidHit: 1
isHighPurityTrack: 1
miniRelIsoAll: 0.00271481
IsoSumPt_dr03: 0
dz: -1.70278e-05
dxy: -2.36113e-07
normChi2: 0.165971
EoP: 0.0022925
Pterr: 444.652
Fpix: 0.999703
RecoPFMET: 1060.72
RecoPFMET_phi: 1.77822
RecoCaloMET: 32.792
RecoCaloMET_phi: -0.369186
Flag_allMETFilters: 0

      Run : 1 Lumi: 25 Event: 24870
HSCP type: 0
Ih: 16.8687
P: 775.701
Pt: 747.207
Eta: 0.275298
Phi: 0.465824
NbPixelHit_noL1: 3
NOM_noL1: 11
FracOfValidHit: 1
isHighPurityTrack: 1
miniRelIsoAll: 1.40468
IsoSumPt_dr03: 0
dz: 3474.68
dxy: -1.36866
normChi2: 0.0718997
EoP: 0.00574731
Pterr: 215.354
Fpix: 0.999998
RecoPFMET: 1545.8
RecoPFMET_phi: 0.462902
RecoCaloMET: 34.0912
RecoCaloMET_phi: 1.99317
Flag_allMETFilters: 0

      Run : 1 Lumi: 25 Event: 24868
HSCP type: 0
Ih: 8.25747
P: 1475.56
Pt: 1423.61
Eta: 0.269334
Phi: 2.76177
NbPixelHit_noL1: 2
NOM_noL1: 15
FracOfValidHit: 1
isHighPurityTrack: 1
miniRelIsoAll: 0.682802
IsoSumPt_dr03: 0
dz: -8.37865e-36
dxy: 2.71607e-34
normChi2: 1.18668
EoP: 0.00791083
Pterr: 252.886
Fpix: 0.999083
RecoPFMET: 962.747
RecoPFMET_phi: -0.335707
RecoCaloMET: 51.2967
RecoCaloMET_phi: 1.81802
Flag_allMETFilters: 0

      Run : 1 Lumi: 25 Event: 24865
HSCP type: 0
Ih: 6.86842
P: 2173.22
Pt: 2170.52
Eta: -0.049834
Phi: 2.34305
NbPixelHit_noL1: 3
NOM_noL1: 15
FracOfValidHit: 1
isHighPurityTrack: 1
miniRelIsoAll: 1
IsoSumPt_dr03: 0
dz: 6.60383e+13
dxy: 9.98182e-12
normChi2: 0.466349
EoP: 0.00216797
Pterr: 597.39
Fpix: 0.985999
RecoPFMET: 2031.22
RecoPFMET_phi: -0.648232
RecoCaloMET: 316.996
RecoCaloMET_phi: 1.36459
Flag_allMETFilters: 0

      Run : 1 Lumi: 25 Event: 24869
HSCP type: 0
Ih: 7.01988
P: 1181.25
Pt: 393.704
Eta: -1.76287
Phi: 1.38497
NbPixelHit_noL1: 7
NOM_noL1: 24
FracOfValidHit: 0.965517
isHighPurityTrack: 1
miniRelIsoAll: 1.28845
IsoSumPt_dr03: 0
dz: -5.60852e-15
dxy: 5.81502e-31
normChi2: 0.791294
EoP: 0
Pterr: 54.9227
Fpix: 1
RecoPFMET: 95.1284
RecoPFMET_phi: 1.9679
RecoCaloMET: 274.16
RecoCaloMET_phi: 0.171788
Flag_allMETFilters: 0

      Run : 1 Lumi: 25 Event: 24872
HSCP type: 0
Ih: 17.7499
P: 903.638
Pt: 854.883
Eta: 0.336145
Phi: 3.11558
NbPixelHit_noL1: 3
NOM_noL1: 16
FracOfValidHit: 1
isHighPurityTrack: 1
miniRelIsoAll: 1
IsoSumPt_dr03: 0
dz: 4.8966e+28
dxy: 1.7679e+33
normChi2: 0.0853994
EoP: 0
Pterr: 318.537
Fpix: 0.999956
RecoPFMET: 233.12
RecoPFMET_phi: -3.06518
RecoCaloMET: 32.1596
RecoCaloMET_phi: -2.82952
Flag_allMETFilters: 0

      Run : 1 Lumi: 25 Event: 24873
HSCP type: 0
Ih: 4.90923
P: 44795.1
Pt: 39339.4
Eta: 0.520752
Phi: -2.56185
NbPixelHit_noL1: 3
NOM_noL1: 9
FracOfValidHit: 0.625
isHighPurityTrack: 1
miniRelIsoAll: 0.0558781
IsoSumPt_dr03: 0.985531
dz: 0.247927
dxy: 3.56353e-26
normChi2: 1.61872
EoP: 0.000300378
Pterr: 1.02255e+06
Fpix: 0.936964
RecoPFMET: 606.886
RecoPFMET_phi: 0.568098
RecoCaloMET: 144.579
RecoCaloMET_phi: -2.22872
Flag_allMETFilters: 0

      Run : 1 Lumi: 25 Event: 24874
HSCP type: 0
Ih: 10.3869
P: 883.805
Pt: 311.38
Eta: 1.70378
Phi: 2.79359
NbPixelHit_noL1: 4
NOM_noL1: 22
FracOfValidHit: 1
isHighPurityTrack: 1
miniRelIsoAll: 1.04248
IsoSumPt_dr03: 0
dz: -0.146325
dxy: 1.564e-23
normChi2: 0.574256
EoP: 0
Pterr: 20.7731
Fpix: 0.999993
RecoPFMET: 143.087
RecoPFMET_phi: -0.838398
RecoCaloMET: 152.632
RecoCaloMET_phi: -3.09641
Flag_allMETFilters: 0

      Run : 1 Lumi: 25 Event: 24866
HSCP type: 0
Ih: 3.53873
P: 23.8829
Pt: 10.2576
Eta: 1.48861
Phi: 2.49615
NbPixelHit_noL1: 1
NOM_noL1: 11
FracOfValidHit: 0.9375
isHighPurityTrack: 1
miniRelIsoAll: 1
IsoSumPt_dr03: 0
dz: -1.2062e-34
dxy: 1.97009e+34
normChi2: 3.07728
EoP: 0
Pterr: 0.191756
Fpix: 0.645337
RecoPFMET: 89.0851
RecoPFMET_phi: -0.585795
RecoCaloMET: 48.0589
RecoCaloMET_phi: -2.48553
Flag_allMETFilters: 0

      Run : 1 Lumi: 25 Event: 24878
HSCP type: 0
Ih: 9.95956
P: 1071.93
Pt: 1071.91
Eta: -0.00561404
Phi: 0.409338
NbPixelHit_noL1: 2
NOM_noL1: 9
FracOfValidHit: 0.928571
isHighPurityTrack: 1
miniRelIsoAll: 0.945933
IsoSumPt_dr03: 0
dz: -2.36022e+20
dxy: 1.04502e-08
normChi2: 0.242561
EoP: 0.00411807
Pterr: 505.438
Fpix: 0.99802
RecoPFMET: 732.93
RecoPFMET_phi: 0.339781
RecoCaloMET: 144.98
RecoCaloMET_phi: -3.0239
Flag_allMETFilters: 0

      Run : 1 Lumi: 25 Event: 24876
HSCP type: 0
Ih: 6.99135
P: 2351.7
Pt: 2257.45
Eta: -0.28797
Phi: -1.7336
NbPixelHit_noL1: 3
NOM_noL1: 15
FracOfValidHit: 1
isHighPurityTrack: 1
miniRelIsoAll: 0.875162
IsoSumPt_dr03: 0
dz: 6.92377e+28
dxy: 3.60897e-07
normChi2: 2.34655
EoP: 0
Pterr: 647.735
Fpix: 0.990273
RecoPFMET: 356.509
RecoPFMET_phi: 1.35726
RecoCaloMET: 265.887
RecoCaloMET_phi: 1.45695
Flag_allMETFilters: 0

      Run : 1 Lumi: 25 Event: 24871
HSCP type: 0
Ih: 9.08937
P: 1349.38
Pt: 1171.6
Eta: -0.544151
Phi: -0.676578
NbPixelHit_noL1: 3
NOM_noL1: 12
FracOfValidHit: 0.933333
isHighPurityTrack: 1
miniRelIsoAll: 0.94345
IsoSumPt_dr03: 0
dz: -9.58182e+24
dxy: 6935.35
normChi2: 0.815741
EoP: 0.00463139
Pterr: 481.311
Fpix: 0.998956
RecoPFMET: 1146.02
RecoPFMET_phi: 2.44724
RecoCaloMET: 46.5838
RecoCaloMET_phi: 2.85748
Flag_allMETFilters: 0

      Run : 1 Lumi: 25 Event: 24884
HSCP type: 0
Ih: 8.55836
P: 1244.47
Pt: 1037.57
Eta: 0.621472
Phi: -0.639861
NbPixelHit_noL1: 3
NOM_noL1: 17
FracOfValidHit: 1
isHighPurityTrack: 1
miniRelIsoAll: 1.9091
IsoSumPt_dr03: 0
dz: -2.55945e-32
dxy: 4.43093e-20
normChi2: 0.319676
EoP: 0.000818997
Pterr: 270.736
Fpix: 0.991687
RecoPFMET: 1988.42
RecoPFMET_phi: 2.48461
RecoCaloMET: 14.0345
RecoCaloMET_phi: 0.0659546
Flag_allMETFilters: 0

      Run : 1 Lumi: 25 Event: 24886
HSCP type: 0
Ih: 10.6472
P: 1060.61
Pt: 511.973
Eta: -1.35735
Phi: -2.13134
NbPixelHit_noL1: 3
NOM_noL1: 11
FracOfValidHit: 0.944444
isHighPurityTrack: 1
miniRelIsoAll: 1
IsoSumPt_dr03: 0
dz: -1.98037e-13
dxy: 4.88728e+17
normChi2: 0.653914
EoP: 0.000683729
Pterr: 47.0946
Fpix: 0.999999
RecoPFMET: 479.537
RecoPFMET_phi: 0.965588
RecoCaloMET: 13.1273
RecoCaloMET_phi: -0.92781
Flag_allMETFilters: 0

      Run : 1 Lumi: 25 Event: 24882
HSCP type: 0
Ih: 15.9478
P: 745.071
Pt: 648.494
Eta: 0.5392
Phi: 2.58143
NbPixelHit_noL1: 3
NOM_noL1: 17
FracOfValidHit: 1
isHighPurityTrack: 1
miniRelIsoAll: 1.18029
IsoSumPt_dr03: 0
dz: 1.86268e+14
dxy: -0.299339
normChi2: 0.192427
EoP: 0.00944155
Pterr: 151.964
Fpix: 0.99999
RecoPFMET: 760.574
RecoPFMET_phi: -0.397611
RecoCaloMET: 98.5455
RecoCaloMET_phi: 1.28383
Flag_allMETFilters: 0

      Run : 1 Lumi: 25 Event: 24885
HSCP type: 4
Ih: 27.2491
P: 424.807
Pt: 314.614
Eta: 0.814273
Phi: -0.903663
NbPixelHit_noL1: 3
NOM_noL1: 11
FracOfValidHit: 1
isHighPurityTrack: 1
miniRelIsoAll: 0.00883845
IsoSumPt_dr03: 0
dz: 2.88028e+21
dxy: -1.11332e+14
normChi2: 0.488759
EoP: 0.00883845
Pterr: 38.9169
Fpix: 0.99802
RecoPFMET: 341.354
RecoPFMET_phi: -1.04179
RecoCaloMET: 70.7608
RecoCaloMET_phi: 0.771844
Flag_allMETFilters: 0

      Run : 1 Lumi: 25 Event: 24881
HSCP type: 4
Ih: 3.74806
P: 98.0211
Pt: 82.4029
Eta: -0.606355
Phi: -2.0167
NbPixelHit_noL1: 3
NOM_noL1: 11
FracOfValidHit: 1
isHighPurityTrack: 1
miniRelIsoAll: 1.00006
IsoSumPt_dr03: 0
dz: 5.10713e-33
dxy: -2.24842
normChi2: 1.40552
EoP: 1.00739
Pterr: 1.14893
Fpix: 0.581192
RecoPFMET: 466.413
RecoPFMET_phi: 0.722522
RecoCaloMET: 416.365
RecoCaloMET_phi: 0.772473
Flag_allMETFilters: 0

      Run : 1 Lumi: 25 Event: 24890
HSCP type: 0
Ih: 5.22583
P: 2094.7
Pt: 1666.86
Eta: -0.701976
Phi: -0.485983
NbPixelHit_noL1: 3
NOM_noL1: 16
FracOfValidHit: 1
isHighPurityTrack: 1
miniRelIsoAll: 1.70975
IsoSumPt_dr03: 0
dz: -3.76294e-19
dxy: -0.000128818
normChi2: 1.96698
EoP: 0
Pterr: 432.566
Fpix: 0.990647
RecoPFMET: 2852.44
RecoPFMET_phi: 2.65882
RecoCaloMET: 18.1099
RecoCaloMET_phi: -0.468702
Flag_allMETFilters: 0

      Run : 1 Lumi: 25 Event: 24887
HSCP type: 0
Ih: 27.4862
P: 526.84
Pt: 523.88
Eta: 0.106251
Phi: 2.96409
NbPixelHit_noL1: 3
NOM_noL1: 15
FracOfValidHit: 0.944444
isHighPurityTrack: 1
miniRelIsoAll: 1.40023
IsoSumPt_dr03: 0
dz: 0.0286272
dxy: -4.90761e-21
normChi2: 0.126374
EoP: 0
Pterr: 90.6806
Fpix: 0.999991
RecoPFMET: 423.813
RecoPFMET_phi: -0.217348
RecoCaloMET: 71.4178
RecoCaloMET_phi: -2.3837
Flag_allMETFilters: 0

      Run : 1 Lumi: 25 Event: 24896
HSCP type: 0
Ih: 5.2588
P: 2234.26
Pt: 1569.07
Eta: -0.891031
Phi: 0.991935
NbPixelHit_noL1: 3
NOM_noL1: 16
FracOfValidHit: 1
isHighPurityTrack: 1
miniRelIsoAll: 0.762204
IsoSumPt_dr03: 0
dz: -16266.8
dxy: -2.78302e+18
normChi2: 0.727722
EoP: 0.00484464
Pterr: 337.168
Fpix: 0.977984
RecoPFMET: 1181.49
RecoPFMET_phi: -2.16139
RecoCaloMET: 13.2649
RecoCaloMET_phi: 3.05986
Flag_allMETFilters: 0

      Run : 1 Lumi: 25 Event: 24893
HSCP type: 0
Ih: 9.39731
P: 1294.03
Pt: 1294.03
Eta: -0.000104311
Phi: 2.67261
NbPixelHit_noL1: 3
NOM_noL1: 17
FracOfValidHit: 1
isHighPurityTrack: 1
miniRelIsoAll: 1.48379
IsoSumPt_dr03: 0
dz: -4.98409e-11
dxy: -7.34353e-35
normChi2: 0.395742
EoP: 0.00100687
Pterr: 267.653
Fpix: 0.999135
RecoPFMET: 1905.1
RecoPFMET_phi: -0.467903
RecoCaloMET: 25.1515
RecoCaloMET_phi: -0.619509
Flag_allMETFilters: 0

      Run : 1 Lumi: 25 Event: 24894
HSCP type: 0
Ih: 7.07759
P: 1639.27
Pt: 721.762
Eta: -1.46104
Phi: -2.34946
NbPixelHit_noL1: 3
NOM_noL1: 14
FracOfValidHit: 0.95
isHighPurityTrack: 1
miniRelIsoAll: 0.853572
IsoSumPt_dr03: 0
dz: -6.21748e-35
dxy: 9.61126e-33
normChi2: 0.819989
EoP: 0
Pterr: 81.8797
Fpix: 0.984473
RecoPFMET: 604.358
RecoPFMET_phi: 0.821418
RecoCaloMET: 14.7304
RecoCaloMET_phi: -2.22802
Flag_allMETFilters: 0

      Run : 1 Lumi: 25 Event: 24889
HSCP type: 0
Ih: 11.9252
P: 1022.91
Pt: 992.716
Eta: -0.246002
Phi: 0.233278
NbPixelHit_noL1: 3
NOM_noL1: 11
FracOfValidHit: 0.894737
isHighPurityTrack: 1
miniRelIsoAll: 1.34393
IsoSumPt_dr03: 0
dz: 0.0137365
dxy: -1.05643e+07
normChi2: 0.0926601
EoP: 0
Pterr: 444.263
Fpix: 0.999968
RecoPFMET: 1315.98
RecoPFMET_phi: -2.92541
RecoCaloMET: 34.2773
RecoCaloMET_phi: 1.06465
Flag_allMETFilters: 0

      Run : 1 Lumi: 25 Event: 24888
HSCP type: 4
Ih: 4.76312
P: 1909.17
Pt: 286.657
Eta: -2.5836
Phi: 0.543974
NbPixelHit_noL1: 3
NOM_noL1: 5
FracOfValidHit: 0.714286
isHighPurityTrack: 0
miniRelIsoAll: 0
IsoSumPt_dr03: 0
dz: -5.64031e+26
dxy: 6.98179e-15
normChi2: 1.46964
EoP: 0
Pterr: 325.421
Fpix: 0.803763
RecoPFMET: 479.992
RecoPFMET_phi: -2.05106
RecoCaloMET: 453.117
RecoCaloMET_phi: -2.11356
Flag_allMETFilters: 0

      Run : 1 Lumi: 25 Event: 24891
HSCP type: 4
Ih: 3.03879
P: 1521.77
Pt: 269.56
Eta: 2.41605
Phi: 1.89156
NbPixelHit_noL1: 0
NOM_noL1: 6
FracOfValidHit: 0.666667
isHighPurityTrack: 1
miniRelIsoAll: 0
IsoSumPt_dr03: 0.202098
dz: 6.26149e+26
dxy: 0.000759281
normChi2: 0.364435
EoP: 0
Pterr: 772.455
Fpix: 1
RecoPFMET: 172.355
RecoPFMET_phi: 1.62919
RecoCaloMET: 124.573
RecoCaloMET_phi: 1.85145
Flag_allMETFilters: 0

      Run : 1 Lumi: 25 Event: 24898
HSCP type: 0
Ih: 17.1367
P: 766.878
Pt: 421.142
Eta: 1.20679
Phi: -1.46917
NbPixelHit_noL1: 2
NOM_noL1: 10
FracOfValidHit: 1
isHighPurityTrack: 1
miniRelIsoAll: 1
IsoSumPt_dr03: 0
dz: -4.05908e+29
dxy: -4.82665e-11
normChi2: 0.338863
EoP: 0
Pterr: 70.6609
Fpix: 0.999992
RecoPFMET: 325.688
RecoPFMET_phi: 0.847872
RecoCaloMET: 253.491
RecoCaloMET_phi: -0.656567
Flag_allMETFilters: 0

      Run : 1 Lumi: 25 Event: 24906
HSCP type: 0
Ih: 9.82261
P: 1211.64
Pt: 465.351
Eta: 1.61098
Phi: -0.416936
NbPixelHit_noL1: 3
NOM_noL1: 20
FracOfValidHit: 0.958333
isHighPurityTrack: 1
miniRelIsoAll: 1.55108
IsoSumPt_dr03: 0
dz: 8.02167e-30
dxy: -12772
normChi2: 0.719447
EoP: 0
Pterr: 40.321
Fpix: 0.999896
RecoPFMET: 736.746
RecoPFMET_phi: 2.59742
RecoCaloMET: 57.8552
RecoCaloMET_phi: 1.10728
Flag_allMETFilters: 0

      Run : 1 Lumi: 25 Event: 24899
HSCP type: 0
Ih: 10.5681
P: 1025.11
Pt: 407.727
Eta: 1.57298
Phi: 1.66753
NbPixelHit_noL1: 4
NOM_noL1: 22
FracOfValidHit: 1
isHighPurityTrack: 1
miniRelIsoAll: 1.06244
IsoSumPt_dr03: 0
dz: -4.75888e+20
dxy: -3.91968e-05
normChi2: 0.97289
EoP: 0
Pterr: 38.1164
Fpix: 1
RecoPFMET: 342.499
RecoPFMET_phi: -0.968496
RecoCaloMET: 232.525
RecoCaloMET_phi: 0.618034
Flag_allMETFilters: 0

      Run : 1 Lumi: 25 Event: 24904
HSCP type: 0
Ih: 11.1334
P: 985.031
Pt: 510.616
Eta: 1.27502
Phi: -0.228524
NbPixelHit_noL1: 2
NOM_noL1: 5
FracOfValidHit: 0.545455
isHighPurityTrack: 1
miniRelIsoAll: 10.0531
IsoSumPt_dr03: 0
dz: 7.89307e+21
dxy: -1.01588e+28
normChi2: 0.100545
EoP: 0
Pterr: 237.623
Fpix: 0.999995
RecoPFMET: 5060.45
RecoPFMET_phi: 2.89667
RecoCaloMET: 62.7798
RecoCaloMET_phi: 0.361927
Flag_allMETFilters: 0

      Run : 1 Lumi: 25 Event: 24905
HSCP type: 1
Ih: 5.06671
P: 3146.7
Pt: 2941.58
Eta: 0.371309
Phi: 2.09842
NbPixelHit_noL1: 3
NOM_noL1: 15
FracOfValidHit: 0.947368
isHighPurityTrack: 1
miniRelIsoAll: 0
IsoSumPt_dr03: 0
dz: -4.27111e-20
dxy: -4.91727e+35
normChi2: 1.06583
EoP: 0
Pterr: 1836.9
Fpix: 0.984446
RecoPFMET: 76.7749
RecoPFMET_phi: 1.2589
RecoCaloMET: 59.3793
RecoCaloMET_phi: 1.29499
Flag_allMETFilters: 0

      Run : 1 Lumi: 25 Event: 24903
HSCP type: 0
Ih: 11.4374
P: 1333.07
Pt: 728.91
Eta: 1.21197
Phi: -2.59226
NbPixelHit_noL1: 2
NOM_noL1: 11
FracOfValidHit: 1
isHighPurityTrack: 1
miniRelIsoAll: 1.01039
IsoSumPt_dr03: 0
dz: 1.57999e+07
dxy: 4.11695e-16
normChi2: 0.31245
EoP: 0.00937057
Pterr: 117.546
Fpix: 0.999763
RecoPFMET: 759.831
RecoPFMET_phi: 0.617355
RecoCaloMET: 57.0331
RecoCaloMET_phi: 1.82753
Flag_allMETFilters: 0

      Run : 1 Lumi: 25 Event: 24902
HSCP type: 0
Ih: 13.1031
P: 890.352
Pt: 648.436
Eta: 0.838979
Phi: -0.840573
NbPixelHit_noL1: 2
NOM_noL1: 13
FracOfValidHit: 1
isHighPurityTrack: 1
miniRelIsoAll: 0.998421
IsoSumPt_dr03: 0
dz: -1.84226e+36
dxy: -2.10184e-25
normChi2: 0.156105
EoP: 0.00796495
Pterr: 147.742
Fpix: 0.999578
RecoPFMET: 538.441
RecoPFMET_phi: 2.36002
RecoCaloMET: 101.439
RecoCaloMET_phi: -0.682318
Flag_allMETFilters: 0

      Run : 1 Lumi: 25 Event: 24908
HSCP type: 0
Ih: 11.7399
P: 1230.11
Pt: 1055.49
Eta: -0.567558
Phi: -0.199258
NbPixelHit_noL1: 4
NOM_noL1: 13
FracOfValidHit: 0.944444
isHighPurityTrack: 1
miniRelIsoAll: 0.493425
IsoSumPt_dr03: 0
dz: 4.42805
dxy: 8.72896e-21
normChi2: 0.650837
EoP: 0.00880997
Pterr: 406.518
Fpix: 0.999974
RecoPFMET: 464.36
RecoPFMET_phi: 3.00096
RecoCaloMET: 23.6336
RecoCaloMET_phi: -0.869836
Flag_allMETFilters: 0

      Run : 1 Lumi: 25 Event: 24907
HSCP type: 0
Ih: 2.3151
P: 1235.98
Pt: 772.982
Eta: 1.04615
Phi: 1.55304
NbPixelHit_noL1: 3
NOM_noL1: 10
FracOfValidHit: 1
isHighPurityTrack: 1
miniRelIsoAll: 1
IsoSumPt_dr03: 0
dz: 3.10747e+07
dxy: -9.43386e-07
normChi2: 3.63859
EoP: 0.00672989
Pterr: 120.037
Fpix: 0.999914
RecoPFMET: 776.62
RecoPFMET_phi: -1.54172
RecoCaloMET: 42.1504
RecoCaloMET_phi: -0.772797
Flag_allMETFilters: 0

      Run : 1 Lumi: 25 Event: 24913
HSCP type: 0
Ih: 4.17524
P: 2957.42
Pt: 1301.47
Eta: -1.4616
Phi: -1.29419
NbPixelHit_noL1: 2
NOM_noL1: 13
FracOfValidHit: 1
isHighPurityTrack: 1
miniRelIsoAll: 0.940152
IsoSumPt_dr03: 0
dz: 0.103847
dxy: -2902.08
normChi2: 0.851932
EoP: 0
Pterr: 244.296
Fpix: 0.310743
RecoPFMET: 1212.4
RecoPFMET_phi: 1.83106
RecoCaloMET: 42.0971
RecoCaloMET_phi: -2.72958
Flag_allMETFilters: 0

      Run : 1 Lumi: 25 Event: 24912
HSCP type: 4
Ih: 2.85438
P: 71.1075
Pt: 58.241
Eta: -0.65304
Phi: 1.21343
NbPixelHit_noL1: 3
NOM_noL1: 14
FracOfValidHit: 0.944444
isHighPurityTrack: 1
miniRelIsoAll: 1
IsoSumPt_dr03: 0
dz: 2.06504e-11
dxy: -7.62404e-33
normChi2: 1.3325
EoP: 1.47872
Pterr: 0.659888
Fpix: 0.964527
RecoPFMET: 513.739
RecoPFMET_phi: -1.82137
RecoCaloMET: 483.969
RecoCaloMET_phi: -1.87638
Flag_allMETFilters: 0

      Run : 1 Lumi: 25 Event: 24909
HSCP type: 0
Ih: 17.8102
P: 805.671
Pt: 799.403
Eta: -0.125145
Phi: -3.09558
NbPixelHit_noL1: 3
NOM_noL1: 17
FracOfValidHit: 0.952381
isHighPurityTrack: 1
miniRelIsoAll: 1
IsoSumPt_dr03: 0
dz: 4.91715e+21
dxy: -3.97185e+37
normChi2: 0.30399
EoP: 0.013441
Pterr: 191.38
Fpix: 0.999996
RecoPFMET: 658.891
RecoPFMET_phi: 0.149206
RecoCaloMET: 143.693
RecoCaloMET_phi: 2.72209
Flag_allMETFilters: 0

      Run : 1 Lumi: 25 Event: 24918
HSCP type: 0
Ih: 15.0757
P: 852.909
Pt: 668.476
Eta: 0.726735
Phi: -0.910915
NbPixelHit_noL1: 3
NOM_noL1: 15
FracOfValidHit: 1
isHighPurityTrack: 1
miniRelIsoAll: 1
IsoSumPt_dr03: 0
dz: -5.70002e+23
dxy: 1.93212e+25
normChi2: 0.352314
EoP: 0.0104102
Pterr: 166.604
Fpix: 0.999998
RecoPFMET: 514.273
RecoPFMET_phi: 2.02754
RecoCaloMET: 158.451
RecoCaloMET_phi: -0.546908
Flag_allMETFilters: 0

      Run : 1 Lumi: 25 Event: 24914
HSCP type: 4
Ih: 8.85058
P: 1323.85
Pt: 203.582
Eta: -2.55942
Phi: -1.30493
NbPixelHit_noL1: 4
NOM_noL1: 7
FracOfValidHit: 1
isHighPurityTrack: 1
miniRelIsoAll: 0
IsoSumPt_dr03: 0
dz: -8.11e+18
dxy: -1.58282e+15
normChi2: 0.658991
EoP: 0.0073458
Pterr: 84.615
Fpix: 0.999959
RecoPFMET: 258.726
RecoPFMET_phi: -1.2108
RecoCaloMET: 213.892
RecoCaloMET_phi: -1.50063
Flag_allMETFilters: 0

      Run : 1 Lumi: 25 Event: 24920
HSCP type: 0
Ih: 30.8093
P: 583.872
Pt: 583.869
Eta: -0.00315296
Phi: 1.63324
NbPixelHit_noL1: 0
NOM_noL1: 12
FracOfValidHit: 0.705882
isHighPurityTrack: 1
miniRelIsoAll: 1.08804
IsoSumPt_dr03: 0
dz: -0.0566115
dxy: 2.06275e-37
normChi2: 0.0164074
EoP: 0
Pterr: 652.295
Fpix: 1
RecoPFMET: 50.7171
RecoPFMET_phi: 1.06254
RecoCaloMET: 105.226
RecoCaloMET_phi: -2.0984
Flag_allMETFilters: 0

      Run : 1 Lumi: 25 Event: 24923
HSCP type: 0
Ih: 4.91717
P: 2004.43
Pt: 1376.02
Eta: 0.922627
Phi: 1.95013
NbPixelHit_noL1: 3
NOM_noL1: 13
FracOfValidHit: 1
isHighPurityTrack: 1
miniRelIsoAll: 1.24421
IsoSumPt_dr03: 0
dz: -0.0413155
dxy: 1.27591e+18
normChi2: 0.605178
EoP: 0.00403045
Pterr: 269.742
Fpix: 0.945377
RecoPFMET: 62.6622
RecoPFMET_phi: 2.14661
RecoCaloMET: 45.3161
RecoCaloMET_phi: -2.78261
Flag_allMETFilters: 0

      Run : 1 Lumi: 25 Event: 24919
HSCP type: 0
Ih: 12.3802
P: 1007.48
Pt: 731.297
Eta: 0.84384
Phi: -2.74751
NbPixelHit_noL1: 4
NOM_noL1: 18
FracOfValidHit: 1
isHighPurityTrack: 1
miniRelIsoAll: 1
IsoSumPt_dr03: 0
dz: 37.0718
dxy: 2.78131e+25
normChi2: 0.921281
EoP: 0.00229936
Pterr: 165.437
Fpix: 0.999991
RecoPFMET: 284.758
RecoPFMET_phi: 0.350513
RecoCaloMET: 405.333
RecoCaloMET_phi: -2.61753
Flag_allMETFilters: 0

      Run : 1 Lumi: 25 Event: 24915
HSCP type: 0
Ih: 55.8092
P: 466.42
Pt: 464.472
Eta: -0.091541
Phi: 2.6521
NbPixelHit_noL1: 3
NOM_noL1: 9
FracOfValidHit: 0.944444
isHighPurityTrack: 1
miniRelIsoAll: 0.930704
IsoSumPt_dr03: 0
dz: -1.19018e+30
dxy: 3.24015e-22
normChi2: 0.112239
EoP: 0.0417666
Pterr: 119.069
Fpix: 0.99967
RecoPFMET: 451.846
RecoPFMET_phi: 2.72398
RecoCaloMET: 94.9971
RecoCaloMET_phi: -1.80879
Flag_allMETFilters: 0

      Run : 1 Lumi: 25 Event: 24921
HSCP type: 0
Ih: 4.93386
P: 1722.84
Pt: 1040.41
Eta: 1.09051
Phi: -0.560208
NbPixelHit_noL1: 3
NOM_noL1: 7
FracOfValidHit: 1
isHighPurityTrack: 1
miniRelIsoAll: 1.17008
IsoSumPt_dr03: 0
dz: 7.52834e+11
dxy: -2.29868e+22
normChi2: 0.207857
EoP: 0.00504047
Pterr: 281.914
Fpix: 0.976414
RecoPFMET: 21.0695
RecoPFMET_phi: 2.37688
RecoCaloMET: 58.3543
RecoCaloMET_phi: -0.813883
Flag_allMETFilters: 0

      Run : 1 Lumi: 25 Event: 24927
HSCP type: 0
Ih: 17.0323
P: 734.743
Pt: 705.2
Eta: 0.288458
Phi: -0.951555
NbPixelHit_noL1: 2
NOM_noL1: 14
FracOfValidHit: 1
isHighPurityTrack: 1
miniRelIsoAll: 0.931894
IsoSumPt_dr03: 0
dz: 1.09456e-18
dxy: 1.48343e+31
normChi2: 0.134574
EoP: 0.0324051
Pterr: 131.031
Fpix: 0.999997
RecoPFMET: 106.984
RecoPFMET_phi: -0.799732
RecoCaloMET: 11.426
RecoCaloMET_phi: 2.29828
Flag_allMETFilters: 0

      Run : 1 Lumi: 25 Event: 24930
HSCP type: 0
Ih: 5.72424
P: 1698.03
Pt: 514.366
Eta: -1.86367
Phi: -1.59465
NbPixelHit_noL1: 5
NOM_noL1: 25
FracOfValidHit: 1
isHighPurityTrack: 1
miniRelIsoAll: 1.20195
IsoSumPt_dr03: 0.446539
dz: 2.91129e-05
dxy: 2.93352e+29
normChi2: 0.959507
EoP: 0
Pterr: 76.7481
Fpix: 0.998933
RecoPFMET: 624.469
RecoPFMET_phi: 1.56008
RecoCaloMET: 50.3657
RecoCaloMET_phi: 2.10756
Flag_allMETFilters: 0

      Run : 1 Lumi: 25 Event: 24925
HSCP type: 4
Ih: 5.07461
P: 7839.12
Pt: 1241.16
Eta: 2.5299
Phi: -1.76718
NbPixelHit_noL1: 5
NOM_noL1: 7
FracOfValidHit: 0.888889
isHighPurityTrack: 1
miniRelIsoAll: 0
IsoSumPt_dr03: 0
dz: 9.89271e-37
dxy: 0.000407146
normChi2: 0.793907
EoP: 0
Pterr: 3814.07
Fpix: 0.90751
RecoPFMET: 70.1704
RecoPFMET_phi: 2.08402
RecoCaloMET: 65.9396
RecoCaloMET_phi: 2.0602
Flag_allMETFilters: 0

      Run : 1 Lumi: 25 Event: 24926
HSCP type: 4
Ih: 29.8694
P: 375.035
Pt: 223.611
Eta: 1.10646
Phi: 0.463014
NbPixelHit_noL1: 2
NOM_noL1: 4
FracOfValidHit: 1
isHighPurityTrack: 1
miniRelIsoAll: 0
IsoSumPt_dr03: 0
dz: -2.92287e+16
dxy: 9.78742e+31
normChi2: 0.607972
EoP: 0
Pterr: 41.8521
Fpix: 0.997674
RecoPFMET: 28.5143
RecoPFMET_phi: -3.00756
RecoCaloMET: 2.75554
RecoCaloMET_phi: 1.00762
Flag_allMETFilters: 0

      Run : 1 Lumi: 25 Event: 24924
HSCP type: 0
Ih: 25.5457
P: 613.809
Pt: 511.322
Eta: -0.623017
Phi: 3.05694
NbPixelHit_noL1: 3
NOM_noL1: 16
FracOfValidHit: 1
isHighPurityTrack: 1
miniRelIsoAll: 1.53005
IsoSumPt_dr03: 0
dz: -7.18047e+08
dxy: 1.60743e+22
normChi2: 0.189163
EoP: 0
Pterr: 107.559
Fpix: 1
RecoPFMET: 56.5013
RecoPFMET_phi: 0.160144
RecoCaloMET: 73.4198
RecoCaloMET_phi: 3.13942
Flag_allMETFilters: 0

      Run : 1 Lumi: 25 Event: 24932
HSCP type: 0
Ih: 5.39475
P: 2171.92
Pt: 1078.47
Eta: -1.32494
Phi: -1.29046
NbPixelHit_noL1: 3
NOM_noL1: 11
FracOfValidHit: 1
isHighPurityTrack: 1
miniRelIsoAll: 0.815359
IsoSumPt_dr03: 0
dz: 3.95265e-34
dxy: 3.27821e+31
normChi2: 0.552339
EoP: 0
Pterr: 137.317
Fpix: 0.941689
RecoPFMET: 60.0911
RecoPFMET_phi: -0.777549
RecoCaloMET: 190.148
RecoCaloMET_phi: 0.72734
Flag_allMETFilters: 0

      Run : 1 Lumi: 25 Event: 24928
HSCP type: 1
Ih: 18.2718
P: 1284.28
Pt: 1077.05
Eta: -0.610796
Phi: 0.747094
NbPixelHit_noL1: 1
NOM_noL1: 9
FracOfValidHit: 0.916667
isHighPurityTrack: 1
miniRelIsoAll: 0
IsoSumPt_dr03: 0
dz: -1.29966e-29
dxy: 7.76113e+25
normChi2: 0.80266
EoP: 0
Pterr: 1053.68
Fpix: 0.467922
RecoPFMET: 379.884
RecoPFMET_phi: -2.40604
RecoCaloMET: 2001.71
RecoCaloMET_phi: -2.41822
Flag_allMETFilters: 0

      Run : 1 Lumi: 25 Event: 24929
HSCP type: 0
Ih: 5.64873
P: 1588.63
Pt: 335.622
Eta: 2.23644
Phi: 2.55639
NbPixelHit_noL1: 6
NOM_noL1: 19
FracOfValidHit: 1
isHighPurityTrack: 1
miniRelIsoAll: 1.22385
IsoSumPt_dr03: 0
dz: 2.63314e+29
dxy: 3.6935e+18
normChi2: 0.875095
EoP: 0
Pterr: 61.4771
Fpix: 0.999999
RecoPFMET: 493.585
RecoPFMET_phi: -0.702687
RecoCaloMET: 88.812
RecoCaloMET_phi: -1.61684
Flag_allMETFilters: 0

      Run : 1 Lumi: 25 Event: 24933
HSCP type: 4
Ih: 3.43957
P: 75.0149
Pt: 48.6676
Eta: -0.998546
Phi: 2.45074
NbPixelHit_noL1: 3
NOM_noL1: 10
FracOfValidHit: 0.9375
isHighPurityTrack: 1
miniRelIsoAll: 1
IsoSumPt_dr03: 0
dz: -2.16679e-08
dxy: 8.86136e+08
normChi2: 2.12377
EoP: 2.18448
Pterr: 0.97391
Fpix: 0.717565
RecoPFMET: 431.993
RecoPFMET_phi: -0.719938
RecoCaloMET: 407.592
RecoCaloMET_phi: -0.770437
Flag_allMETFilters: 0

      Run : 1 Lumi: 25 Event: 24916
HSCP type: 4
Ih: 3.51837
P: 70.3005
Pt: 67.9724
Eta: 0.260986
Phi: -1.32613
NbPixelHit_noL1: 4
NOM_noL1: 13
FracOfValidHit: 0.933333
isHighPurityTrack: 1
miniRelIsoAll: 1
IsoSumPt_dr03: 0
dz: 4.51674e+17
dxy: -1.77571e-28
normChi2: 1.79561
EoP: 0.810637
Pterr: 0.80044
Fpix: 0.367433
RecoPFMET: 436.867
RecoPFMET_phi: 1.64206
RecoCaloMET: 240.056
RecoCaloMET_phi: 1.90013
Flag_allMETFilters: 0

      Run : 1 Lumi: 25 Event: 24940
HSCP type: 0
Ih: 20.7313
P: 1149.37
Pt: 502.442
Eta: 1.46903
Phi: 1.92258
NbPixelHit_noL1: 3
NOM_noL1: 15
FracOfValidHit: 1
isHighPurityTrack: 1
miniRelIsoAll: 1.17294
IsoSumPt_dr03: 0
dz: -5.48865e+29
dxy: 0.404753
normChi2: 0.494272
EoP: 0.000272347
Pterr: 129.248
Fpix: 1
RecoPFMET: 90.6838
RecoPFMET_phi: 2.00731
RecoCaloMET: 9.9813
RecoCaloMET_phi: -0.463239
Flag_allMETFilters: 0

      Run : 1 Lumi: 25 Event: 24935
HSCP type: 0
Ih: 14.5764
P: 888.853
Pt: 435.261
Eta: -1.34094
Phi: -1.01547
NbPixelHit_noL1: 3
NOM_noL1: 13
FracOfValidHit: 1
isHighPurityTrack: 1
miniRelIsoAll: 1.0024
IsoSumPt_dr03: 0
dz: -2.07396e-29
dxy: 0.472258
normChi2: 0.534367
EoP: 0
Pterr: 47.848
Fpix: 0.999998
RecoPFMET: 60.9129
RecoPFMET_phi: -0.438462
RecoCaloMET: 43.7001
RecoCaloMET_phi: 2.13909
Flag_allMETFilters: 0

      Run : 1 Lumi: 25 Event: 24938
HSCP type: 0
Ih: 8.47545
P: 1481.77
Pt: 1466.43
Eta: 0.144491
Phi: 2.91672
NbPixelHit_noL1: 3
NOM_noL1: 20
FracOfValidHit: 1
isHighPurityTrack: 1
miniRelIsoAll: 0.977731
IsoSumPt_dr03: 0
dz: -8.01632e+29
dxy: -5.04289e-28
normChi2: 0.34581
EoP: 0.00350468
Pterr: 327.934
Fpix: 0.996017
RecoPFMET: 2238.57
RecoPFMET_phi: 2.97549
RecoCaloMET: 3886.82
RecoCaloMET_phi: 2.96316
Flag_allMETFilters: 0

      Run : 1 Lumi: 25 Event: 24936
HSCP type: 0
Ih: 5.14485
P: 2549.22
Pt: 1084.3
Eta: 1.49935
Phi: -1.12673
NbPixelHit_noL1: 2
NOM_noL1: 11
FracOfValidHit: 1
isHighPurityTrack: 1
miniRelIsoAll: 0.879931
IsoSumPt_dr03: 0
dz: 2.73827e-21
dxy: -2.79283e+10
normChi2: 0.923465
EoP: 0
Pterr: 320.42
Fpix: 0.929987
RecoPFMET: 988.253
RecoPFMET_phi: 2.05592
RecoCaloMET: 60.8203
RecoCaloMET_phi: 2.20661
Flag_allMETFilters: 0

      Run : 1 Lumi: 25 Event: 24942
HSCP type: 0
Ih: 7.98232
P: 1405.6
Pt: 1315.23
Eta: -0.368611
Phi: 1.36268
NbPixelHit_noL1: 3
NOM_noL1: 14
FracOfValidHit: 1
isHighPurityTrack: 1
miniRelIsoAll: 1.01249
IsoSumPt_dr03: 0
dz: -8.63844e-17
dxy: -2.01932e+06
normChi2: 0.731192
EoP: 0.00523113
Pterr: 408.733
Fpix: 0.99616
RecoPFMET: 1342.04
RecoPFMET_phi: -1.83674
RecoCaloMET: 61.6215
RecoCaloMET_phi: 3.05647
Flag_allMETFilters: 0

      Run : 1 Lumi: 25 Event: 24944
HSCP type: 4
Ih: 3.36592
P: 161.928
Pt: 106.687
Eta: -0.978162
Phi: -0.22873
NbPixelHit_noL1: 3
NOM_noL1: 13
FracOfValidHit: 1
isHighPurityTrack: 1
miniRelIsoAll: 1
IsoSumPt_dr03: 0
dz: 5.23478e+15
dxy: -84437.2
normChi2: 1.27621
EoP: 1.24581
Pterr: 2.45539
Fpix: 0.277698
RecoPFMET: 465.284
RecoPFMET_phi: 2.84976
RecoCaloMET: 488.515
RecoCaloMET_phi: 2.9271
Flag_allMETFilters: 0

      Run : 1 Lumi: 25 Event: 24946
HSCP type: 4
Ih: 30.5692
P: 435.785
Pt: 279.593
Eta: 1.01312
Phi: 2.5527
NbPixelHit_noL1: 4
NOM_noL1: 11
FracOfValidHit: 1
isHighPurityTrack: 1
miniRelIsoAll: 0
IsoSumPt_dr03: 0
dz: -9.56217e-38
dxy: 5.73229e-17
normChi2: 0.210962
EoP: 0
Pterr: 46.1538
Fpix: 1
RecoPFMET: 177.802
RecoPFMET_phi: 2.65439
RecoCaloMET: 137.043
RecoCaloMET_phi: 2.74915
Flag_allMETFilters: 0

      Run : 1 Lumi: 25 Event: 24947
HSCP type: 4
Ih: 10.2958
P: 1436.73
Pt: 1367.27
Eta: -0.317411
Phi: -0.90111
NbPixelHit_noL1: 2
NOM_noL1: 16
FracOfValidHit: 1
isHighPurityTrack: 1
miniRelIsoAll: 0.00314053
IsoSumPt_dr03: 0
dz: -814.45
dxy: -6.389e-07
normChi2: 0.697055
EoP: 0.00190403
Pterr: 632.588
Fpix: 0.999732
RecoPFMET: 20.5508
RecoPFMET_phi: 1.54095
RecoCaloMET: 22.4057
RecoCaloMET_phi: 2.69017
Flag_allMETFilters: 0

      Run : 1 Lumi: 25 Event: 24943
HSCP type: 4
Ih: 3.30132
P: 1751.69
Pt: 321.984
Eta: -2.37843
Phi: -0.889966
NbPixelHit_noL1: 0
NOM_noL1: 6
FracOfValidHit: 0.888889
isHighPurityTrack: 0
miniRelIsoAll: 0
IsoSumPt_dr03: 0
dz: -4.75601e-36
dxy: 4.86511e+32
normChi2: 1.72106
EoP: 0
Pterr: 1116.99
Fpix: 1
RecoPFMET: 35.7016
RecoPFMET_phi: 2.26025
RecoCaloMET: 43.9695
RecoCaloMET_phi: 2.32405
Flag_allMETFilters: 0

      Run : 1 Lumi: 25 Event: 24939
HSCP type: 0
Ih: 13.3184
P: 679.695
Pt: 381.993
Eta: 1.17899
Phi: 2.06189
NbPixelHit_noL1: 4
NOM_noL1: 11
FracOfValidHit: 1
isHighPurityTrack: 1
miniRelIsoAll: 1.59228
IsoSumPt_dr03: 0
dz: -0.57879
dxy: 1.56544e-37
normChi2: 4.0655
EoP: 0
Pterr: 53.8354
Fpix: 0.999989
RecoPFMET: 426.665
RecoPFMET_phi: 1.47809
RecoCaloMET: 1423.73
RecoCaloMET_phi: 1.74269
Flag_allMETFilters: 0

      Run : 1 Lumi: 25 Event: 24948
HSCP type: 0
Ih: 13.1433
P: 1009.3
Pt: 1008.9
Eta: -0.0281916
Phi: -1.24155
NbPixelHit_noL1: 1
NOM_noL1: 12
FracOfValidHit: 0.933333
isHighPurityTrack: 1
miniRelIsoAll: 1.5524
IsoSumPt_dr03: 0
dz: -3.11823e-26
dxy: -717.418
normChi2: 0.0639995
EoP: 0.00056806
Pterr: 394.16
Fpix: 0.95118
RecoPFMET: 157.462
RecoPFMET_phi: 1.97909
RecoCaloMET: 85.7862
RecoCaloMET_phi: -1.18644
Flag_allMETFilters: 0

      Run : 1 Lumi: 25 Event: 24934
HSCP type: 0
Ih: 7.774
P: 1643.25
Pt: 855.356
Eta: -1.27018
Phi: 2.65062
NbPixelHit_noL1: 1
NOM_noL1: 9
FracOfValidHit: 1
isHighPurityTrack: 1
miniRelIsoAll: 1.63138
IsoSumPt_dr03: 0
dz: 3.71289e-23
dxy: 3.6423e+17
normChi2: 0.990435
EoP: 1.4204
Pterr: 146.282
Fpix: 0.984875
RecoPFMET: 1340.14
RecoPFMET_phi: -0.501373
RecoCaloMET: 1199.02
RecoCaloMET_phi: -0.505725
Flag_allMETFilters: 0

      Run : 1 Lumi: 25 Event: 24953
HSCP type: 0
Ih: 17.8958
P: 2023.02
Pt: 885.749
Eta: -1.46727
Phi: 2.93458
NbPixelHit_noL1: 0
NOM_noL1: 11
FracOfValidHit: 0.866667
isHighPurityTrack: 1
miniRelIsoAll: 0.266504
IsoSumPt_dr03: 0
dz: 1.40218e-33
dxy: 6.14238e-09
normChi2: 1.09796
EoP: 0
Pterr: 1062.02
Fpix: 1
RecoPFMET: 220.514
RecoPFMET_phi: -0.106926
RecoCaloMET: 68.7596
RecoCaloMET_phi: 3.08968
Flag_allMETFilters: 0

      Run : 1 Lumi: 25 Event: 24949
HSCP type: 0
Ih: 8.56444
P: 2890.06
Pt: 2890.04
Eta: 0.00443135
Phi: -3.0517
NbPixelHit_noL1: 3
NOM_noL1: 16
FracOfValidHit: 1
isHighPurityTrack: 1
miniRelIsoAll: 7.59674
IsoSumPt_dr03: 0
dz: -3.91196e-28
dxy: -4.0715e+35
normChi2: 0.455585
EoP: 0.00221025
Pterr: 1742.51
Fpix: 0.997792
RecoPFMET: 20650.1
RecoPFMET_phi: 0.0895864
RecoCaloMET: 259.248
RecoCaloMET_phi: -2.48876
Flag_allMETFilters: 0

      Run : 1 Lumi: 25 Event: 24957
HSCP type: 0
Ih: 12.0346
P: 1108.43
Pt: 773.302
Eta: 0.900283
Phi: 1.4025
NbPixelHit_noL1: 3
NOM_noL1: 14
FracOfValidHit: 1
isHighPurityTrack: 1
miniRelIsoAll: 1.23673
IsoSumPt_dr03: 0
dz: 0.000384548
dxy: -2.94477e-37
normChi2: 0.519268
EoP: 0.000364773
Pterr: 275.626
Fpix: 0.999975
RecoPFMET: 897.568
RecoPFMET_phi: -1.8183
RecoCaloMET: 57.0412
RecoCaloMET_phi: 2.26496
Flag_allMETFilters: 0

      Run : 1 Lumi: 25 Event: 24952
HSCP type: 0
Ih: 9.62877
P: 1058.49
Pt: 781.353
Eta: 0.81915
Phi: -1.96916
NbPixelHit_noL1: 3
NOM_noL1: 16
FracOfValidHit: 0.947368
isHighPurityTrack: 1
miniRelIsoAll: 1
IsoSumPt_dr03: 0
dz: 1.8544e+15
dxy: 156.889
normChi2: 0.196622
EoP: 0.00722713
Pterr: 261.957
Fpix: 0.99982
RecoPFMET: 20.3855
RecoPFMET_phi: -1.45168
RecoCaloMET: 101.962
RecoCaloMET_phi: 2.54719
Flag_allMETFilters: 0

      Run : 1 Lumi: 25 Event: 24950
HSCP type: 0
Ih: 4.61006
P: 2496.59
Pt: 2432.11
Eta: -0.229759
Phi: 3.08834
NbPixelHit_noL1: 3
NOM_noL1: 16
FracOfValidHit: 1
isHighPurityTrack: 1
miniRelIsoAll: 1.13643
IsoSumPt_dr03: 0
dz: -2.17961e+20
dxy: -5.50643e+16
normChi2: 0.577981
EoP: 0.000765959
Pterr: 662.509
Fpix: 0.822083
RecoPFMET: 2747.67
RecoPFMET_phi: -0.0703791
RecoCaloMET: 71.9758
RecoCaloMET_phi: -2.0138
Flag_allMETFilters: 0

      Run : 1 Lumi: 25 Event: 24951
HSCP type: 0
Ih: 9.80135
P: 794.294
Pt: 194.074
Eta: 2.08709
Phi: 1.31622
NbPixelHit_noL1: 6
NOM_noL1: 19
FracOfValidHit: 1
isHighPurityTrack: 1
miniRelIsoAll: 1
IsoSumPt_dr03: 0
dz: -6.74253e-25
dxy: -8.35994e+37
normChi2: 0.687873
EoP: 0.00172767
Pterr: 14.889
Fpix: 0.999995
RecoPFMET: 200.977
RecoPFMET_phi: -1.84316
RecoCaloMET: 32.3739
RecoCaloMET_phi: -0.338035
Flag_allMETFilters: 0

      Run : 1 Lumi: 25 Event: 24945
HSCP type: 0
Ih: 3.78871
P: 53.3775
Pt: 51.3613
Eta: -0.279289
Phi: -0.953413
NbPixelHit_noL1: 2
NOM_noL1: 17
FracOfValidHit: 1
isHighPurityTrack: 1
miniRelIsoAll: 1
IsoSumPt_dr03: 0
dz: 7.45485e-29
dxy: 4.86041e+17
normChi2: 1.18786
EoP: 1.07891
Pterr: 0.581455
Fpix: 0.978858
RecoPFMET: 948.623
RecoPFMET_phi: 2.25091
RecoCaloMET: 858.302
RecoCaloMET_phi: 2.24152
Flag_allMETFilters: 0

      Run : 1 Lumi: 25 Event: 24954
HSCP type: 1
Ih: 21.6777
P: 739.174
Pt: 727.126
Eta: -0.181793
Phi: -1.46468
NbPixelHit_noL1: 3
NOM_noL1: 11
FracOfValidHit: 1
isHighPurityTrack: 1
miniRelIsoAll: 0.0173625
IsoSumPt_dr03: 0.904861
dz: 3.79264e-06
dxy: -24477.4
normChi2: 0.0639267
EoP: 0.0124176
Pterr: 193.835
Fpix: 0.997578
RecoPFMET: 1532.39
RecoPFMET_phi: -1.5574
RecoCaloMET: 1571.44
RecoCaloMET_phi: -1.58379
Flag_allMETFilters: 0

      Run : 1 Lumi: 25 Event: 24958
HSCP type: 0
Ih: 7.29288
P: 1418.27
Pt: 930.464
Eta: -0.983812
Phi: -1.4255
NbPixelHit_noL1: 3
NOM_noL1: 15
FracOfValidHit: 1
isHighPurityTrack: 1
miniRelIsoAll: 0.944169
IsoSumPt_dr03: 0
dz: -3.61278e-13
dxy: 4.50913e+17
normChi2: 0.619567
EoP: 0
Pterr: 118.785
Fpix: 0.965304
RecoPFMET: 757.79
RecoPFMET_phi: 1.52856
RecoCaloMET: 130.028
RecoCaloMET_phi: -0.318069
Flag_allMETFilters: 0

      Run : 1 Lumi: 25 Event: 24965
HSCP type: 4
Ih: 31.2209
P: 268.729
Pt: 244.366
Eta: -0.442909
Phi: -0.481821
NbPixelHit_noL1: 3
NOM_noL1: 16
FracOfValidHit: 1
isHighPurityTrack: 1
miniRelIsoAll: 0
IsoSumPt_dr03: 0
dz: -4.37819e+35
dxy: -2.20287e-06
normChi2: 0.441218
EoP: 0
Pterr: 28.6772
Fpix: 0.999997
RecoPFMET: 246.154
RecoPFMET_phi: -0.365683
RecoCaloMET: 23.1313
RecoCaloMET_phi: 1.22941
Flag_allMETFilters: 0

      Run : 1 Lumi: 25 Event: 24962
HSCP type: 0
Ih: 9.15892
P: 1972.9
Pt: 1971.1
Eta: -0.0427226
Phi: -1.0136
NbPixelHit_noL1: 3
NOM_noL1: 15
FracOfValidHit: 1
isHighPurityTrack: 1
miniRelIsoAll: 0.910395
IsoSumPt_dr03: 1.36395
dz: 7.84512e+25
dxy: -1.77109e+28
normChi2: 1.62873
EoP: 0.00172544
Pterr: 1388.99
Fpix: 0.999337
RecoPFMET: 1903.8
RecoPFMET_phi: 2.19072
RecoCaloMET: 169.419
RecoCaloMET_phi: 2.85411
Flag_allMETFilters: 0

      Run : 1 Lumi: 25 Event: 24963
HSCP type: 0
Ih: 6.47996
P: 1456.09
Pt: 638.461
Eta: -1.46564
Phi: 2.0317
NbPixelHit_noL1: 3
NOM_noL1: 17
FracOfValidHit: 1
isHighPurityTrack: 1
miniRelIsoAll: 1.0343
IsoSumPt_dr03: 0
dz: -1.70844e-36
dxy: -2.70824e-31
normChi2: 0.874389
EoP: 0
Pterr: 96.5706
Fpix: 0.894964
RecoPFMET: 828.344
RecoPFMET_phi: -0.804895
RecoCaloMET: 285.352
RecoCaloMET_phi: -0.0905419
Flag_allMETFilters: 0

      Run : 1 Lumi: 25 Event: 24955
HSCP type: 0
Ih: 5.86951
P: 1588.51
Pt: 518.715
Eta: 1.78455
Phi: -2.87228
NbPixelHit_noL1: 3
NOM_noL1: 22
FracOfValidHit: 1
isHighPurityTrack: 1
miniRelIsoAll: 1.24871
IsoSumPt_dr03: 0
dz: -2.16965e+21
dxy: 8.74225e+30
normChi2: 0.748917
EoP: 0
Pterr: 56.577
Fpix: 0.985999
RecoPFMET: 176.333
RecoPFMET_phi: -2.96988
RecoCaloMET: 120.82
RecoCaloMET_phi: -2.19029
Flag_allMETFilters: 0

      Run : 1 Lumi: 25 Event: 24969
HSCP type: 0
Ih: 9.76156
P: 1057.66
Pt: 765.459
Eta: -0.848117
Phi: 3.09561
NbPixelHit_noL1: 3
NOM_noL1: 17
FracOfValidHit: 1
isHighPurityTrack: 1
miniRelIsoAll: 1.13803
IsoSumPt_dr03: 0
dz: -8.31272e+31
dxy: 1.18473e-31
normChi2: 0.384835
EoP: 0.00859483
Pterr: 151.319
Fpix: 0.999919
RecoPFMET: 560.461
RecoPFMET_phi: 3.09104
RecoCaloMET: 60.445
RecoCaloMET_phi: 3.07246
Flag_allMETFilters: 0

      Run : 1 Lumi: 25 Event: 24967
HSCP type: 0
Ih: 9.68509
P: 1235
Pt: 865.945
Eta: 0.893252
Phi: 1.01466
NbPixelHit_noL1: 3
NOM_noL1: 13
FracOfValidHit: 1
isHighPurityTrack: 1
miniRelIsoAll: 0.803831
IsoSumPt_dr03: 0
dz: 1.37235e+35
dxy: 2.48996e-23
normChi2: 0.29595
EoP: 0.0125059
Pterr: 201.202
Fpix: 0.998916
RecoPFMET: 376.265
RecoPFMET_phi: -2.54121
RecoCaloMET: 319.713
RecoCaloMET_phi: 1.4305
Flag_allMETFilters: 0

      Run : 1 Lumi: 25 Event: 24973
HSCP type: 0
Ih: 11.769
P: 1755.04
Pt: 706.504
Eta: 1.55984
Phi: 2.74759
NbPixelHit_noL1: 1
NOM_noL1: 17
FracOfValidHit: 0.833333
isHighPurityTrack: 1
miniRelIsoAll: 0.775176
IsoSumPt_dr03: 0
dz: 6.83866e-16
dxy: 6.977e-17
normChi2: 1.94527
EoP: 0.000453363
Pterr: 231.448
Fpix: 0.999915
RecoPFMET: 564.173
RecoPFMET_phi: -0.289911
RecoCaloMET: 15.6858
RecoCaloMET_phi: 0.820401
Flag_allMETFilters: 0

      Run : 1 Lumi: 25 Event: 24966
HSCP type: 0
Ih: 8.30571
P: 2834.78
Pt: 1344.5
Eta: -1.37741
Phi: -1.70697
NbPixelHit_noL1: 2
NOM_noL1: 11
FracOfValidHit: 1
isHighPurityTrack: 1
miniRelIsoAll: 0.999637
IsoSumPt_dr03: 0
dz: -1.9367e-36
dxy: -2.53515e+34
normChi2: 1.77714
EoP: 0
Pterr: 388.088
Fpix: 0.954862
RecoPFMET: 1368.2
RecoPFMET_phi: 1.41072
RecoCaloMET: 15.3344
RecoCaloMET_phi: 1.42371
Flag_allMETFilters: 0

      Run : 1 Lumi: 25 Event: 24960
HSCP type: 0
Ih: 24.4321
P: 620.68
Pt: 610.078
Eta: -0.186164
Phi: -0.656649
NbPixelHit_noL1: 3
NOM_noL1: 16
FracOfValidHit: 1
isHighPurityTrack: 1
miniRelIsoAll: 1.06074
IsoSumPt_dr03: 0
dz: -8.98377e-36
dxy: 3.20462e-34
normChi2: 0.196559
EoP: 0.0150947
Pterr: 138.824
Fpix: 0.999997
RecoPFMET: 333.41
RecoPFMET_phi: -0.328678
RecoCaloMET: 392.82
RecoCaloMET_phi: 2.93335
Flag_allMETFilters: 0

      Run : 1 Lumi: 25 Event: 24975
HSCP type: 0
Ih: 9.263
P: 1531.78
Pt: 1382.37
Eta: 0.460845
Phi: -2.95548
NbPixelHit_noL1: 3
NOM_noL1: 16
FracOfValidHit: 1
isHighPurityTrack: 1
miniRelIsoAll: 1.42744
IsoSumPt_dr03: 0
dz: -2.53183e-24
dxy: -0.00750935
normChi2: 0.141344
EoP: 0.000296487
Pterr: 544.699
Fpix: 0.999581
RecoPFMET: 1824.59
RecoPFMET_phi: 0.153523
RecoCaloMET: 69.2625
RecoCaloMET_phi: -2.26667
Flag_allMETFilters: 0

      Run : 1 Lumi: 25 Event: 24972
HSCP type: 4
Ih: 29.6688
P: 476.984
Pt: 338.916
Eta: -0.874506
Phi: -1.37477
NbPixelHit_noL1: 3
NOM_noL1: 11
FracOfValidHit: 1
isHighPurityTrack: 1
miniRelIsoAll: 0
IsoSumPt_dr03: 0
dz: 1.16029e-18
dxy: 2.80751e+14
normChi2: 0.239076
EoP: 0
Pterr: 64.701
Fpix: 1
RecoPFMET: 47.3792
RecoPFMET_phi: 2.43144
RecoCaloMET: 64.3777
RecoCaloMET_phi: 2.27374
Flag_allMETFilters: 0

      Run : 1 Lumi: 25 Event: 24971
HSCP type: 0
Ih: 5.91345
P: 1641.84
Pt: 1190.36
Eta: 0.845543
Phi: -0.357272
NbPixelHit_noL1: 2
NOM_noL1: 16
FracOfValidHit: 1
isHighPurityTrack: 1
miniRelIsoAll: 3.75026
IsoSumPt_dr03: 0
dz: 8.34969e+33
dxy: -2.18286e-36
normChi2: 0.777441
EoP: 0
Pterr: 167.629
Fpix: 0.967833
RecoPFMET: 4359.39
RecoPFMET_phi: 2.74459
RecoCaloMET: 214.309
RecoCaloMET_phi: 0.876389
Flag_allMETFilters: 0

      Run : 1 Lumi: 25 Event: 24968
HSCP type: 0
Ih: 13.6245
P: 1883.43
Pt: 1851
Eta: 0.186938
Phi: 0.00500018
NbPixelHit_noL1: 3
NOM_noL1: 14
FracOfValidHit: 0.944444
isHighPurityTrack: 1
miniRelIsoAll: 1.27201
IsoSumPt_dr03: 0
dz: -2.25579e+20
dxy: 5.29768e-36
normChi2: 0.269749
EoP: 0.000809558
Pterr: 992.241
Fpix: 0.999949
RecoPFMET: 1508.45
RecoPFMET_phi: 3.13559
RecoCaloMET: 187.194
RecoCaloMET_phi: 1.19149
Flag_allMETFilters: 0

      Run : 1 Lumi: 25 Event: 24974
HSCP type: 0
Ih: 10.3771
P: 1065.05
Pt: 373.875
Eta: 1.70767
Phi: 0.549143
NbPixelHit_noL1: 2
NOM_noL1: 21
FracOfValidHit: 1
isHighPurityTrack: 1
miniRelIsoAll: 1.52094
IsoSumPt_dr03: 0
dz: -9.84435e-15
dxy: 4.9636e+21
normChi2: 0.706032
EoP: 0
Pterr: 37.834
Fpix: 0.999994
RecoPFMET: 688.112
RecoPFMET_phi: -2.74462
RecoCaloMET: 95.3756
RecoCaloMET_phi: 2.74417
Flag_allMETFilters: 0

      Run : 1 Lumi: 25 Event: 24961
HSCP type: 4
Ih: 26.81
P: 447.514
Pt: 355.324
Eta: 0.70562
Phi: -1.61613
NbPixelHit_noL1: 3
NOM_noL1: 15
FracOfValidHit: 1
isHighPurityTrack: 1
miniRelIsoAll: 0
IsoSumPt_dr03: 0.815361
dz: -3.66663e+06
dxy: 2.49161e+21
normChi2: 0.0651109
EoP: 0
Pterr: 72.2133
Fpix: 1
RecoPFMET: 1303.16
RecoPFMET_phi: -1.48072
RecoCaloMET: 914.315
RecoCaloMET_phi: -1.54885
Flag_allMETFilters: 0

      Run : 1 Lumi: 25 Event: 24980
HSCP type: 0
Ih: 6.55468
P: 1808.1
Pt: 521.566
Eta: -1.91486
Phi: -0.405869
NbPixelHit_noL1: 5
NOM_noL1: 12
FracOfValidHit: 0.590909
isHighPurityTrack: 1
miniRelIsoAll: 7.29298
IsoSumPt_dr03: 0
dz: -1.03475e-21
dxy: -8.23694e-20
normChi2: 0.832564
EoP: 0
Pterr: 520.377
Fpix: 0.999923
RecoPFMET: 3768.94
RecoPFMET_phi: 2.71378
RecoCaloMET: 53.1266
RecoCaloMET_phi: 0.891652
Flag_allMETFilters: 0

      Run : 1 Lumi: 25 Event: 24977
HSCP type: 0
Ih: 10.0373
P: 1159.06
Pt: 1111.99
Eta: -0.289961
Phi: -1.99347
NbPixelHit_noL1: 3
NOM_noL1: 13
FracOfValidHit: 1
isHighPurityTrack: 1
miniRelIsoAll: 1
IsoSumPt_dr03: 0
dz: -1.07515e+23
dxy: 1.31418e-22
normChi2: 1.75898
EoP: 0.00632039
Pterr: 201.482
Fpix: 0.999168
RecoPFMET: 1410.88
RecoPFMET_phi: 1.33647
RecoCaloMET: 395.171
RecoCaloMET_phi: 2.02085
Flag_allMETFilters: 0

      Run : 1 Lumi: 25 Event: 24978
HSCP type: 0
Ih: 19.2476
P: 662.856
Pt: 437.344
Eta: -0.976282
Phi: -1.17769
NbPixelHit_noL1: 3
NOM_noL1: 12
FracOfValidHit: 1
isHighPurityTrack: 1
miniRelIsoAll: 1.12485
IsoSumPt_dr03: 0
dz: -5.32828e-16
dxy: -7.95741e+37
normChi2: 0.0379144
EoP: 0.00842678
Pterr: 178.562
Fpix: 1
RecoPFMET: 507.925
RecoPFMET_phi: 1.8929
RecoCaloMET: 47.1791
RecoCaloMET_phi: 2.76606
Flag_allMETFilters: 0

      Run : 1 Lumi: 25 Event: 24976
HSCP type: 0
Ih: 9.37164
P: 1035.36
Pt: 982.655
Eta: -0.326059
Phi: 2.9471
NbPixelHit_noL1: 4
NOM_noL1: 17
FracOfValidHit: 1
isHighPurityTrack: 1
miniRelIsoAll: 1.23292
IsoSumPt_dr03: 0
dz: 228.348
dxy: 3.91959e+11
normChi2: 0.138548
EoP: 0.0052803
Pterr: 336.276
Fpix: 0.999954
RecoPFMET: 1186.45
RecoPFMET_phi: -0.174712
RecoCaloMET: 21.7288
RecoCaloMET_phi: 2.31738
Flag_allMETFilters: 0

      Run : 1 Lumi: 25 Event: 24970
HSCP type: 0
Ih: 18.199
P: 697.29
Pt: 695.854
Eta: 0.0642224
Phi: 0.662058
NbPixelHit_noL1: 1
NOM_noL1: 9
FracOfValidHit: 0.916667
isHighPurityTrack: 1
miniRelIsoAll: 1.00977
IsoSumPt_dr03: 0
dz: -1.95979e-28
dxy: 2098.8
normChi2: 0.0872559
EoP: 0
Pterr: 208.074
Fpix: 0.99413
RecoPFMET: 834.237
RecoPFMET_phi: -2.28455
RecoCaloMET: 162.753
RecoCaloMET_phi: -1.57485
Flag_allMETFilters: 0

      Run : 1 Lumi: 25 Event: 24986
HSCP type: 0
Ih: 4.67966
P: 1836.4
Pt: 997.797
Eta: 1.21951
Phi: -1.72568
NbPixelHit_noL1: 3
NOM_noL1: 12
FracOfValidHit: 1
isHighPurityTrack: 1
miniRelIsoAll: 1.34662
IsoSumPt_dr03: 0
dz: 2.54229e-37
dxy: -33.8528
normChi2: 0.651798
EoP: 1.3565
Pterr: 129.488
Fpix: 0.948847
RecoPFMET: 1340.39
RecoPFMET_phi: 1.40656
RecoCaloMET: 1335.96
RecoCaloMET_phi: 1.41927
Flag_allMETFilters: 0

      Run : 1 Lumi: 25 Event: 24981
HSCP type: 0
Ih: 11.7337
P: 999.801
Pt: 793.34
Eta: -0.706651
Phi: -1.2672
NbPixelHit_noL1: 3
NOM_noL1: 17
FracOfValidHit: 1
isHighPurityTrack: 1
miniRelIsoAll: 1
IsoSumPt_dr03: 0
dz: 9.42683e+25
dxy: -2.07338e+11
normChi2: 0.188434
EoP: 0.0113351
Pterr: 171.686
Fpix: 0.999822
RecoPFMET: 758.655
RecoPFMET_phi: 1.99636
RecoCaloMET: 69.0722
RecoCaloMET_phi: -2.59188
Flag_allMETFilters: 0

      Run : 1 Lumi: 25 Event: 24983
HSCP type: 0
Ih: 19.3571
P: 685.174
Pt: 376.061
Eta: 1.20747
Phi: 1.57316
NbPixelHit_noL1: 3
NOM_noL1: 12
FracOfValidHit: 1
isHighPurityTrack: 1
miniRelIsoAll: 0
IsoSumPt_dr03: 0
dz: 3.71868e+17
dxy: 6.19796e+28
normChi2: 0.579211
EoP: 0
Pterr: 31.4451
Fpix: 1
RecoPFMET: 229.104
RecoPFMET_phi: -3.03619
RecoCaloMET: 215.237
RecoCaloMET_phi: -3.13532
Flag_allMETFilters: 0

      Run : 1 Lumi: 25 Event: 24982
HSCP type: 0
Ih: 9.41833
P: 1028.3
Pt: 966.664
Eta: -0.355224
Phi: 0.995051
NbPixelHit_noL1: 0
NOM_noL1: 13
FracOfValidHit: 1
isHighPurityTrack: 1
miniRelIsoAll: 1.28196
IsoSumPt_dr03: 0
dz: -7.24914e+33
dxy: 3.74854e+14
normChi2: 0.746792
EoP: 0
Pterr: 308.995
Fpix: 1
RecoPFMET: 294.313
RecoPFMET_phi: 1.29766
RecoCaloMET: 1.42042
RecoCaloMET_phi: -1.66984
Flag_allMETFilters: 0

      Run : 1 Lumi: 25 Event: 24989
HSCP type: 0
Ih: 15.6128
P: 812.022
Pt: 615.218
Eta: 0.779946
Phi: -2.14817
NbPixelHit_noL1: 3
NOM_noL1: 18
FracOfValidHit: 1
isHighPurityTrack: 1
miniRelIsoAll: 1.00074
IsoSumPt_dr03: 0
dz: -1.0768e-05
dxy: 120.046
normChi2: 0.190819
EoP: 0.00417879
Pterr: 118.419
Fpix: 0.999993
RecoPFMET: 69.5231
RecoPFMET_phi: 1.62251
RecoCaloMET: 26.701
RecoCaloMET_phi: -2.72806
Flag_allMETFilters: 0

      Run : 1 Lumi: 25 Event: 24993
HSCP type: 1
Ih: 37.7447
P: 398.645
Pt: 395.06
Eta: -0.134631
Phi: 2.54209
NbPixelHit_noL1: 3
NOM_noL1: 17
FracOfValidHit: 1
isHighPurityTrack: 1
miniRelIsoAll: 0.0219281
IsoSumPt_dr03: 0
dz: 2.55144e-17
dxy: 2.81154e-06
normChi2: 0.0551681
EoP: 0.00732584
Pterr: 82.6871
Fpix: 0.999997
RecoPFMET: 74.9904
RecoPFMET_phi: 0.704782
RecoCaloMET: 30.2202
RecoCaloMET_phi: 0.788282
Flag_allMETFilters: 0

      Run : 1 Lumi: 25 Event: 24987
HSCP type: 0
Ih: 13.5798
P: 1325.21
Pt: 1287.97
Eta: 0.239901
Phi: -0.794835
NbPixelHit_noL1: 3
NOM_noL1: 18
FracOfValidHit: 1
isHighPurityTrack: 1
miniRelIsoAll: 1.50833
IsoSumPt_dr03: 0
dz: 9.06022e-20
dxy: -3.47726e+16
normChi2: 0.148903
EoP: 0.00359812
Pterr: 432.997
Fpix: 0.999982
RecoPFMET: 1995.98
RecoPFMET_phi: 2.38714
RecoCaloMET: 70.1507
RecoCaloMET_phi: -2.84297
Flag_allMETFilters: 0

      Run : 1 Lumi: 25 Event: 24990
HSCP type: 1
Ih: 23.819
P: 588.493
Pt: 361.687
Eta: 1.06835
Phi: -1.18091
NbPixelHit_noL1: 4
NOM_noL1: 9
FracOfValidHit: 0.944444
isHighPurityTrack: 1
miniRelIsoAll: 1
IsoSumPt_dr03: 0
dz: 7.85785e-23
dxy: -4.6199e+35
normChi2: 0.161109
EoP: 0
Pterr: 89.5952
Fpix: 1
RecoPFMET: 35.8806
RecoPFMET_phi: -0.798878
RecoCaloMET: 209.264
RecoCaloMET_phi: 0.407807
Flag_allMETFilters: 0

      Run : 1 Lumi: 25 Event: 24997
HSCP type: 0
Ih: 3.72471
P: 3214.43
Pt: 1114.94
Eta: -1.72046
Phi: -2.96705
NbPixelHit_noL1: 5
NOM_noL1: 25
FracOfValidHit: 0.961538
isHighPurityTrack: 1
miniRelIsoAll: 1.00822
IsoSumPt_dr03: 0
dz: -4.61451e-13
dxy: -1.23805e-07
normChi2: 0.717301
EoP: 0
Pterr: 223.697
Fpix: 0.915943
RecoPFMET: 1073.97
RecoPFMET_phi: 0.274935
RecoCaloMET: 101.826
RecoCaloMET_phi: 2.30053
Flag_allMETFilters: 0

      Run : 1 Lumi: 25 Event: 24992
HSCP type: 0
Ih: 11.852
P: 1199.16
Pt: 1150.53
Eta: -0.289725
Phi: -3.0574
NbPixelHit_noL1: 3
NOM_noL1: 16
FracOfValidHit: 1
isHighPurityTrack: 1
miniRelIsoAll: 7.84556
IsoSumPt_dr03: 0
dz: 1.12322e-11
dxy: -5.8225e+26
normChi2: 0.212815
EoP: 0
Pterr: 418.495
Fpix: 0.997674
RecoPFMET: 9064.39
RecoPFMET_phi: 0.0791272
RecoCaloMET: 32.2385
RecoCaloMET_phi: 0.179105
Flag_allMETFilters: 0

      Run : 1 Lumi: 25 Event: 24995
HSCP type: 0
Ih: 10.8882
P: 889.937
Pt: 801.972
Eta: -0.464193
Phi: 0.15261
NbPixelHit_noL1: 3
NOM_noL1: 14
FracOfValidHit: 1
isHighPurityTrack: 1
miniRelIsoAll: 1
IsoSumPt_dr03: 0
dz: 4.3673e+24
dxy: -5.32974e+29
normChi2: 0.373703
EoP: 0.00038815
Pterr: 185.369
Fpix: 0.999199
RecoPFMET: 128.32
RecoPFMET_phi: -2.93234
RecoCaloMET: 54.0243
RecoCaloMET_phi: 2.85829
Flag_allMETFilters: 0

      Run : 1 Lumi: 25 Event: 24999
HSCP type: 0
Ih: 5.47247
P: 1525.03
Pt: 1415.33
Eta: 0.39122
Phi: 0.683765
NbPixelHit_noL1: 2
NOM_noL1: 16
FracOfValidHit: 1
isHighPurityTrack: 1
miniRelIsoAll: 1
IsoSumPt_dr03: 0
dz: -2.62766e+22
dxy: -8.25508e+09
normChi2: 0.44753
EoP: 0
Pterr: 460
Fpix: 0.993438
RecoPFMET: 1491.51
RecoPFMET_phi: -2.52619
RecoCaloMET: 121.143
RecoCaloMET_phi: 3.05895
Flag_allMETFilters: 0

      Run : 1 Lumi: 25 Event: 24996
HSCP type: 4
Ih: 3.34479
P: 148.981
Pt: 46.766
Eta: 1.82621
Phi: 2.40524
NbPixelHit_noL1: 5
NOM_noL1: 23
FracOfValidHit: 0.925926
isHighPurityTrack: 1
miniRelIsoAll: 1
IsoSumPt_dr03: 0
dz: -1.03457e-32
dxy: -5.58144e-36
normChi2: 0.777242
EoP: 1.36952
Pterr: 1.15789
Fpix: 0.97873
RecoPFMET: 399.266
RecoPFMET_phi: -0.888103
RecoCaloMET: 327.095
RecoCaloMET_phi: -0.922394
Flag_allMETFilters: 0

      Run : 1 Lumi: 25 Event: 24994
HSCP type: 4
Ih: 8.80439
P: 55.1215
Pt: 52.885
Eta: -0.289811
Phi: 0.30805
NbPixelHit_noL1: 2
NOM_noL1: 4
FracOfValidHit: 0.416667
isHighPurityTrack: 0
miniRelIsoAll: 0
IsoSumPt_dr03: 0
dz: -8.23869e-27
dxy: -2.47115e+33
normChi2: 0.397778
EoP: 0
Pterr: 17.3102
Fpix: 1
RecoPFMET: 425.251
RecoPFMET_phi: -0.0855197
RecoCaloMET: 365.945
RecoCaloMET_phi: -0.160626
Flag_allMETFilters: 0

14:18:10  6607 Wrk-0.0 | SvcMsg in <TProofPlayerSlave::CheckMemUsage>: Memory 2246904 virtual 853940 resident event 96930
14:18:10  6607 Wrk-0.0 | Error in <TProofServLite::HandleSocketInput>: retrieving message from input socket
14:18:10  6607 Wrk-0.0 | Info in <TProofServLite::Terminate>: starting session termination operations ...
14:18:10  6607 Wrk-0.0 | Info in <TProofServLite::Terminate>: data directory '/home/gcoulon/.proof/data/0.0/0.0-sbgui14.in2p3.fr-1759493867-6607' has been removed
Terminate: termination operations ended: quitting!
