14:22:48  7046 Wrk-0.0 | Info in <TProofServLite::Setup>: fWorkDir: /home/gcoulon/.proof
14:22:48  7046 Wrk-0.0 | Info in <TProofServLite::SetupCommon>:  0 global package directories registered
14:23:00  7046 Wrk-0.0 | Info in <TProofServLite::HandleProcess>: calling fPlayer->Process() with selector name: HSCPSelector.C+
14:23:08  7046 Wrk-0.0 | Info in <TProofPlayerSlave::AssertSelector>: Processing via filename (HSCPSelector.C+)
14:23:08  7046 Wrk-0.0 | Info in <TEventIter::TEventIter>: fPackets list 'ProcessedPackets_0.0' created
14:23:08  7046 Wrk-0.0 | Info in <TProofPlayerSlave::Process>: save partial results? 0  per-packet? 0
Got ouf of loop on selections_
14:23:08  7046 Wrk-0.0 | SvcMsg in <TProofPlayerSlave::CheckMemUsage>: Memory 2210540 virtual 845324 resident event 0
14:23:08  7046 Wrk-0.0 | Info in <TEventIterTree::GetTrees>: the tree cache is in learning phase
14:23:08  7046 Wrk-0.0 | Info in <TProofServLite::RestartComputeTime>: compute time restarted after 0.068490 secs (100 entries)
      Run : 1 Lumi: 25 Event: 24145
HSCP type: 0
Ih: 9.81594
P: 878.476
Pt: 871
Eta: 0.130924
Phi: 0.768871
NbPixelHit_noL1: 1
NOM_noL1: 12
FracOfValidHit: 1
isHighPurityTrack: 1
miniRelIsoAll: 1
IsoSumPt_dr03: 0
dz: -0.000533142
dxy: 0.00166382
normChi2: 0
EoP: 0.0671842
Pterr: 364.775
Fpix: 0.99297
RecoPFMET: 815.662
RecoPFMET_phi: -2.37811
RecoCaloMET: 832.585
RecoCaloMET_phi: -2.37537
Flag_allMETFilters: 1

      Run : 1 Lumi: 25 Event: 24147
HSCP type: 0
Ih: 7.8851
P: 1216.75
Pt: 544.5
Eta: -1.44292
Phi: 2.00182
NbPixelHit_noL1: 4
NOM_noL1: 18
FracOfValidHit: 1
isHighPurityTrack: 1
miniRelIsoAll: 1
IsoSumPt_dr03: 0
dz: 0.00283691
dxy: -0.000144424
normChi2: 0
EoP: 0
Pterr: 65.8071
Fpix: 0.999798
RecoPFMET: 413.264
RecoPFMET_phi: -1.09095
RecoCaloMET: 445.543
RecoCaloMET_phi: -1.10539
Flag_allMETFilters: 1

      Run : 1 Lumi: 25 Event: 24154
HSCP type: 0
Ih: 24.2409
P: 558.047
Pt: 519.5
Eta: -0.382885
Phi: -0.875027
NbPixelHit_noL1: 2
NOM_noL1: 14
FracOfValidHit: 1
isHighPurityTrack: 1
miniRelIsoAll: 1
IsoSumPt_dr03: 0
dz: -0.00227661
dxy: 9.60541e-05
normChi2: 2
EoP: 0
Pterr: 102.751
Fpix: 0.999523
RecoPFMET: 86.3726
RecoPFMET_phi: -0.973984
RecoCaloMET: 98.6716
RecoCaloMET_phi: -1.28411
Flag_allMETFilters: 1

      Run : 1 Lumi: 25 Event: 24149
HSCP type: 0
Ih: 12.2765
P: 1095.42
Pt: 554
Eta: 1.30375
Phi: 0.407141
NbPixelHit_noL1: 2
NOM_noL1: 10
FracOfValidHit: 1
isHighPurityTrack: 1
miniRelIsoAll: 1
IsoSumPt_dr03: 0
dz: -0.00765625
dxy: 0.000714111
normChi2: 0
EoP: 0
Pterr: 73.7419
Fpix: 0.999684
RecoPFMET: 51.089
RecoPFMET_phi: 3.00375
RecoCaloMET: 643.578
RecoCaloMET_phi: -2.87068
Flag_allMETFilters: 0

      Run : 1 Lumi: 25 Event: 24146
HSCP type: 0
Ih: 6.92078
P: 1555.84
Pt: 1508
Eta: 0.251228
Phi: -2.07897
NbPixelHit_noL1: 0
NOM_noL1: 9
FracOfValidHit: 1
isHighPurityTrack: 1
miniRelIsoAll: 1
IsoSumPt_dr03: 0
dz: 0.174944
dxy: -0.0177485
normChi2: 1
EoP: 0
Pterr: 297445
Fpix: 1
RecoPFMET: 1525.62
RecoPFMET_phi: 1.10785
RecoCaloMET: 60.2644
RecoCaloMET_phi: 2.36964
Flag_allMETFilters: 1

      Run : 1 Lumi: 25 Event: 24151
HSCP type: 0
Ih: 33.8821
P: 465.371
Pt: 416.75
Eta: 0.478469
Phi: 2.57791
NbPixelHit_noL1: 2
NOM_noL1: 16
FracOfValidHit: 1
isHighPurityTrack: 1
miniRelIsoAll: 1
IsoSumPt_dr03: 0
dz: 0.0030542
dxy: 0.000566711
normChi2: 0
EoP: 0
Pterr: 85.8133
Fpix: 0.999294
RecoPFMET: 295.826
RecoPFMET_phi: -0.328445
RecoCaloMET: 263.66
RecoCaloMET_phi: -0.429336
Flag_allMETFilters: 1

      Run : 1 Lumi: 25 Event: 24155
HSCP type: 0
Ih: 9.07622
P: 6292.73
Pt: 5144
Eta: 0.656453
Phi: -0.0738304
NbPixelHit_noL1: 2
NOM_noL1: 15
FracOfValidHit: 1
isHighPurityTrack: 1
miniRelIsoAll: 1
IsoSumPt_dr03: 0
dz: -0.00110962
dxy: 0.00231567
normChi2: 0
EoP: 0
Pterr: 252.639
Fpix: 0.994872
RecoPFMET: 5508.05
RecoPFMET_phi: -0.113009
RecoCaloMET: 5507.67
RecoCaloMET_phi: -0.115771
Flag_allMETFilters: 1

      Run : 1 Lumi: 25 Event: 24156
HSCP type: 0
Ih: 6.78036
P: 2251.56
Pt: 730.5
Eta: -1.79138
Phi: -1.1097
NbPixelHit_noL1: 6
NOM_noL1: 25
FracOfValidHit: 1
isHighPurityTrack: 1
miniRelIsoAll: 1
IsoSumPt_dr03: 0
dz: -0.00122131
dxy: -0.00128296
normChi2: 0
EoP: 0
Pterr: 70.3608
Fpix: 0.999983
RecoPFMET: 63.913
RecoPFMET_phi: 1.52899
RecoCaloMET: 80.1494
RecoCaloMET_phi: 1.90819
Flag_allMETFilters: 1

      Run : 1 Lumi: 25 Event: 24153
HSCP type: 0
Ih: 12.5185
P: 1100.38
Pt: 1078
Eta: 0.203436
Phi: -0.371203
NbPixelHit_noL1: 2
NOM_noL1: 19
FracOfValidHit: 1
isHighPurityTrack: 1
miniRelIsoAll: 1
IsoSumPt_dr03: 0
dz: -0.00421875
dxy: 0.0025
normChi2: 0
EoP: 0.0128859
Pterr: 303.188
Fpix: 0.999611
RecoPFMET: 47.5476
RecoPFMET_phi: 3.06446
RecoCaloMET: 71.3728
RecoCaloMET_phi: -1.37604
Flag_allMETFilters: 1

      Run : 1 Lumi: 25 Event: 24150
HSCP type: 0
Ih: 9.68157
P: 1311.57
Pt: 1274
Eta: -0.242256
Phi: 2.56443
NbPixelHit_noL1: 2
NOM_noL1: 17
FracOfValidHit: 1
isHighPurityTrack: 1
miniRelIsoAll: 1
IsoSumPt_dr03: 0
dz: 0.000666504
dxy: 0.00383301
normChi2: 0
EoP: 0.00852443
Pterr: 754.878
Fpix: 0.997765
RecoPFMET: 149.249
RecoPFMET_phi: 1.5585
RecoCaloMET: 189.025
RecoCaloMET_phi: 1.36455
Flag_allMETFilters: 1

      Run : 1 Lumi: 25 Event: 24157
HSCP type: 0
Ih: 6.27383
P: 1532.54
Pt: 963
Eta: 1.04007
Phi: -1.29164
NbPixelHit_noL1: 4
NOM_noL1: 10
FracOfValidHit: 1
isHighPurityTrack: 1
miniRelIsoAll: 1
IsoSumPt_dr03: 0
dz: 0.00118225
dxy: -9.49097e-05
normChi2: 0
EoP: 0.0206306
Pterr: 261.697
Fpix: 0.99877
RecoPFMET: 943.348
RecoPFMET_phi: 1.72419
RecoCaloMET: 949.12
RecoCaloMET_phi: 1.81422
Flag_allMETFilters: 1

      Run : 1 Lumi: 25 Event: 24152
HSCP type: 0
Ih: 8.68109
P: 1323.96
Pt: 473.75
Eta: 1.68719
Phi: -1.27582
NbPixelHit_noL1: 5
NOM_noL1: 24
FracOfValidHit: 1
isHighPurityTrack: 1
miniRelIsoAll: 1
IsoSumPt_dr03: 0
dz: -0.0044043
dxy: -9.67979e-06
normChi2: 0
EoP: 0
Pterr: 35.1195
Fpix: 0.999984
RecoPFMET: 9619.53
RecoPFMET_phi: -1.15618
RecoCaloMET: 9848.68
RecoCaloMET_phi: -1.13145
Flag_allMETFilters: 1

      Run : 1 Lumi: 25 Event: 24148
HSCP type: 0
Ih: 17.3108
P: 467.755
Pt: 239
Eta: 1.29185
Phi: -1.66187
NbPixelHit_noL1: 2
NOM_noL1: 13
FracOfValidHit: 1
isHighPurityTrack: 1
miniRelIsoAll: 1
IsoSumPt_dr03: 0
dz: 0.00776855
dxy: -0.000856934
normChi2: 0
EoP: 0
Pterr: 23.5628
Fpix: 0.999999
RecoPFMET: 202.176
RecoPFMET_phi: 1.6155
RecoCaloMET: 203.467
RecoCaloMET_phi: 1.77215
Flag_allMETFilters: 1

      Run : 1 Lumi: 25 Event: 24158
HSCP type: 0
Ih: 17.0299
P: 671.528
Pt: 565
Eta: 0.604816
Phi: 2.36785
NbPixelHit_noL1: 3
NOM_noL1: 15
FracOfValidHit: 1
isHighPurityTrack: 1
miniRelIsoAll: 1
IsoSumPt_dr03: 0
dz: -0.0021106
dxy: 0.00071167
normChi2: 0
EoP: 0.0191937
Pterr: 160.752
Fpix: 0.999765
RecoPFMET: 133.517
RecoPFMET_phi: -1.76616
RecoCaloMET: 60.6619
RecoCaloMET_phi: -1.26868
Flag_allMETFilters: 1

      Run : 1 Lumi: 25 Event: 24161
HSCP type: 0
Ih: 4.45939
P: 2127.11
Pt: 1560
Eta: -0.828761
Phi: 2.71395
NbPixelHit_noL1: 4
NOM_noL1: 18
FracOfValidHit: 1
isHighPurityTrack: 1
miniRelIsoAll: 1
IsoSumPt_dr03: 0
dz: 0.00121094
dxy: 0.000400696
normChi2: 1
EoP: 0
Pterr: 232.118
Fpix: 0.852264
RecoPFMET: 1574.78
RecoPFMET_phi: -0.537885
RecoCaloMET: 1548.28
RecoCaloMET_phi: -0.518685
Flag_allMETFilters: 1

      Run : 1 Lumi: 25 Event: 24163
HSCP type: 0
Ih: 4.01302
P: 3340.69
Pt: 1029
Eta: 1.84613
Phi: 2.18386
NbPixelHit_noL1: 4
NOM_noL1: 20
FracOfValidHit: 1
isHighPurityTrack: 1
miniRelIsoAll: 1
IsoSumPt_dr03: 0
dz: 0.00304199
dxy: 5.66483e-05
normChi2: 0
EoP: 0
Pterr: 196.106
Fpix: 0.956963
RecoPFMET: 1036.42
RecoPFMET_phi: -0.9533
RecoCaloMET: 1033.42
RecoCaloMET_phi: -0.929202
Flag_allMETFilters: 1

      Run : 1 Lumi: 25 Event: 24167
HSCP type: 0
Ih: 10.3746
P: 1570.2
Pt: 1262
Eta: 0.685385
Phi: 1.20375
NbPixelHit_noL1: 3
NOM_noL1: 16
FracOfValidHit: 1
isHighPurityTrack: 1
miniRelIsoAll: 1
IsoSumPt_dr03: 0
dz: 0.00171753
dxy: -0.00286133
normChi2: 0
EoP: 0.0165419
Pterr: 336.038
Fpix: 0.999986
RecoPFMET: 227.822
RecoPFMET_phi: -1.96703
RecoCaloMET: 193.387
RecoCaloMET_phi: -2.0106
Flag_allMETFilters: 1

      Run : 1 Lumi: 25 Event: 24165
HSCP type: 0
Ih: 13.1975
P: 1043.85
Pt: 1041
Eta: -0.0739769
Phi: 2.47039
NbPixelHit_noL1: 3
NOM_noL1: 18
FracOfValidHit: 1
isHighPurityTrack: 1
miniRelIsoAll: 1
IsoSumPt_dr03: 0
dz: 0.000664063
dxy: -0.00182251
normChi2: 0
EoP: 0.0219669
Pterr: 284.721
Fpix: 0.993438
RecoPFMET: 64.4737
RecoPFMET_phi: 2.75776
RecoCaloMET: 47.3988
RecoCaloMET_phi: -2.72093
Flag_allMETFilters: 1

      Run : 1 Lumi: 25 Event: 24171
HSCP type: 0
Ih: 6.20813
P: 1856.37
Pt: 518.5
Eta: 1.94848
Phi: 0.826295
NbPixelHit_noL1: 6
NOM_noL1: 20
FracOfValidHit: 1
isHighPurityTrack: 1
miniRelIsoAll: 1
IsoSumPt_dr03: 0
dz: -0.00238403
dxy: 0.000921631
normChi2: 0
EoP: 0.0348435
Pterr: 84.5083
Fpix: 0.999675
RecoPFMET: 466.932
RecoPFMET_phi: -2.75517
RecoCaloMET: 531.469
RecoCaloMET_phi: -2.72845
Flag_allMETFilters: 1

      Run : 1 Lumi: 25 Event: 24175
HSCP type: 0
Ih: 25.4601
P: 660.762
Pt: 626.5
Eta: 0.329234
Phi: 1.306
NbPixelHit_noL1: 2
NOM_noL1: 16
FracOfValidHit: 1
isHighPurityTrack: 1
miniRelIsoAll: 1
IsoSumPt_dr03: 0
dz: -0.00199463
dxy: -0.00435303
normChi2: 0
EoP: 0
Pterr: 174.215
Fpix: 0.99999
RecoPFMET: 599.07
RecoPFMET_phi: -2.34268
RecoCaloMET: 600.665
RecoCaloMET_phi: -2.22443
Flag_allMETFilters: 1

      Run : 1 Lumi: 25 Event: 24174
HSCP type: 0
Ih: 12.1955
P: 1239.41
Pt: 1126
Eta: 0.445143
Phi: 3.08955
NbPixelHit_noL1: 3
NOM_noL1: 13
FracOfValidHit: 1
isHighPurityTrack: 1
miniRelIsoAll: 1
IsoSumPt_dr03: 0
dz: 0.00272461
dxy: -0.00108215
normChi2: 0
EoP: 0
Pterr: 222.968
Fpix: 0.999951
RecoPFMET: 15.9136
RecoPFMET_phi: -0.454036
RecoCaloMET: 21.1351
RecoCaloMET_phi: -0.433924
Flag_allMETFilters: 1

      Run : 1 Lumi: 25 Event: 24183
HSCP type: 0
Ih: 10.3609
P: 909.992
Pt: 271.25
Eta: -1.88055
Phi: 0.239753
NbPixelHit_noL1: 3
NOM_noL1: 21
FracOfValidHit: 1
isHighPurityTrack: 1
miniRelIsoAll: 1
IsoSumPt_dr03: 0
dz: 0.000205383
dxy: -0.000869141
normChi2: 0
EoP: 0
Pterr: 32.9234
Fpix: 0.999973
RecoPFMET: 268.101
RecoPFMET_phi: 2.96752
RecoCaloMET: 257.531
RecoCaloMET_phi: -3.13308
Flag_allMETFilters: 1

      Run : 1 Lumi: 25 Event: 24187
HSCP type: 0
Ih: 4.84951
P: 1956.73
Pt: 562.5
Eta: 1.91845
Phi: -2.86854
NbPixelHit_noL1: 4
NOM_noL1: 22
FracOfValidHit: 1
isHighPurityTrack: 1
miniRelIsoAll: 1
IsoSumPt_dr03: 0
dz: -0.00136597
dxy: 0.000318909
normChi2: 0
EoP: 0
Pterr: 92.2531
Fpix: 0.987461
RecoPFMET: 522.136
RecoPFMET_phi: 0.298367
RecoCaloMET: 566.092
RecoCaloMET_phi: 0.266773
Flag_allMETFilters: 1

      Run : 1 Lumi: 25 Event: 24192
HSCP type: 0
Ih: 13.5874
P: 1055.49
Pt: 508.5
Eta: -1.3596
Phi: -2.54461
NbPixelHit_noL1: 3
NOM_noL1: 9
FracOfValidHit: 1
isHighPurityTrack: 1
miniRelIsoAll: 1
IsoSumPt_dr03: 0
dz: 0.00316895
dxy: 8.91113e-05
normChi2: 0
EoP: 0
Pterr: 68.509
Fpix: 1
RecoPFMET: 243.106
RecoPFMET_phi: 0.673339
RecoCaloMET: 245.786
RecoCaloMET_phi: 0.760131
Flag_allMETFilters: 1

      Run : 1 Lumi: 25 Event: 24190
HSCP type: 0
Ih: 16.879
P: 633.235
Pt: 507.5
Eta: 0.690146
Phi: -1.44086
NbPixelHit_noL1: 3
NOM_noL1: 15
FracOfValidHit: 1
isHighPurityTrack: 1
miniRelIsoAll: 1
IsoSumPt_dr03: 0
dz: -0.000361023
dxy: 0.00024765
normChi2: 0
EoP: 0.0225685
Pterr: 156.835
Fpix: 0.999999
RecoPFMET: 582.22
RecoPFMET_phi: 1.78425
RecoCaloMET: 569.23
RecoCaloMET_phi: 1.77342
Flag_allMETFilters: 1

      Run : 1 Lumi: 25 Event: 24193
HSCP type: 0
Ih: 29.8454
P: 597.821
Pt: 587
Eta: -0.191717
Phi: -1.87574
NbPixelHit_noL1: 3
NOM_noL1: 14
FracOfValidHit: 1
isHighPurityTrack: 1
miniRelIsoAll: 1
IsoSumPt_dr03: 0
dz: 0.00356689
dxy: -0.00098877
normChi2: 0
EoP: 0
Pterr: 120.436
Fpix: 0.999995
RecoPFMET: 168.037
RecoPFMET_phi: -2.08681
RecoCaloMET: 116.305
RecoCaloMET_phi: 1.31746
Flag_allMETFilters: 1

      Run : 1 Lumi: 25 Event: 24186
HSCP type: 0
Ih: 6.5844
P: 1763.54
Pt: 928
Eta: -1.25742
Phi: 0.0826197
NbPixelHit_noL1: 2
NOM_noL1: 8
FracOfValidHit: 1
isHighPurityTrack: 1
miniRelIsoAll: 1
IsoSumPt_dr03: 0
dz: -0.00391357
dxy: 0.00104248
normChi2: 0
EoP: 0
Pterr: 272.727
Fpix: 0.947606
RecoPFMET: 72.6643
RecoPFMET_phi: 0.149641
RecoCaloMET: 943.158
RecoCaloMET_phi: -3.1369
Flag_allMETFilters: 1

      Run : 1 Lumi: 25 Event: 24184
HSCP type: 0
Ih: 10.5055
P: 1157.28
Pt: 591.5
Eta: -1.29148
Phi: 2.3988
NbPixelHit_noL1: 1
NOM_noL1: 11
FracOfValidHit: 1
isHighPurityTrack: 1
miniRelIsoAll: 1
IsoSumPt_dr03: 0
dz: -0.000517578
dxy: 0.000227509
normChi2: 0
EoP: 0
Pterr: 78.4137
Fpix: 0.996424
RecoPFMET: 559.402
RecoPFMET_phi: -0.721516
RecoCaloMET: 574.973
RecoCaloMET_phi: -0.754532
Flag_allMETFilters: 1

      Run : 1 Lumi: 25 Event: 24182
HSCP type: 0
Ih: 7.96293
P: 829.602
Pt: 689.5
Eta: 0.627155
Phi: 2.56854
NbPixelHit_noL1: 3
NOM_noL1: 16
FracOfValidHit: 1
isHighPurityTrack: 1
miniRelIsoAll: 1
IsoSumPt_dr03: 0
dz: 0.000170441
dxy: 0.00211182
normChi2: 0
EoP: 0
Pterr: 127.224
Fpix: 0.997622
RecoPFMET: 706.538
RecoPFMET_phi: -0.62003
RecoCaloMET: 705.268
RecoCaloMET_phi: -0.577125
Flag_allMETFilters: 1

      Run : 1 Lumi: 25 Event: 24201
HSCP type: 0
Ih: 9.41698
P: 1099.59
Pt: 1068
Eta: 0.242622
Phi: 0.389563
NbPixelHit_noL1: 3
NOM_noL1: 13
FracOfValidHit: 1
isHighPurityTrack: 1
miniRelIsoAll: 1
IsoSumPt_dr03: 0
dz: -0.0012854
dxy: 0.000179291
normChi2: 0
EoP: 0.0134495
Pterr: 314.213
Fpix: 0.998234
RecoPFMET: 1055.49
RecoPFMET_phi: -2.75093
RecoCaloMET: 1050.67
RecoCaloMET_phi: -2.75559
Flag_allMETFilters: 1

      Run : 1 Lumi: 25 Event: 24199
HSCP type: 0
Ih: 9.99503
P: 989.796
Pt: 265.25
Eta: -1.99152
Phi: -0.523746
NbPixelHit_noL1: 5
NOM_noL1: 21
FracOfValidHit: 1
isHighPurityTrack: 1
miniRelIsoAll: 1
IsoSumPt_dr03: 0
dz: -0.00120728
dxy: -0.000292206
normChi2: 0
EoP: 0
Pterr: 26.062
Fpix: 1
RecoPFMET: 332.532
RecoPFMET_phi: 2.25767
RecoCaloMET: 305.703
RecoCaloMET_phi: 2.29537
Flag_allMETFilters: 1

      Run : 1 Lumi: 25 Event: 24196
HSCP type: 0
Ih: 10.9369
P: 797.974
Pt: 646.5
Eta: -0.671834
Phi: -2.21384
NbPixelHit_noL1: 3
NOM_noL1: 14
FracOfValidHit: 1
isHighPurityTrack: 1
miniRelIsoAll: 1
IsoSumPt_dr03: 0
dz: -0.00482422
dxy: -0.000635376
normChi2: 0
EoP: 0.0291478
Pterr: 187.304
Fpix: 0.999763
RecoPFMET: 726.762
RecoPFMET_phi: 0.797952
RecoCaloMET: 659.797
RecoCaloMET_phi: 0.871581
Flag_allMETFilters: 1

      Run : 1 Lumi: 25 Event: 24204
HSCP type: 0
Ih: 10.472
P: 1238.16
Pt: 770.5
Eta: 1.05252
Phi: -1.02376
NbPixelHit_noL1: 3
NOM_noL1: 8
FracOfValidHit: 1
isHighPurityTrack: 1
miniRelIsoAll: 1
IsoSumPt_dr03: 0
dz: 8.71277e-05
dxy: 0.000923462
normChi2: 0
EoP: 0
Pterr: 223.542
Fpix: 0.999992
RecoPFMET: 666.457
RecoPFMET_phi: 2.11984
RecoCaloMET: 687.354
RecoCaloMET_phi: 2.13236
Flag_allMETFilters: 1

      Run : 1 Lumi: 25 Event: 24194
HSCP type: 0
Ih: 10.6209
P: 923.509
Pt: 554
Eta: -1.09885
Phi: 1.54477
NbPixelHit_noL1: 3
NOM_noL1: 10
FracOfValidHit: 1
isHighPurityTrack: 1
miniRelIsoAll: 1
IsoSumPt_dr03: 0
dz: 0.00243042
dxy: -0.000925903
normChi2: 0
EoP: 0
Pterr: 69.9819
Fpix: 0.999849
RecoPFMET: 161.439
RecoPFMET_phi: -0.876395
RecoCaloMET: 463.675
RecoCaloMET_phi: -1.08744
Flag_allMETFilters: 0

      Run : 1 Lumi: 25 Event: 24197
HSCP type: 0
Ih: 7.9759
P: 1859.51
Pt: 1351
Eta: 0.842494
Phi: 1.60425
NbPixelHit_noL1: 3
NOM_noL1: 15
FracOfValidHit: 1
isHighPurityTrack: 1
miniRelIsoAll: 1
IsoSumPt_dr03: 0
dz: -0.00190063
dxy: -0.00104858
normChi2: 0
EoP: 0
Pterr: 218.379
Fpix: 0.997622
RecoPFMET: 127.592
RecoPFMET_phi: 1.56217
RecoCaloMET: 119.081
RecoCaloMET_phi: 1.6223
Flag_allMETFilters: 1

      Run : 1 Lumi: 25 Event: 24202
HSCP type: 0
Ih: 17.3706
P: 973.171
Pt: 941
Eta: 0.26075
Phi: -0.545622
NbPixelHit_noL1: 3
NOM_noL1: 16
FracOfValidHit: 1
isHighPurityTrack: 1
miniRelIsoAll: 1
IsoSumPt_dr03: 0
dz: -0.00199707
dxy: 0.000412598
normChi2: 0
EoP: 0.0160624
Pterr: 204.669
Fpix: 0.999969
RecoPFMET: 562.316
RecoPFMET_phi: -0.441862
RecoCaloMET: 555.741
RecoCaloMET_phi: -0.505052
Flag_allMETFilters: 1

      Run : 1 Lumi: 25 Event: 24198
HSCP type: 0
Ih: 7.40351
P: 1217.42
Pt: 1119
Eta: -0.416395
Phi: -2.51375
NbPixelHit_noL1: 3
NOM_noL1: 13
FracOfValidHit: 1
isHighPurityTrack: 1
miniRelIsoAll: 1
IsoSumPt_dr03: 0
dz: -0.0013501
dxy: -1.53828e-05
normChi2: 0
EoP: 0.0102619
Pterr: 536.022
Fpix: 0.998831
RecoPFMET: 72.4109
RecoPFMET_phi: 0.24101
RecoCaloMET: 99.832
RecoCaloMET_phi: 0.0464436
Flag_allMETFilters: 1

      Run : 1 Lumi: 25 Event: 24205
HSCP type: 0
Ih: 4.81753
P: 11592.5
Pt: 7664
Eta: -0.973601
Phi: -2.33679
NbPixelHit_noL1: 3
NOM_noL1: 14
FracOfValidHit: 1
isHighPurityTrack: 1
miniRelIsoAll: 1
IsoSumPt_dr03: 0
dz: 0.0053418
dxy: -0.00204102
normChi2: 0
EoP: 0.00154724
Pterr: 1072.12
Fpix: 0.953144
RecoPFMET: 7571.1
RecoPFMET_phi: 0.824759
RecoCaloMET: 7592.47
RecoCaloMET_phi: 0.825252
Flag_allMETFilters: 1

      Run : 1 Lumi: 25 Event: 24211
HSCP type: 1
Ih: 30.1454
P: 374.136
Pt: 364.5
Eta: -0.229438
Phi: 0.316123
NbPixelHit_noL1: 3
NOM_noL1: 14
FracOfValidHit: 1
isHighPurityTrack: 1
miniRelIsoAll: 0
IsoSumPt_dr03: 0
dz: 0.00349854
dxy: 0.00153076
normChi2: 0
EoP: 0
Pterr: 103.085
Fpix: 0.999998
RecoPFMET: 47.1346
RecoPFMET_phi: 0.490828
RecoCaloMET: 34.8986
RecoCaloMET_phi: -0.718426
Flag_allMETFilters: 1

      Run : 1 Lumi: 25 Event: 24213
HSCP type: 0
Ih: 5.17306
P: 2006.2
Pt: 1221
Eta: -1.08072
Phi: -0.730198
NbPixelHit_noL1: 3
NOM_noL1: 7
FracOfValidHit: 1
isHighPurityTrack: 1
miniRelIsoAll: 1
IsoSumPt_dr03: 0
dz: -0.000743408
dxy: 0.000758057
normChi2: 0
EoP: 0.0146075
Pterr: 845.904
Fpix: 0.916945
RecoPFMET: 1667.11
RecoPFMET_phi: 2.21946
RecoCaloMET: 1655.4
RecoCaloMET_phi: 2.24522
Flag_allMETFilters: 1

      Run : 1 Lumi: 25 Event: 24212
HSCP type: 0
Ih: 8.65836
P: 1465.41
Pt: 663
Eta: -1.43065
Phi: -1.85133
NbPixelHit_noL1: 4
NOM_noL1: 11
FracOfValidHit: 1
isHighPurityTrack: 1
miniRelIsoAll: 1
IsoSumPt_dr03: 0
dz: -0.00457764
dxy: 0.00175293
normChi2: 1
EoP: 0
Pterr: 338.678
Fpix: 1
RecoPFMET: 89.6267
RecoPFMET_phi: 1.57208
RecoCaloMET: 31.2943
RecoCaloMET_phi: 1.3843
Flag_allMETFilters: 1

      Run : 1 Lumi: 25 Event: 24216
HSCP type: 1
Ih: 28.9751
P: 443.632
Pt: 356.75
Eta: -0.684469
Phi: 2.73758
NbPixelHit_noL1: 2
NOM_noL1: 14
FracOfValidHit: 1
isHighPurityTrack: 1
miniRelIsoAll: 0
IsoSumPt_dr03: 0
dz: -0.00319824
dxy: -0.00133545
normChi2: 0
EoP: 0.0389705
Pterr: 60.5101
Fpix: 0.999994
RecoPFMET: 33.4228
RecoPFMET_phi: -2.46601
RecoCaloMET: 40.3609
RecoCaloMET_phi: -2.02193
Flag_allMETFilters: 1

      Run : 1 Lumi: 25 Event: 24218
HSCP type: 0
Ih: 15.7532
P: 886.166
Pt: 662.5
Eta: 0.800195
Phi: -1.75953
NbPixelHit_noL1: 3
NOM_noL1: 16
FracOfValidHit: 1
isHighPurityTrack: 1
miniRelIsoAll: 1
IsoSumPt_dr03: 0
dz: 0.000514221
dxy: 0.00056366
normChi2: 0
EoP: 0
Pterr: 162.014
Fpix: 0.999997
RecoPFMET: 12.2994
RecoPFMET_phi: 2.26418
RecoCaloMET: 8.91271
RecoCaloMET_phi: -1.27479
Flag_allMETFilters: 1

      Run : 1 Lumi: 25 Event: 24219
HSCP type: 0
Ih: 18.8364
P: 633.325
Pt: 582
Eta: -0.416944
Phi: 2.98642
NbPixelHit_noL1: 2
NOM_noL1: 16
FracOfValidHit: 1
isHighPurityTrack: 1
miniRelIsoAll: 1
IsoSumPt_dr03: 0
dz: 0.00411133
dxy: -0.000566711
normChi2: 0
EoP: 0
Pterr: 167.854
Fpix: 0.999969
RecoPFMET: 73.0673
RecoPFMET_phi: 2.3801
RecoCaloMET: 30.6015
RecoCaloMET_phi: -1.33724
Flag_allMETFilters: 1

      Run : 1 Lumi: 25 Event: 24222
HSCP type: 0
Ih: 8.81776
P: 1525.39
Pt: 331
Eta: -2.20905
Phi: 2.98837
NbPixelHit_noL1: 6
NOM_noL1: 20
FracOfValidHit: 1
isHighPurityTrack: 1
miniRelIsoAll: 1
IsoSumPt_dr03: 0
dz: 0.00187744
dxy: 0.000249786
normChi2: 0
EoP: 0
Pterr: 74.409
Fpix: 0.999986
RecoPFMET: 394.668
RecoPFMET_phi: -0.682406
RecoCaloMET: 346.094
RecoCaloMET_phi: -0.559572
Flag_allMETFilters: 1

      Run : 1 Lumi: 25 Event: 24217
HSCP type: 0
Ih: 7.18694
P: 2170.29
Pt: 1750
Eta: 0.679891
Phi: -1.14681
NbPixelHit_noL1: 4
NOM_noL1: 18
FracOfValidHit: 1
isHighPurityTrack: 1
miniRelIsoAll: 1
IsoSumPt_dr03: 0
dz: -0.00109253
dxy: 0.00111755
normChi2: 0
EoP: 0.00652955
Pterr: 240.667
Fpix: 0.998691
RecoPFMET: 501.864
RecoPFMET_phi: -1.10074
RecoCaloMET: 1769.73
RecoCaloMET_phi: 1.98991
Flag_allMETFilters: 1

      Run : 1 Lumi: 25 Event: 24206
HSCP type: 0
Ih: 16.5168
P: 679.141
Pt: 387
Eta: 1.16221
Phi: -1.61343
NbPixelHit_noL1: 3
NOM_noL1: 11
FracOfValidHit: 1
isHighPurityTrack: 1
miniRelIsoAll: 1
IsoSumPt_dr03: 0
dz: -0.00241211
dxy: 0.00333496
normChi2: 0
EoP: 0
Pterr: 48.0115
Fpix: 0.999995
RecoPFMET: 163.938
RecoPFMET_phi: 1.3267
RecoCaloMET: 186.061
RecoCaloMET_phi: 1.49879
Flag_allMETFilters: 1

      Run : 1 Lumi: 25 Event: 24226
HSCP type: 0
Ih: 6.07432
P: 2898.97
Pt: 2698
Eta: 0.383618
Phi: -0.840162
NbPixelHit_noL1: 2
NOM_noL1: 16
FracOfValidHit: 1
isHighPurityTrack: 1
miniRelIsoAll: 1
IsoSumPt_dr03: 0
dz: 0.000219116
dxy: -0.000517883
normChi2: 0
EoP: 0
Pterr: 440.002
Fpix: 0.921481
RecoPFMET: 1959.42
RecoPFMET_phi: -0.793899
RecoCaloMET: 1931.14
RecoCaloMET_phi: -0.788051
Flag_allMETFilters: 1

      Run : 1 Lumi: 25 Event: 24227
HSCP type: 0
Ih: 17.8678
P: 718.639
Pt: 711.5
Eta: -0.141545
Phi: -1.25766
NbPixelHit_noL1: 2
NOM_noL1: 15
FracOfValidHit: 1
isHighPurityTrack: 1
miniRelIsoAll: 1
IsoSumPt_dr03: 0
dz: -0.000592041
dxy: 0.000159607
normChi2: 0
EoP: 0
Pterr: 176.11
Fpix: 0.999966
RecoPFMET: 885.958
RecoPFMET_phi: 1.95563
RecoCaloMET: 193.457
RecoCaloMET_phi: 2.23643
Flag_allMETFilters: 1

      Run : 1 Lumi: 25 Event: 24238
HSCP type: 1
Ih: 9.54696
P: 1781.53
Pt: 1528
Eta: 0.568377
Phi: 0.444154
NbPixelHit_noL1: 2
NOM_noL1: 11
FracOfValidHit: 1
isHighPurityTrack: 1
miniRelIsoAll: 0
IsoSumPt_dr03: 0
dz: -0.00802734
dxy: 0.00164795
normChi2: 0
EoP: 0
Pterr: 1051.41
Fpix: 0.997765
RecoPFMET: 34.7229
RecoPFMET_phi: 0.305813
RecoCaloMET: 25.7025
RecoCaloMET_phi: 0.49096
Flag_allMETFilters: 1

      Run : 1 Lumi: 25 Event: 24231
HSCP type: 1
Ih: 6.8025
P: 1080.09
Pt: 1078
Eta: -0.0622578
Phi: -1.56938
NbPixelHit_noL1: 3
NOM_noL1: 14
FracOfValidHit: 1
isHighPurityTrack: 1
miniRelIsoAll: 0
IsoSumPt_dr03: 0
dz: -0.000485229
dxy: 0.00117615
normChi2: 0
EoP: 0.0138304
Pterr: 297.596
Fpix: 0.971044
RecoPFMET: 172.149
RecoPFMET_phi: -1.72901
RecoCaloMET: 154.217
RecoCaloMET_phi: -1.73817
Flag_allMETFilters: 1

      Run : 1 Lumi: 25 Event: 24232
HSCP type: 0
Ih: 9.04683
P: 1160.65
Pt: 203.875
Eta: 2.42457
Phi: -0.393664
NbPixelHit_noL1: 2
NOM_noL1: 14
FracOfValidHit: 1
isHighPurityTrack: 1
miniRelIsoAll: 1
IsoSumPt_dr03: 0
dz: 0.00373535
dxy: -0.00282471
normChi2: 1
EoP: 0
Pterr: 52.7582
Fpix: 0.997392
RecoPFMET: 70.3931
RecoPFMET_phi: 0.111508
RecoCaloMET: 351.546
RecoCaloMET_phi: 3.07617
Flag_allMETFilters: 0

      Run : 1 Lumi: 25 Event: 24234
HSCP type: 0
Ih: 14.1557
P: 1493.66
Pt: 708
Eta: -1.37809
Phi: 1.43706
NbPixelHit_noL1: 2
NOM_noL1: 15
FracOfValidHit: 1
isHighPurityTrack: 1
miniRelIsoAll: 1
IsoSumPt_dr03: 0
dz: 0.004375
dxy: -0.000455933
normChi2: 0
EoP: 0
Pterr: 37.3306
Fpix: 0.999641
RecoPFMET: 702.693
RecoPFMET_phi: -1.68675
RecoCaloMET: 708.922
RecoCaloMET_phi: -1.68405
Flag_allMETFilters: 1

      Run : 1 Lumi: 25 Event: 24240
HSCP type: 0
Ih: 8.53949
P: 1431.53
Pt: 419.75
Eta: -1.89776
Phi: 0.478042
NbPixelHit_noL1: 4
NOM_noL1: 14
FracOfValidHit: 1
isHighPurityTrack: 1
miniRelIsoAll: 1
IsoSumPt_dr03: 0
dz: 0.0035791
dxy: -0.000605469
normChi2: 0
EoP: 0
Pterr: 52.7183
Fpix: 0.99979
RecoPFMET: 461.121
RecoPFMET_phi: -2.68244
RecoCaloMET: 453.665
RecoCaloMET_phi: -2.68377
Flag_allMETFilters: 1

      Run : 1 Lumi: 25 Event: 24236
HSCP type: 0
Ih: 5.38257
P: 2730.36
Pt: 1002.5
Eta: -1.65954
Phi: -0.166021
NbPixelHit_noL1: 4
NOM_noL1: 21
FracOfValidHit: 1
isHighPurityTrack: 1
miniRelIsoAll: 1
IsoSumPt_dr03: 0
dz: -0.000289764
dxy: 0.000174103
normChi2: 0
EoP: 0
Pterr: 155.115
Fpix: 0.990677
RecoPFMET: 992.982
RecoPFMET_phi: 2.99459
RecoCaloMET: 1010.49
RecoCaloMET_phi: 2.99499
Flag_allMETFilters: 1

      Run : 1 Lumi: 25 Event: 24239
HSCP type: 0
Ih: 20.3416
P: 2780.93
Pt: 1738
Eta: 1.04703
Phi: -1.49292
NbPixelHit_noL1: 3
NOM_noL1: 10
FracOfValidHit: 1
isHighPurityTrack: 1
miniRelIsoAll: 1
IsoSumPt_dr03: 0
dz: 0.000188141
dxy: -0.000619812
normChi2: 0
EoP: 0
Pterr: 74.3827
Fpix: 1
RecoPFMET: 1650.17
RecoPFMET_phi: 1.6981
RecoCaloMET: 1665.63
RecoCaloMET_phi: 1.68694
Flag_allMETFilters: 1

      Run : 1 Lumi: 25 Event: 24247
HSCP type: 0
Ih: 4.2216
P: 2781.83
Pt: 1322
Eta: -1.37516
Phi: 1.92555
NbPixelHit_noL1: 3
NOM_noL1: 13
FracOfValidHit: 1
isHighPurityTrack: 1
miniRelIsoAll: 1
IsoSumPt_dr03: 0
dz: 0.00194458
dxy: -9.52911e-05
normChi2: 1
EoP: 0
Pterr: 202.071
Fpix: 0.835157
RecoPFMET: 1330.47
RecoPFMET_phi: -1.21742
RecoCaloMET: 1336.17
RecoCaloMET_phi: -1.22036
Flag_allMETFilters: 1

      Run : 1 Lumi: 25 Event: 24244
HSCP type: 0
Ih: 48.5821
P: 960.585
Pt: 472.5
Eta: -1.3358
Phi: 0.0989288
NbPixelHit_noL1: 0
NOM_noL1: 7
FracOfValidHit: 1
isHighPurityTrack: 1
miniRelIsoAll: 1
IsoSumPt_dr03: 0
dz: -0.0363086
dxy: -0.00528809
normChi2: 0
EoP: 0
Pterr: 487.92
Fpix: 1
RecoPFMET: 172.312
RecoPFMET_phi: 0.0164858
RecoCaloMET: 65.1706
RecoCaloMET_phi: 2.27536
Flag_allMETFilters: 1

      Run : 1 Lumi: 25 Event: 24253
HSCP type: 0
Ih: 6.97718
P: 1617.45
Pt: 1553
Eta: -0.287118
Phi: 0.279696
NbPixelHit_noL1: 4
NOM_noL1: 18
FracOfValidHit: 1
isHighPurityTrack: 1
miniRelIsoAll: 1
IsoSumPt_dr03: 0
dz: 0.000703735
dxy: -0.00135864
normChi2: 0
EoP: 0
Pterr: 392.04
Fpix: 0.980152
RecoPFMET: 1630.06
RecoPFMET_phi: -2.91312
RecoCaloMET: 59.9566
RecoCaloMET_phi: 3.04864
Flag_allMETFilters: 1

      Run : 1 Lumi: 25 Event: 24237
HSCP type: 0
Ih: 12.2815
P: 1179.82
Pt: 1091
Eta: -0.40083
Phi: 3.06982
NbPixelHit_noL1: 3
NOM_noL1: 16
FracOfValidHit: 1
isHighPurityTrack: 1
miniRelIsoAll: 1
IsoSumPt_dr03: 0
dz: -0.0012793
dxy: -0.000618591
normChi2: 0
EoP: 0
Pterr: 361.438
Fpix: 0.999791
RecoPFMET: 113.17
RecoPFMET_phi: -0.385396
RecoCaloMET: 220.503
RecoCaloMET_phi: -0.432015
Flag_allMETFilters: 1

      Run : 1 Lumi: 25 Event: 24246
HSCP type: 0
Ih: 10.1892
P: 1201.11
Pt: 670
Eta: -1.18802
Phi: 1.57378
NbPixelHit_noL1: 2
NOM_noL1: 12
FracOfValidHit: 1
isHighPurityTrack: 1
miniRelIsoAll: 1
IsoSumPt_dr03: 0
dz: 0.000256653
dxy: 0.000118561
normChi2: 0
EoP: 0
Pterr: 91.3678
Fpix: 0.99297
RecoPFMET: 885.169
RecoPFMET_phi: -1.49766
RecoCaloMET: 784.671
RecoCaloMET_phi: -1.53535
Flag_allMETFilters: 1

      Run : 1 Lumi: 25 Event: 24252
HSCP type: 0
Ih: 25.7868
P: 524.917
Pt: 520.5
Eta: -0.130192
Phi: 0.60539
NbPixelHit_noL1: 2
NOM_noL1: 14
FracOfValidHit: 1
isHighPurityTrack: 1
miniRelIsoAll: 1
IsoSumPt_dr03: 0
dz: -0.0118164
dxy: 0.00423584
normChi2: 0
EoP: 0
Pterr: 114.537
Fpix: 0.999772
RecoPFMET: 16.2131
RecoPFMET_phi: -1.36267
RecoCaloMET: 59.7509
RecoCaloMET_phi: -0.66619
Flag_allMETFilters: 1

      Run : 1 Lumi: 25 Event: 24254
HSCP type: 0
Ih: 8.81216
P: 1495.98
Pt: 1487
Eta: -0.109867
Phi: 1.48715
NbPixelHit_noL1: 3
NOM_noL1: 13
FracOfValidHit: 1
isHighPurityTrack: 1
miniRelIsoAll: 1
IsoSumPt_dr03: 0
dz: -0.000933838
dxy: 4.44031e-05
normChi2: 0
EoP: 0.0106352
Pterr: 259.816
Fpix: 0.989885
RecoPFMET: 114.1
RecoPFMET_phi: 1.77796
RecoCaloMET: 153.964
RecoCaloMET_phi: 1.83561
Flag_allMETFilters: 1

      Run : 1 Lumi: 25 Event: 24257
HSCP type: 0
Ih: 21.3328
P: 586.823
Pt: 585
Eta: -0.0789209
Phi: -2.95204
NbPixelHit_noL1: 3
NOM_noL1: 15
FracOfValidHit: 1
isHighPurityTrack: 1
miniRelIsoAll: 1
IsoSumPt_dr03: 0
dz: 0.00258057
dxy: -0.00125977
normChi2: 0
EoP: 0
Pterr: 152.485
Fpix: 0.999827
RecoPFMET: 595.247
RecoPFMET_phi: 0.19606
RecoCaloMET: 602.402
RecoCaloMET_phi: 0.151099
Flag_allMETFilters: 1

      Run : 1 Lumi: 25 Event: 24262
HSCP type: 0
Ih: 10.8105
P: 797.092
Pt: 278.75
Eta: 1.71172
Phi: 1.70757
NbPixelHit_noL1: 3
NOM_noL1: 13
FracOfValidHit: 1
isHighPurityTrack: 1
miniRelIsoAll: 1
IsoSumPt_dr03: 0
dz: 0.00410645
dxy: -0.000818481
normChi2: 0
EoP: 0
Pterr: 16.8676
Fpix: 0.999998
RecoPFMET: 355.724
RecoPFMET_phi: -1.39285
RecoCaloMET: 320.361
RecoCaloMET_phi: -1.40945
Flag_allMETFilters: 1

      Run : 1 Lumi: 25 Event: 24268
HSCP type: 0
Ih: 8.7608
P: 1303.57
Pt: 1075
Eta: -0.641072
Phi: -1.80523
NbPixelHit_noL1: 3
NOM_noL1: 15
FracOfValidHit: 1
isHighPurityTrack: 1
miniRelIsoAll: 1
IsoSumPt_dr03: 0
dz: 0.00322021
dxy: -0.00026535
normChi2: 0
EoP: 0
Pterr: 140.653
Fpix: 0.99982
RecoPFMET: 1042.9
RecoPFMET_phi: 1.29281
RecoCaloMET: 1050.58
RecoCaloMET_phi: 1.30448
Flag_allMETFilters: 1

      Run : 1 Lumi: 25 Event: 24272
HSCP type: 0
Ih: 8.30079
P: 1546.94
Pt: 1241
Eta: -0.688498
Phi: 1.45786
NbPixelHit_noL1: 3
NOM_noL1: 17
FracOfValidHit: 1
isHighPurityTrack: 1
miniRelIsoAll: 1
IsoSumPt_dr03: 0
dz: -0.00109558
dxy: -0.000153656
normChi2: 0
EoP: 0
Pterr: 275.256
Fpix: 0.994399
RecoPFMET: 1175.91
RecoPFMET_phi: -1.71957
RecoCaloMET: 1216.66
RecoCaloMET_phi: -1.71472
Flag_allMETFilters: 1

      Run : 1 Lumi: 25 Event: 24269
HSCP type: 0
Ih: 5.9736
P: 2396.43
Pt: 514
Eta: 2.22095
Phi: 0.372668
NbPixelHit_noL1: 5
NOM_noL1: 16
FracOfValidHit: 1
isHighPurityTrack: 1
miniRelIsoAll: 1
IsoSumPt_dr03: 0
dz: -0.00708496
dxy: 0.000228119
normChi2: 0
EoP: 0
Pterr: 120.108
Fpix: 0.999819
RecoPFMET: 287.176
RecoPFMET_phi: 2.75974
RecoCaloMET: 303.739
RecoCaloMET_phi: 3.09215
Flag_allMETFilters: 1

      Run : 1 Lumi: 25 Event: 24274
HSCP type: 1
Ih: 5.96378
P: 341.833
Pt: 110.062
Eta: -1.79943
Phi: 3.08086
NbPixelHit_noL1: 3
NOM_noL1: 8
FracOfValidHit: 1
isHighPurityTrack: 1
miniRelIsoAll: 0
IsoSumPt_dr03: 0
dz: -0.0122949
dxy: 0.00227783
normChi2: 0
EoP: 0
Pterr: 15.0679
Fpix: 0.999873
RecoPFMET: 142.346
RecoPFMET_phi: -0.382731
RecoCaloMET: 115.981
RecoCaloMET_phi: -0.362284
Flag_allMETFilters: 1

      Run : 1 Lumi: 25 Event: 24261
HSCP type: 0
Ih: 10.1856
P: 964.191
Pt: 948.5
Eta: 0.181646
Phi: 1.5019
NbPixelHit_noL1: 3
NOM_noL1: 15
FracOfValidHit: 1
isHighPurityTrack: 1
miniRelIsoAll: 1
IsoSumPt_dr03: 0
dz: -0.00102478
dxy: -0.000961304
normChi2: 0
EoP: 0
Pterr: 265.663
Fpix: 0.999965
RecoPFMET: 40.5957
RecoPFMET_phi: -1.51948
RecoCaloMET: 33.5467
RecoCaloMET_phi: -2.30579
Flag_allMETFilters: 1

      Run : 1 Lumi: 25 Event: 24271
HSCP type: 0
Ih: 4.10589
P: 3341.83
Pt: 1658
Eta: -1.32591
Phi: -0.976202
NbPixelHit_noL1: 3
NOM_noL1: 10
FracOfValidHit: 1
isHighPurityTrack: 1
miniRelIsoAll: 1
IsoSumPt_dr03: 14.4766
dz: -0.000202637
dxy: -0.000158234
normChi2: 1
EoP: 0
Pterr: 506.995
Fpix: 0.998421
RecoPFMET: 1680.95
RecoPFMET_phi: 2.1386
RecoCaloMET: 1639.02
RecoCaloMET_phi: 2.13937
Flag_allMETFilters: 1

      Run : 1 Lumi: 25 Event: 24273
HSCP type: 0
Ih: 13.7756
P: 892.536
Pt: 563
Eta: -1.03513
Phi: -3.01152
NbPixelHit_noL1: 2
NOM_noL1: 8
FracOfValidHit: 1
isHighPurityTrack: 1
miniRelIsoAll: 1
IsoSumPt_dr03: 0
dz: -0.00553711
dxy: 0.000130157
normChi2: 0
EoP: 0
Pterr: 245.92
Fpix: 0.999503
RecoPFMET: 538.396
RecoPFMET_phi: 0.14412
RecoCaloMET: 524.209
RecoCaloMET_phi: 0.110684
Flag_allMETFilters: 1

      Run : 1 Lumi: 25 Event: 24282
HSCP type: 0
Ih: 5.27085
P: 1970.68
Pt: 1305
Eta: -0.971404
Phi: 1.50493
NbPixelHit_noL1: 3
NOM_noL1: 16
FracOfValidHit: 1
isHighPurityTrack: 1
miniRelIsoAll: 1
IsoSumPt_dr03: 0
dz: 0.000367432
dxy: -0.000466309
normChi2: 0
EoP: 0.0105856
Pterr: 208.868
Fpix: 0.902791
RecoPFMET: 1319.88
RecoPFMET_phi: -1.59932
RecoCaloMET: 1329.34
RecoCaloMET_phi: -1.61434
Flag_allMETFilters: 1

      Run : 1 Lumi: 25 Event: 24280
HSCP type: 0
Ih: 5.05137
P: 1992.79
Pt: 1958
Eta: 0.188238
Phi: 2.30886
NbPixelHit_noL1: 2
NOM_noL1: 15
FracOfValidHit: 1
isHighPurityTrack: 1
miniRelIsoAll: 1
IsoSumPt_dr03: 0
dz: 0.00265381
dxy: 9.99451e-05
normChi2: 0
EoP: 0.00577033
Pterr: 460.562
Fpix: 0.611883
RecoPFMET: 1928.03
RecoPFMET_phi: -0.825676
RecoCaloMET: 1946.47
RecoCaloMET_phi: -0.834199
Flag_allMETFilters: 1

      Run : 1 Lumi: 25 Event: 24287
HSCP type: 0
Ih: 10.7589
P: 1620.65
Pt: 1130
Eta: 0.901089
Phi: 1.07074
NbPixelHit_noL1: 3
NOM_noL1: 14
FracOfValidHit: 1
isHighPurityTrack: 1
miniRelIsoAll: 1
IsoSumPt_dr03: 0
dz: 0.0029126
dxy: 0.000728149
normChi2: 0
EoP: 0.0125578
Pterr: 156.151
Fpix: 0.998173
RecoPFMET: 282.975
RecoPFMET_phi: -2.03518
RecoCaloMET: 1276.29
RecoCaloMET_phi: -2.00657
Flag_allMETFilters: 1

      Run : 1 Lumi: 25 Event: 24294
HSCP type: 0
Ih: 7.75431
P: 3768.28
Pt: 3478
Eta: 0.405774
Phi: 2.82997
NbPixelHit_noL1: 3
NOM_noL1: 15
FracOfValidHit: 1
isHighPurityTrack: 1
miniRelIsoAll: 1
IsoSumPt_dr03: 0
dz: -0.000337219
dxy: 0.000938721
normChi2: 0
EoP: 0.00351715
Pterr: 461.073
Fpix: 0.994172
RecoPFMET: 3511.38
RecoPFMET_phi: -0.328091
RecoCaloMET: 3495.57
RecoCaloMET_phi: -0.326288
Flag_allMETFilters: 1

      Run : 1 Lumi: 25 Event: 24277
HSCP type: 0
Ih: 14.3991
P: 2357.19
Pt: 2104
Eta: -0.485794
Phi: -0.392395
NbPixelHit_noL1: 3
NOM_noL1: 16
FracOfValidHit: 1
isHighPurityTrack: 1
miniRelIsoAll: 1
IsoSumPt_dr03: 0
dz: 0.00293213
dxy: 0.000129471
normChi2: 0
EoP: 0
Pterr: 238.899
Fpix: 0.999782
RecoPFMET: 1602.92
RecoPFMET_phi: 2.12992
RecoCaloMET: 1609.18
RecoCaloMET_phi: 2.17451
Flag_allMETFilters: 1

      Run : 1 Lumi: 25 Event: 24286
HSCP type: 0
Ih: 21.9839
P: 601.633
Pt: 444.25
Eta: -0.81869
Phi: 1.51548
NbPixelHit_noL1: 3
NOM_noL1: 17
FracOfValidHit: 1
isHighPurityTrack: 1
miniRelIsoAll: 1
IsoSumPt_dr03: 0
dz: 0.00254395
dxy: -0.000482483
normChi2: 0
EoP: 0
Pterr: 52.9241
Fpix: 1
RecoPFMET: 458.605
RecoPFMET_phi: -1.7239
RecoCaloMET: 456.263
RecoCaloMET_phi: -1.71281
Flag_allMETFilters: 1

      Run : 1 Lumi: 25 Event: 24284
HSCP type: 0
Ih: 11.7862
P: 1040.45
Pt: 449.5
Eta: 1.4821
Phi: 2.73045
NbPixelHit_noL1: 2
NOM_noL1: 18
FracOfValidHit: 0.904762
isHighPurityTrack: 1
miniRelIsoAll: 1
IsoSumPt_dr03: 0
dz: 0.0261914
dxy: -0.0025293
normChi2: 0
EoP: 0
Pterr: 70.2663
Fpix: 0.96103
RecoPFMET: 63.0933
RecoPFMET_phi: -2.54215
RecoCaloMET: 179.453
RecoCaloMET_phi: -2.30395
Flag_allMETFilters: 1

      Run : 1 Lumi: 25 Event: 24293
HSCP type: 0
Ih: 8.12101
P: 1877.71
Pt: 1482
Eta: 0.715415
Phi: 0.438099
NbPixelHit_noL1: 1
NOM_noL1: 14
FracOfValidHit: 1
isHighPurityTrack: 1
miniRelIsoAll: 1
IsoSumPt_dr03: 0
dz: -0.000270844
dxy: -0.00106445
normChi2: 0
EoP: 0.00628357
Pterr: 275.537
Fpix: 1
RecoPFMET: 1483.22
RecoPFMET_phi: -2.70704
RecoCaloMET: 1504.52
RecoCaloMET_phi: -2.75101
Flag_allMETFilters: 1

      Run : 1 Lumi: 25 Event: 24290
HSCP type: 0
Ih: 18.2329
P: 746.907
Pt: 549
Eta: 0.825465
Phi: -3.01171
NbPixelHit_noL1: 3
NOM_noL1: 15
FracOfValidHit: 1
isHighPurityTrack: 1
miniRelIsoAll: 1
IsoSumPt_dr03: 0
dz: -0.00451416
dxy: -0.000935669
normChi2: 0
EoP: 0
Pterr: 96.7018
Fpix: 0.999916
RecoPFMET: 610.743
RecoPFMET_phi: 0.0749881
RecoCaloMET: 579.455
RecoCaloMET_phi: 0.0288123
Flag_allMETFilters: 1

      Run : 1 Lumi: 25 Event: 24283
HSCP type: 0
Ih: 7.24833
P: 1045.81
Pt: 1020
Eta: 0.224494
Phi: -2.39333
NbPixelHit_noL1: 2
NOM_noL1: 14
FracOfValidHit: 1
isHighPurityTrack: 1
miniRelIsoAll: 1
IsoSumPt_dr03: 0
dz: -0.00564941
dxy: 0.00137939
normChi2: 0
EoP: 0
Pterr: 305.54
Fpix: 0.992613
RecoPFMET: 1147.07
RecoPFMET_phi: 0.864144
RecoCaloMET: 1162.51
RecoCaloMET_phi: 0.846305
Flag_allMETFilters: 1

      Run : 1 Lumi: 25 Event: 24291
HSCP type: 0
Ih: 7.06824
P: 1974.1
Pt: 792.5
Eta: -1.56285
Phi: -0.495914
NbPixelHit_noL1: 3
NOM_noL1: 20
FracOfValidHit: 1
isHighPurityTrack: 1
miniRelIsoAll: 1
IsoSumPt_dr03: 0
dz: -0.00287109
dxy: -0.00324219
normChi2: 0
EoP: 0
Pterr: 43.6411
Fpix: 0.99802
RecoPFMET: 286.737
RecoPFMET_phi: 2.48096
RecoCaloMET: 1093.02
RecoCaloMET_phi: 2.37914
Flag_allMETFilters: 1

      Run : 1 Lumi: 25 Event: 24281
HSCP type: 0
Ih: 5.23306
P: 3568.25
Pt: 3256
Eta: 0.434523
Phi: -2.9538
NbPixelHit_noL1: 3
NOM_noL1: 16
FracOfValidHit: 1
isHighPurityTrack: 1
miniRelIsoAll: 1
IsoSumPt_dr03: 0
dz: -0.00248535
dxy: -0.00121765
normChi2: 0
EoP: 0
Pterr: 531.437
Fpix: 0.988625
RecoPFMET: 3240.77
RecoPFMET_phi: 0.190596
RecoCaloMET: 3257.93
RecoCaloMET_phi: 0.194974
Flag_allMETFilters: 1

      Run : 1 Lumi: 25 Event: 24300
HSCP type: 0
Ih: 11.4436
P: 850.458
Pt: 806.5
Eta: -0.328684
Phi: -0.983331
NbPixelHit_noL1: 1
NOM_noL1: 15
FracOfValidHit: 1
isHighPurityTrack: 1
miniRelIsoAll: 1
IsoSumPt_dr03: 0
dz: 0.00127197
dxy: 0.000793457
normChi2: 0
EoP: 0
Pterr: 234.326
Fpix: 0.988967
RecoPFMET: 747.999
RecoPFMET_phi: 2.16134
RecoCaloMET: 746.635
RecoCaloMET_phi: 2.15106
Flag_allMETFilters: 1

      Run : 1 Lumi: 25 Event: 24295
HSCP type: 0
Ih: 9.0097
P: 2466.21
Pt: 2000
Eta: -0.670186
Phi: 3.09541
NbPixelHit_noL1: 3
NOM_noL1: 14
FracOfValidHit: 1
isHighPurityTrack: 1
miniRelIsoAll: 1
IsoSumPt_dr03: 0
dz: 0.000778809
dxy: 0.000498352
normChi2: 0
EoP: 0.00932584
Pterr: 126.982
Fpix: 0.999843
RecoPFMET: 406.768
RecoPFMET_phi: -0.115555
RecoCaloMET: 431.405
RecoCaloMET_phi: -0.171156
Flag_allMETFilters: 1

      Run : 1 Lumi: 25 Event: 24297
HSCP type: 0
Ih: 4.22586
P: 3228.47
Pt: 1331
Eta: 1.53374
Phi: 2.16413
NbPixelHit_noL1: 2
NOM_noL1: 18
FracOfValidHit: 1
isHighPurityTrack: 1
miniRelIsoAll: 1
IsoSumPt_dr03: 0
dz: 0.00417725
dxy: -0.000440674
normChi2: 1
EoP: 0
Pterr: 861.547
Fpix: 0.932156
RecoPFMET: 376.41
RecoPFMET_phi: -0.950576
RecoCaloMET: 1383.75
RecoCaloMET_phi: -0.908622
Flag_allMETFilters: 1

      Run : 1 Lumi: 25 Event: 24299
HSCP type: 0
Ih: 10.8186
P: 938.166
Pt: 202.125
Eta: -2.21638
Phi: 0.0220709
NbPixelHit_noL1: 5
NOM_noL1: 15
FracOfValidHit: 1
isHighPurityTrack: 1
miniRelIsoAll: 1
IsoSumPt_dr03: 0
dz: -0.00527344
dxy: -0.000255432
normChi2: 0
EoP: 0
Pterr: 47.7261
Fpix: 0.999753
RecoPFMET: 311.383
RecoPFMET_phi: 2.64821
RecoCaloMET: 309.213
RecoCaloMET_phi: 2.81471
Flag_allMETFilters: 1

      Run : 1 Lumi: 25 Event: 24304
HSCP type: 0
Ih: 20.5055
P: 901.096
Pt: 829.5
Eta: -0.412549
Phi: -0.860476
NbPixelHit_noL1: 4
NOM_noL1: 15
FracOfValidHit: 1
isHighPurityTrack: 1
miniRelIsoAll: 1
IsoSumPt_dr03: 0
dz: 0.000267944
dxy: 8.78906e-05
normChi2: 0
EoP: 0
Pterr: 121.908
Fpix: 0.999998
RecoPFMET: 367.044
RecoPFMET_phi: 2.99551
RecoCaloMET: 411.666
RecoCaloMET_phi: 2.80991
Flag_allMETFilters: 1

      Run : 1 Lumi: 25 Event: 24310
HSCP type: 0
Ih: 19.0768
P: 654.499
Pt: 636
Eta: -0.240608
Phi: 1.61226
NbPixelHit_noL1: 3
NOM_noL1: 16
FracOfValidHit: 1
isHighPurityTrack: 1
miniRelIsoAll: 1
IsoSumPt_dr03: 0
dz: 0.00616699
dxy: 0.000597839
normChi2: 0
EoP: 0.0163691
Pterr: 147.515
Fpix: 0.999987
RecoPFMET: 556.078
RecoPFMET_phi: -1.52777
RecoCaloMET: 589.013
RecoCaloMET_phi: -1.56438
Flag_allMETFilters: 1

      Run : 1 Lumi: 25 Event: 24309
HSCP type: 0
Ih: 6.76003
P: 1631.39
Pt: 813
Eta: -1.32078
Phi: 2.61863
NbPixelHit_noL1: 2
NOM_noL1: 9
FracOfValidHit: 0.916667
isHighPurityTrack: 1
miniRelIsoAll: 1
IsoSumPt_dr03: 0
dz: -0.000932007
dxy: -0.00163086
normChi2: 0
EoP: 0
Pterr: 169.465
Fpix: 0.995925
RecoPFMET: 625.005
RecoPFMET_phi: -1.0153
RecoCaloMET: 630.414
RecoCaloMET_phi: -0.949762
Flag_allMETFilters: 1

      Run : 1 Lumi: 25 Event: 24311
HSCP type: 0
Ih: 66.7566
P: 833.811
Pt: 528.5
Eta: 1.0289
Phi: -2.48533
NbPixelHit_noL1: 3
NOM_noL1: 5
FracOfValidHit: 1
isHighPurityTrack: 1
miniRelIsoAll: 1
IsoSumPt_dr03: 0
dz: -0.00614746
dxy: -0.00165771
normChi2: 0
EoP: 0.0210855
Pterr: 50.3133
Fpix: 0.999903
RecoPFMET: 42.8067
RecoPFMET_phi: 0.207028
RecoCaloMET: 45.6942
RecoCaloMET_phi: -0.359146
Flag_allMETFilters: 0

      Run : 1 Lumi: 25 Event: 24313
HSCP type: 0
Ih: 6.86632
P: 1680.67
Pt: 1437
Eta: -0.574419
Phi: -2.47097
NbPixelHit_noL1: 3
NOM_noL1: 14
FracOfValidHit: 1
isHighPurityTrack: 1
miniRelIsoAll: 1
IsoSumPt_dr03: 0
dz: -0.000637207
dxy: 5.28717e-05
normChi2: 0
EoP: 0.0118388
Pterr: 475.366
Fpix: 0.991007
RecoPFMET: 132.015
RecoPFMET_phi: 0.585311
RecoCaloMET: 201.62
RecoCaloMET_phi: 0.637072
Flag_allMETFilters: 1

      Run : 1 Lumi: 25 Event: 24289
HSCP type: 0
Ih: 6.15651
P: 17574.3
Pt: 15960
Eta: 0.446059
Phi: 2.96513
NbPixelHit_noL1: 3
NOM_noL1: 16
FracOfValidHit: 1
isHighPurityTrack: 1
miniRelIsoAll: 1
IsoSumPt_dr03: 0
dz: -0.275066
dxy: -0.00296979
normChi2: 0
EoP: 0.000774054
Pterr: 1083.14
Fpix: 0.972951
RecoPFMET: 15952
RecoPFMET_phi: -0.175188
RecoCaloMET: 15965.6
RecoCaloMET_phi: -0.175445
Flag_allMETFilters: 1

      Run : 1 Lumi: 25 Event: 24320
HSCP type: 0
Ih: 31.3448
P: 547.964
Pt: 330.5
Eta: 1.09207
Phi: 0.333897
NbPixelHit_noL1: 3
NOM_noL1: 6
FracOfValidHit: 1
isHighPurityTrack: 1
miniRelIsoAll: 1
IsoSumPt_dr03: 0
dz: -0.0108398
dxy: 0.00313721
normChi2: 0
EoP: 0
Pterr: 114.796
Fpix: 1
RecoPFMET: 338.39
RecoPFMET_phi: -2.82547
RecoCaloMET: 350.263
RecoCaloMET_phi: -2.90283
Flag_allMETFilters: 1

      Run : 1 Lumi: 25 Event: 24316
HSCP type: 0
Ih: 9.61845
P: 4974.13
Pt: 3682
Eta: -0.815027
Phi: -1.03265
NbPixelHit_noL1: 3
NOM_noL1: 13
FracOfValidHit: 1
isHighPurityTrack: 1
miniRelIsoAll: 1
IsoSumPt_dr03: 0
dz: -0.00212646
dxy: 0.00158081
normChi2: 0
EoP: 0
Pterr: 152.559
Fpix: 0.999595
RecoPFMET: 3400.91
RecoPFMET_phi: 2.11322
RecoCaloMET: 3665.27
RecoCaloMET_phi: 2.10673
Flag_allMETFilters: 1

      Run : 1 Lumi: 25 Event: 24325
HSCP type: 0
Ih: 9.81238
P: 1722.03
Pt: 772
Eta: 1.4409
Phi: 0.354308
NbPixelHit_noL1: 3
NOM_noL1: 18
FracOfValidHit: 1
isHighPurityTrack: 1
miniRelIsoAll: 1
IsoSumPt_dr03: 0
dz: -0.0026416
dxy: -0.000183411
normChi2: 0
EoP: 0.0528365
Pterr: 92.7353
Fpix: 0.999578
RecoPFMET: 653.94
RecoPFMET_phi: -2.98507
RecoCaloMET: 669.001
RecoCaloMET_phi: -2.96465
Flag_allMETFilters: 1

      Run : 1 Lumi: 25 Event: 24327
HSCP type: 0
Ih: 22.2704
P: 775.708
Pt: 764.5
Eta: -0.171026
Phi: 0.288095
NbPixelHit_noL1: 3
NOM_noL1: 16
FracOfValidHit: 0.952381
isHighPurityTrack: 1
miniRelIsoAll: 1
IsoSumPt_dr03: 0
dz: 0.00537109
dxy: -0.00213257
normChi2: 0
EoP: 0
Pterr: 122.579
Fpix: 1
RecoPFMET: 706.464
RecoPFMET_phi: -2.78251
RecoCaloMET: 721.695
RecoCaloMET_phi: -2.81439
Flag_allMETFilters: 1

      Run : 1 Lumi: 25 Event: 24323
HSCP type: 0
Ih: 18.5288
P: 628.551
Pt: 591.5
Eta: -0.352123
Phi: 0.92454
NbPixelHit_noL1: 3
NOM_noL1: 15
FracOfValidHit: 1
isHighPurityTrack: 1
miniRelIsoAll: 1
IsoSumPt_dr03: 0
dz: 0.00140137
dxy: 0.000900269
normChi2: 0
EoP: 0.0207827
Pterr: 145.267
Fpix: 0.998921
RecoPFMET: 67.6622
RecoPFMET_phi: -1.90733
RecoCaloMET: 66.5191
RecoCaloMET_phi: -1.66807
Flag_allMETFilters: 1

      Run : 1 Lumi: 25 Event: 24331
HSCP type: 0
Ih: 4.93203
P: 2582.18
Pt: 957.5
Eta: -1.64892
Phi: -1.59536
NbPixelHit_noL1: 3
NOM_noL1: 20
FracOfValidHit: 1
isHighPurityTrack: 1
miniRelIsoAll: 1
IsoSumPt_dr03: 0
dz: 0.00229614
dxy: 0.00121399
normChi2: 0
EoP: 0
Pterr: 164.43
Fpix: 0.992069
RecoPFMET: 604.721
RecoPFMET_phi: 1.48807
RecoCaloMET: 635.102
RecoCaloMET_phi: 1.54043
Flag_allMETFilters: 1

      Run : 1 Lumi: 25 Event: 24328
HSCP type: 0
Ih: 24.3093
P: 510.317
Pt: 497.5
Eta: 0.226508
Phi: 0.294736
NbPixelHit_noL1: 3
NOM_noL1: 16
FracOfValidHit: 1
isHighPurityTrack: 1
miniRelIsoAll: 1
IsoSumPt_dr03: 0
dz: 0.00230225
dxy: -0.00102783
normChi2: 0
EoP: 0
Pterr: 131.462
Fpix: 1
RecoPFMET: 165.14
RecoPFMET_phi: 0.438989
RecoCaloMET: 213.003
RecoCaloMET_phi: 0.481406
Flag_allMETFilters: 1

      Run : 1 Lumi: 25 Event: 24329
HSCP type: 0
Ih: 7.28211
P: 2394.75
Pt: 2360
Eta: 0.171392
Phi: 2.61336
NbPixelHit_noL1: 3
NOM_noL1: 15
FracOfValidHit: 1
isHighPurityTrack: 1
miniRelIsoAll: 1
IsoSumPt_dr03: 0
dz: 0.00217163
dxy: -0.00135132
normChi2: 0
EoP: 0
Pterr: 1555.42
Fpix: 0.990848
RecoPFMET: 970.283
RecoPFMET_phi: -0.526097
RecoCaloMET: 964.79
RecoCaloMET_phi: -0.539172
Flag_allMETFilters: 1

      Run : 1 Lumi: 25 Event: 24333
HSCP type: 0
Ih: 68.3034
P: 555.887
Pt: 530
Eta: -0.311289
Phi: -1.35444
NbPixelHit_noL1: 2
NOM_noL1: 6
FracOfValidHit: 1
isHighPurityTrack: 1
miniRelIsoAll: 1
IsoSumPt_dr03: 0
dz: -0.00101685
dxy: 0.00613281
normChi2: 0
EoP: 0.0430557
Pterr: 98.702
Fpix: 0.999912
RecoPFMET: 1059.78
RecoPFMET_phi: -1.41222
RecoCaloMET: 528.752
RecoCaloMET_phi: 1.82682
Flag_allMETFilters: 1

      Run : 1 Lumi: 25 Event: 24332
HSCP type: 0
Ih: 10.881
P: 1061.22
Pt: 384.5
Eta: -1.67382
Phi: -0.836451
NbPixelHit_noL1: 5
NOM_noL1: 18
FracOfValidHit: 1
isHighPurityTrack: 1
miniRelIsoAll: 1
IsoSumPt_dr03: 0
dz: -0.0136816
dxy: -0.00145508
normChi2: 1
EoP: 0.0504647
Pterr: 21.259
Fpix: 1
RecoPFMET: 497.142
RecoPFMET_phi: 2.80704
RecoCaloMET: 460.678
RecoCaloMET_phi: 2.79033
Flag_allMETFilters: 1

      Run : 1 Lumi: 25 Event: 24342
HSCP type: 0
Ih: 6.264
P: 1376.97
Pt: 1076
Eta: 0.731529
Phi: -2.05377
NbPixelHit_noL1: 3
NOM_noL1: 18
FracOfValidHit: 1
isHighPurityTrack: 1
miniRelIsoAll: 1
IsoSumPt_dr03: 0
dz: -0.000104675
dxy: 0.000769043
normChi2: 0
EoP: 0
Pterr: 147.43
Fpix: 0.993375
RecoPFMET: 1078.36
RecoPFMET_phi: 1.15194
RecoCaloMET: 1056.63
RecoCaloMET_phi: 1.12184
Flag_allMETFilters: 1

      Run : 1 Lumi: 25 Event: 24324
HSCP type: 0
Ih: 23.4835
P: 1240.75
Pt: 1094
Eta: 0.512345
Phi: -2.87479
NbPixelHit_noL1: 3
NOM_noL1: 15
FracOfValidHit: 1
isHighPurityTrack: 1
miniRelIsoAll: 1
IsoSumPt_dr03: 0
dz: 0.000288544
dxy: -0.000427856
normChi2: 0
EoP: 0.0561504
Pterr: 335.386
Fpix: 0.999999
RecoPFMET: 2524
RecoPFMET_phi: -0.21102
RecoCaloMET: 2386.24
RecoCaloMET_phi: -0.191177
Flag_allMETFilters: 0

      Run : 1 Lumi: 25 Event: 24336
HSCP type: 0
Ih: 8.97537
P: 1473.75
Pt: 1094
Eta: 0.810816
Phi: 0.126957
NbPixelHit_noL1: 2
NOM_noL1: 11
FracOfValidHit: 1
isHighPurityTrack: 1
miniRelIsoAll: 1
IsoSumPt_dr03: 0
dz: 0.00525391
dxy: -0.00064148
normChi2: 0
EoP: 0.0110708
Pterr: 302.94
Fpix: 0.999732
RecoPFMET: 79.4621
RecoPFMET_phi: 2.67269
RecoCaloMET: 85.18
RecoCaloMET_phi: 2.78061
Flag_allMETFilters: 1

      Run : 1 Lumi: 25 Event: 24338
HSCP type: 0
Ih: 6.14248
P: 1611.99
Pt: 1232
Eta: -0.766503
Phi: -0.251766
NbPixelHit_noL1: 3
NOM_noL1: 16
FracOfValidHit: 1
isHighPurityTrack: 1
miniRelIsoAll: 1
IsoSumPt_dr03: 0
dz: 2.92206e-05
dxy: 4.39835e-05
normChi2: 0
EoP: 0
Pterr: 164.033
Fpix: 0.965304
RecoPFMET: 377.103
RecoPFMET_phi: -3.11498
RecoCaloMET: 1675.31
RecoCaloMET_phi: 3.04176
Flag_allMETFilters: 1

      Run : 1 Lumi: 25 Event: 24339
HSCP type: 0
Ih: 8.04886
P: 1599.19
Pt: 1571
Eta: 0.189154
Phi: 0.355675
NbPixelHit_noL1: 3
NOM_noL1: 15
FracOfValidHit: 1
isHighPurityTrack: 1
miniRelIsoAll: 1
IsoSumPt_dr03: 0
dz: 0.00155518
dxy: -0.00032135
normChi2: 0
EoP: 0
Pterr: 682.523
Fpix: 0.99964
RecoPFMET: 190.916
RecoPFMET_phi: -2.82413
RecoCaloMET: 157.927
RecoCaloMET_phi: -3.02616
Flag_allMETFilters: 1

      Run : 1 Lumi: 25 Event: 24345
HSCP type: 0
Ih: 16.2255
P: 781.537
Pt: 583
Eta: 0.803491
Phi: 0.119535
NbPixelHit_noL1: 3
NOM_noL1: 14
FracOfValidHit: 1
isHighPurityTrack: 1
miniRelIsoAll: 1
IsoSumPt_dr03: 0
dz: 0.00400635
dxy: -0.00132568
normChi2: 0
EoP: 0
Pterr: 161.91
Fpix: 0.999696
RecoPFMET: 75.2605
RecoPFMET_phi: -2.77289
RecoCaloMET: 33.8946
RecoCaloMET_phi: 2.61831
Flag_allMETFilters: 1

      Run : 1 Lumi: 25 Event: 24343
HSCP type: 0
Ih: 10.566
P: 1517.23
Pt: 1473
Eta: 0.244453
Phi: -0.148442
NbPixelHit_noL1: 4
NOM_noL1: 14
FracOfValidHit: 1
isHighPurityTrack: 1
miniRelIsoAll: 1
IsoSumPt_dr03: 0
dz: -0.00369385
dxy: 0.00342529
normChi2: 0
EoP: 0.011128
Pterr: 216.846
Fpix: 0.999564
RecoPFMET: 1463.65
RecoPFMET_phi: 2.95746
RecoCaloMET: 1497.21
RecoCaloMET_phi: 2.9728
Flag_allMETFilters: 1

      Run : 1 Lumi: 25 Event: 24344
HSCP type: 0
Ih: 8.04618
P: 2372.93
Pt: 1942
Eta: -0.654439
Phi: 0.404309
NbPixelHit_noL1: 3
NOM_noL1: 14
FracOfValidHit: 1
isHighPurityTrack: 1
miniRelIsoAll: 1
IsoSumPt_dr03: 0
dz: 0.00299805
dxy: 0.000654297
normChi2: 0
EoP: 0
Pterr: 304.718
Fpix: 0.999846
RecoPFMET: 552.411
RecoPFMET_phi: 0.31943
RecoCaloMET: 1996.54
RecoCaloMET_phi: -2.7608
Flag_allMETFilters: 1

      Run : 1 Lumi: 25 Event: 24346
HSCP type: 0
Ih: 11.6485
P: 1207.02
Pt: 577.5
Eta: -1.36747
Phi: -1.64683
NbPixelHit_noL1: 3
NOM_noL1: 13
FracOfValidHit: 1
isHighPurityTrack: 1
miniRelIsoAll: 1
IsoSumPt_dr03: 0
dz: -0.00311523
dxy: -0.000825806
normChi2: 0
EoP: 0
Pterr: 50.1189
Fpix: 1
RecoPFMET: 235.847
RecoPFMET_phi: 1.00112
RecoCaloMET: 313.64
RecoCaloMET_phi: 1.31951
Flag_allMETFilters: 1

      Run : 1 Lumi: 25 Event: 24350
HSCP type: 0
Ih: 5.56856
P: 1866.78
Pt: 839.5
Eta: 1.43742
Phi: 2.78983
NbPixelHit_noL1: 2
NOM_noL1: 10
FracOfValidHit: 1
isHighPurityTrack: 1
miniRelIsoAll: 1
IsoSumPt_dr03: 0
dz: 0.00211792
dxy: -4.35638e-05
normChi2: 0
EoP: 0
Pterr: 98.7825
Fpix: 1
RecoPFMET: 851.401
RecoPFMET_phi: -0.40913
RecoCaloMET: 849.744
RecoCaloMET_phi: -0.360288
Flag_allMETFilters: 1

      Run : 1 Lumi: 25 Event: 24352
HSCP type: 0
Ih: 8.51706
P: 7080.66
Pt: 6900
Eta: 0.228339
Phi: -1.61655
NbPixelHit_noL1: 2
NOM_noL1: 17
FracOfValidHit: 1
isHighPurityTrack: 1
miniRelIsoAll: 1
IsoSumPt_dr03: 0
dz: 0.00129272
dxy: -0.00393066
normChi2: 0
EoP: 0
Pterr: 150.539
Fpix: 0.982562
RecoPFMET: 5012.96
RecoPFMET_phi: 1.52151
RecoCaloMET: 5128.71
RecoCaloMET_phi: 1.5279
Flag_allMETFilters: 0

      Run : 1 Lumi: 25 Event: 24330
HSCP type: 0
Ih: 15.0284
P: 646.982
Pt: 314
Eta: -1.35118
Phi: -1.09984
NbPixelHit_noL1: 3
NOM_noL1: 11
FracOfValidHit: 1
isHighPurityTrack: 1
miniRelIsoAll: 1
IsoSumPt_dr03: 0
dz: 0.00547363
dxy: 0.000999146
normChi2: 0
EoP: 0
Pterr: 56.2551
Fpix: 0.999996
RecoPFMET: 196.096
RecoPFMET_phi: -1.2083
RecoCaloMET: 219.02
RecoCaloMET_phi: -1.20175
Flag_allMETFilters: 1

      Run : 1 Lumi: 25 Event: 24348
HSCP type: 0
Ih: 26.1732
P: 865.848
Pt: 828
Eta: -0.301218
Phi: -2.81444
NbPixelHit_noL1: 3
NOM_noL1: 17
FracOfValidHit: 1
isHighPurityTrack: 1
miniRelIsoAll: 1
IsoSumPt_dr03: 0
dz: -0.00269775
dxy: -0.000836792
normChi2: 0
EoP: 0
Pterr: 139.328
Fpix: 0.999994
RecoPFMET: 791.096
RecoPFMET_phi: 0.348813
RecoCaloMET: 794.672
RecoCaloMET_phi: 0.345627
Flag_allMETFilters: 1

      Run : 1 Lumi: 25 Event: 24354
HSCP type: 0
Ih: 15.017
P: 873.813
Pt: 487.5
Eta: 1.18784
Phi: -0.202741
NbPixelHit_noL1: 2
NOM_noL1: 12
FracOfValidHit: 1
isHighPurityTrack: 1
miniRelIsoAll: 1
IsoSumPt_dr03: 0
dz: -0.00453125
dxy: -0.000458679
normChi2: 0
EoP: 0
Pterr: 61.7083
Fpix: 0.997014
RecoPFMET: 495.014
RecoPFMET_phi: 2.94855
RecoCaloMET: 509.615
RecoCaloMET_phi: 2.94016
Flag_allMETFilters: 1

      Run : 1 Lumi: 25 Event: 24341
HSCP type: 0
Ih: 9.81333
P: 1885.66
Pt: 1875
Eta: -0.106571
Phi: 3.03388
NbPixelHit_noL1: 3
NOM_noL1: 11
FracOfValidHit: 1
isHighPurityTrack: 1
miniRelIsoAll: 1
IsoSumPt_dr03: 0
dz: 0.000658569
dxy: 5.01633e-05
normChi2: 1
EoP: 0.00587265
Pterr: 457.865
Fpix: 0.994858
RecoPFMET: 2211.02
RecoPFMET_phi: -0.202805
RecoCaloMET: 2159.08
RecoCaloMET_phi: -0.183025
Flag_allMETFilters: 1

      Run : 1 Lumi: 25 Event: 24353
HSCP type: 0
Ih: 8.76128
P: 1463.09
Pt: 1097
Eta: 0.795801
Phi: -2.4824
NbPixelHit_noL1: 3
NOM_noL1: 17
FracOfValidHit: 1
isHighPurityTrack: 1
miniRelIsoAll: 1
IsoSumPt_dr03: 0
dz: 0.0111816
dxy: -0.00273682
normChi2: 0
EoP: 0.0111401
Pterr: 200.424
Fpix: 0.995221
RecoPFMET: 1097.03
RecoPFMET_phi: 0.66126
RecoCaloMET: 1091.45
RecoCaloMET_phi: 0.667085
Flag_allMETFilters: 1

      Run : 1 Lumi: 25 Event: 24349
HSCP type: 0
Ih: 7.57064
P: 1551.29
Pt: 310.5
Eta: 2.29163
Phi: 2.99609
NbPixelHit_noL1: 6
NOM_noL1: 20
FracOfValidHit: 1
isHighPurityTrack: 1
miniRelIsoAll: 1
IsoSumPt_dr03: 0
dz: 0.00687012
dxy: -0.00098999
normChi2: 0
EoP: 0.0534396
Pterr: 53.3995
Fpix: 0.999992
RecoPFMET: 123.339
RecoPFMET_phi: -2.51412
RecoCaloMET: 106.438
RecoCaloMET_phi: -2.42243
Flag_allMETFilters: 1

      Run : 1 Lumi: 25 Event: 24351
HSCP type: 0
Ih: 5.99121
P: 1501.04
Pt: 834
Eta: 1.19279
Phi: 1.5685
NbPixelHit_noL1: 3
NOM_noL1: 12
FracOfValidHit: 1
isHighPurityTrack: 1
miniRelIsoAll: 1
IsoSumPt_dr03: 0
dz: -0.00263672
dxy: -0.00143799
normChi2: 2
EoP: 0
Pterr: 101.352
Fpix: 0.999409
RecoPFMET: 543.185
RecoPFMET_phi: -1.43644
RecoCaloMET: 618.315
RecoCaloMET_phi: -1.51318
Flag_allMETFilters: 1

      Run : 1 Lumi: 25 Event: 24362
HSCP type: 0
Ih: 14.7806
P: 737.478
Pt: 532.5
Eta: -0.851466
Phi: 0.231941
NbPixelHit_noL1: 3
NOM_noL1: 17
FracOfValidHit: 1
isHighPurityTrack: 1
miniRelIsoAll: 1
IsoSumPt_dr03: 0
dz: -0.000534668
dxy: 0.0011853
normChi2: 0
EoP: 0
Pterr: 89.2877
Fpix: 1
RecoPFMET: 507.954
RecoPFMET_phi: -2.91429
RecoCaloMET: 514.023
RecoCaloMET_phi: -2.92521
Flag_allMETFilters: 1

      Run : 1 Lumi: 25 Event: 24358
HSCP type: 0
Ih: 12.2537
P: 1028.1
Pt: 1013.5
Eta: 0.169561
Phi: 0.600702
NbPixelHit_noL1: 1
NOM_noL1: 14
FracOfValidHit: 0.933333
isHighPurityTrack: 1
miniRelIsoAll: 1
IsoSumPt_dr03: 0
dz: 0.00140381
dxy: -0.00127686
normChi2: 0
EoP: 0.0136973
Pterr: 114.019
Fpix: 0.874214
RecoPFMET: 1024.01
RecoPFMET_phi: -2.5545
RecoCaloMET: 1028.26
RecoCaloMET_phi: -2.53752
Flag_allMETFilters: 1

      Run : 1 Lumi: 25 Event: 24366
HSCP type: 0
Ih: 8.66475
P: 1347.31
Pt: 1338
Eta: 0.117924
Phi: -2.90985
NbPixelHit_noL1: 3
NOM_noL1: 16
FracOfValidHit: 1
isHighPurityTrack: 1
miniRelIsoAll: 1
IsoSumPt_dr03: 0
dz: 0.0040625
dxy: -0.000533142
normChi2: 0
EoP: 0.0187113
Pterr: 371.224
Fpix: 0.972367
RecoPFMET: 335.412
RecoPFMET_phi: -2.7687
RecoCaloMET: 345.43
RecoCaloMET_phi: -2.5859
Flag_allMETFilters: 1

      Run : 1 Lumi: 25 Event: 24355
HSCP type: 0
Ih: 7.44266
P: 1644.17
Pt: 1644
Eta: 0.0144658
Phi: 1.29262
NbPixelHit_noL1: 1
NOM_noL1: 14
FracOfValidHit: 1
isHighPurityTrack: 1
miniRelIsoAll: 1
IsoSumPt_dr03: 0
dz: -0.00256104
dxy: -0.00167358
normChi2: 0
EoP: 0.0122682
Pterr: 668.848
Fpix: 1
RecoPFMET: 183.19
RecoPFMET_phi: -1.77183
RecoCaloMET: 233.843
RecoCaloMET_phi: -1.97669
Flag_allMETFilters: 1

      Run : 1 Lumi: 25 Event: 24361
HSCP type: 0
Ih: 8.58481
P: 1272.11
Pt: 1209
Eta: -0.321726
Phi: -2.81434
NbPixelHit_noL1: 3
NOM_noL1: 15
FracOfValidHit: 1
isHighPurityTrack: 1
miniRelIsoAll: 1
IsoSumPt_dr03: 0
dz: 5.55801e-05
dxy: 0.00293213
normChi2: 0
EoP: 0
Pterr: 756.601
Fpix: 0.999311
RecoPFMET: 1302.7
RecoPFMET_phi: 0.634892
RecoCaloMET: 1275.28
RecoCaloMET_phi: 0.552117
Flag_allMETFilters: 1

      Run : 1 Lumi: 25 Event: 24367
HSCP type: 0
Ih: 15.4681
P: 1374.72
Pt: 743.5
Eta: -1.22501
Phi: 2.93837
NbPixelHit_noL1: 4
NOM_noL1: 14
FracOfValidHit: 1
isHighPurityTrack: 1
miniRelIsoAll: 1
IsoSumPt_dr03: 0
dz: -0.000946655
dxy: 0.000151215
normChi2: 0
EoP: 0
Pterr: 41.2349
Fpix: 0.999994
RecoPFMET: 419.063
RecoPFMET_phi: -0.151678
RecoCaloMET: 799.435
RecoCaloMET_phi: -0.176596
Flag_allMETFilters: 1

      Run : 1 Lumi: 25 Event: 24363
HSCP type: 0
Ih: 15.7776
P: 898.62
Pt: 701
Eta: -0.734275
Phi: -1.79556
NbPixelHit_noL1: 3
NOM_noL1: 15
FracOfValidHit: 1
isHighPurityTrack: 1
miniRelIsoAll: 1
IsoSumPt_dr03: 0
dz: 0.00251221
dxy: -0.000715942
normChi2: 0
EoP: 0.0157566
Pterr: 125.195
Fpix: 0.999959
RecoPFMET: 668.54
RecoPFMET_phi: 1.30396
RecoCaloMET: 691.083
RecoCaloMET_phi: 1.3187
Flag_allMETFilters: 1

      Run : 1 Lumi: 25 Event: 24373
HSCP type: 0
Ih: 15.5828
P: 745.27
Pt: 391.5
Eta: -1.25944
Phi: 2.71395
NbPixelHit_noL1: 4
NOM_noL1: 12
FracOfValidHit: 1
isHighPurityTrack: 1
miniRelIsoAll: 1
IsoSumPt_dr03: 0
dz: 0.00261475
dxy: 0.000884399
normChi2: 0
EoP: 0
Pterr: 45.2891
Fpix: 1
RecoPFMET: 387.763
RecoPFMET_phi: -0.218049
RecoCaloMET: 392.341
RecoCaloMET_phi: -0.312532
Flag_allMETFilters: 1

      Run : 1 Lumi: 25 Event: 24369
HSCP type: 0
Ih: 11.6928
P: 907.015
Pt: 889.5
Eta: -0.198126
Phi: 1.34067
NbPixelHit_noL1: 3
NOM_noL1: 17
FracOfValidHit: 1
isHighPurityTrack: 1
miniRelIsoAll: 1
IsoSumPt_dr03: 0
dz: -0.00244507
dxy: -0.000624695
normChi2: 0
EoP: 0
Pterr: 94.7654
Fpix: 0.994668
RecoPFMET: 19.8559
RecoPFMET_phi: 1.03019
RecoCaloMET: 3.34395
RecoCaloMET_phi: -0.483214
Flag_allMETFilters: 1

      Run : 1 Lumi: 25 Event: 24374
HSCP type: 0
Ih: 15.7055
P: 891.804
Pt: 581.5
Eta: -0.991913
Phi: -1.47172
NbPixelHit_noL1: 2
NOM_noL1: 12
FracOfValidHit: 1
isHighPurityTrack: 1
miniRelIsoAll: 1
IsoSumPt_dr03: 0
dz: 0.0019397
dxy: 0.00262207
normChi2: 0
EoP: 0
Pterr: 178.644
Fpix: 0.999996
RecoPFMET: 138.22
RecoPFMET_phi: 1.4193
RecoCaloMET: 122.058
RecoCaloMET_phi: 1.48466
Flag_allMETFilters: 0

      Run : 1 Lumi: 25 Event: 24378
HSCP type: 0
Ih: 8.84161
P: 1388.94
Pt: 365.25
Eta: -2.01111
Phi: 0.172271
NbPixelHit_noL1: 5
NOM_noL1: 24
FracOfValidHit: 1
isHighPurityTrack: 1
miniRelIsoAll: 1
IsoSumPt_dr03: 0
dz: -0.0105859
dxy: 0.000965576
normChi2: 0
EoP: 0
Pterr: 35.9666
Fpix: 1
RecoPFMET: 357.768
RecoPFMET_phi: -2.98329
RecoCaloMET: 373.405
RecoCaloMET_phi: -2.9527
Flag_allMETFilters: 1

      Run : 1 Lumi: 25 Event: 24375
HSCP type: 0
Ih: 22.3695
P: 589.689
Pt: 377
Eta: -1.01773
Phi: 1.74253
NbPixelHit_noL1: 3
NOM_noL1: 9
FracOfValidHit: 1
isHighPurityTrack: 1
miniRelIsoAll: 1
IsoSumPt_dr03: 0
dz: 0.00635254
dxy: -0.00266357
normChi2: 0
EoP: 0
Pterr: 133.608
Fpix: 0.999993
RecoPFMET: 307.731
RecoPFMET_phi: -1.15125
RecoCaloMET: 70.6948
RecoCaloMET_phi: 1.00577
Flag_allMETFilters: 1

      Run : 1 Lumi: 25 Event: 24380
HSCP type: 0
Ih: 26.9274
P: 1133.03
Pt: 696
Eta: -1.069
Phi: -0.982159
NbPixelHit_noL1: 3
NOM_noL1: 9
FracOfValidHit: 1
isHighPurityTrack: 1
miniRelIsoAll: 1
IsoSumPt_dr03: 0
dz: -0.0116406
dxy: -0.000893555
normChi2: 0
EoP: 0
Pterr: 82.0837
Fpix: 1
RecoPFMET: 247.829
RecoPFMET_phi: 2.23673
RecoCaloMET: 823.617
RecoCaloMET_phi: 1.91112
Flag_allMETFilters: 1

      Run : 1 Lumi: 25 Event: 24381
HSCP type: 0
Ih: 12.7521
P: 1038.86
Pt: 1004
Eta: 0.262764
Phi: 0.12266
NbPixelHit_noL1: 2
NOM_noL1: 13
FracOfValidHit: 1
isHighPurityTrack: 1
miniRelIsoAll: 1
IsoSumPt_dr03: 0
dz: -0.000176086
dxy: -0.00115479
normChi2: 0
EoP: 0
Pterr: 430.241
Fpix: 0.998315
RecoPFMET: 1026.78
RecoPFMET_phi: -3.01227
RecoCaloMET: 1019.63
RecoCaloMET_phi: -3.02282
Flag_allMETFilters: 1

      Run : 1 Lumi: 25 Event: 24377
HSCP type: 0
Ih: 7.7321
P: 1282.41
Pt: 872
Eta: -0.935697
Phi: -2.06364
NbPixelHit_noL1: 3
NOM_noL1: 12
FracOfValidHit: 1
isHighPurityTrack: 1
miniRelIsoAll: 1
IsoSumPt_dr03: 0
dz: -0.00375
dxy: 0.00242065
normChi2: 0
EoP: 0.0137179
Pterr: 278.049
Fpix: 0.999834
RecoPFMET: 157.372
RecoPFMET_phi: -2.26623
RecoCaloMET: 838.945
RecoCaloMET_phi: 1.12838
Flag_allMETFilters: 1

      Run : 1 Lumi: 25 Event: 24385
HSCP type: 0
Ih: 9.67735
P: 933.648
Pt: 202.125
Eta: -2.21143
Phi: 1.98004
NbPixelHit_noL1: 4
NOM_noL1: 19
FracOfValidHit: 1
isHighPurityTrack: 1
miniRelIsoAll: 1
IsoSumPt_dr03: 0
dz: -0.0069043
dxy: -0.00129028
normChi2: 0
EoP: 0
Pterr: 81.267
Fpix: 0.999998
RecoPFMET: 233.399
RecoPFMET_phi: -1.37838
RecoCaloMET: 198.208
RecoCaloMET_phi: -1.31981
Flag_allMETFilters: 1

      Run : 1 Lumi: 25 Event: 24384
HSCP type: 0
Ih: 19.821
P: 1081.64
Pt: 968
Eta: -0.479934
Phi: -2.12848
NbPixelHit_noL1: 3
NOM_noL1: 14
FracOfValidHit: 1
isHighPurityTrack: 1
miniRelIsoAll: 1
IsoSumPt_dr03: 0
dz: -0.00427002
dxy: -0.00277588
normChi2: 0
EoP: 0
Pterr: 135.835
Fpix: 0.999997
RecoPFMET: 952.675
RecoPFMET_phi: 1.02601
RecoCaloMET: 935.748
RecoCaloMET_phi: 1.07005
Flag_allMETFilters: 1

      Run : 1 Lumi: 25 Event: 24387
HSCP type: 0
Ih: 11.4154
P: 978.02
Pt: 309
Eta: 1.81939
Phi: 2.78251
NbPixelHit_noL1: 4
NOM_noL1: 20
FracOfValidHit: 1
isHighPurityTrack: 1
miniRelIsoAll: 1
IsoSumPt_dr03: 0
dz: -0.00483154
dxy: 0.000539551
normChi2: 0
EoP: 0
Pterr: 22.6716
Fpix: 0.999998
RecoPFMET: 52.0219
RecoPFMET_phi: -0.612215
RecoCaloMET: 273.239
RecoCaloMET_phi: -0.374276
Flag_allMETFilters: 1

      Run : 1 Lumi: 25 Event: 24390
HSCP type: 0
Ih: 14.2899
P: 1229.32
Pt: 1185
Eta: 0.272652
Phi: -1.82496
NbPixelHit_noL1: 3
NOM_noL1: 14
FracOfValidHit: 1
isHighPurityTrack: 1
miniRelIsoAll: 1
IsoSumPt_dr03: 0
dz: 0.00359619
dxy: 0.00347412
normChi2: 0
EoP: 0
Pterr: 105.038
Fpix: 0.997243
RecoPFMET: 1157.99
RecoPFMET_phi: 1.31302
RecoCaloMET: 1143.66
RecoCaloMET_phi: 1.31492
Flag_allMETFilters: 1

      Run : 1 Lumi: 25 Event: 24389
HSCP type: 0
Ih: 8.63
P: 716.205
Pt: 715
Eta: 0.0580462
Phi: -1.03626
NbPixelHit_noL1: 3
NOM_noL1: 16
FracOfValidHit: 1
isHighPurityTrack: 1
miniRelIsoAll: 1
IsoSumPt_dr03: 0
dz: 0.000682983
dxy: 0.000697022
normChi2: 0
EoP: 0
Pterr: 116.461
Fpix: 0.986706
RecoPFMET: 675.049
RecoPFMET_phi: 2.06113
RecoCaloMET: 719.129
RecoCaloMET_phi: 2.08996
Flag_allMETFilters: 1

      Run : 1 Lumi: 25 Event: 24370
HSCP type: 0
Ih: 7.35743
P: 1168.27
Pt: 266.5
Eta: -2.15778
Phi: -2.09069
NbPixelHit_noL1: 4
NOM_noL1: 15
FracOfValidHit: 1
isHighPurityTrack: 1
miniRelIsoAll: 1
IsoSumPt_dr03: 0
dz: -0.00357422
dxy: 0.00189209
normChi2: 1
EoP: 38.9068
Pterr: 36.828
Fpix: 0.99987
RecoPFMET: 8809.48
RecoPFMET_phi: 1.19137
RecoCaloMET: 11303.8
RecoCaloMET_phi: 1.13702
Flag_allMETFilters: 1

      Run : 1 Lumi: 25 Event: 24396
HSCP type: 0
Ih: 6.05695
P: 2244.09
Pt: 567.5
Eta: 2.05158
Phi: 0.419056
NbPixelHit_noL1: 6
NOM_noL1: 23
FracOfValidHit: 1
isHighPurityTrack: 1
miniRelIsoAll: 1
IsoSumPt_dr03: 0
dz: 0.0015332
dxy: -0.000635376
normChi2: 0
EoP: 0.0211869
Pterr: 131.842
Fpix: 0.99986
RecoPFMET: 468.57
RecoPFMET_phi: -2.75122
RecoCaloMET: 531.076
RecoCaloMET_phi: -2.76896
Flag_allMETFilters: 1

      Run : 1 Lumi: 25 Event: 24395
HSCP type: 0
Ih: 14.0134
P: 748.513
Pt: 551
Eta: -0.823267
Phi: 3.06523
NbPixelHit_noL1: 0
NOM_noL1: 10
FracOfValidHit: 0.857143
isHighPurityTrack: 1
miniRelIsoAll: 1
IsoSumPt_dr03: 0
dz: -0.0102832
dxy: -0.0116504
normChi2: 0
EoP: 0.0226624
Pterr: 394.697
Fpix: 1
RecoPFMET: 344.525
RecoPFMET_phi: -0.192667
RecoCaloMET: 412.861
RecoCaloMET_phi: -0.149182
Flag_allMETFilters: 1

      Run : 1 Lumi: 25 Event: 24386
HSCP type: 0
Ih: 8.86523
P: 1606.37
Pt: 642.5
Eta: 1.56688
Phi: -2.01989
NbPixelHit_noL1: 3
NOM_noL1: 18
FracOfValidHit: 1
isHighPurityTrack: 1
miniRelIsoAll: 1
IsoSumPt_dr03: 0
dz: 0.00268799
dxy: -0.000728149
normChi2: 0
EoP: 0
Pterr: 65.9572
Fpix: 0.999999
RecoPFMET: 999.141
RecoPFMET_phi: 2.07013
RecoCaloMET: 983.614
RecoCaloMET_phi: 1.98938
Flag_allMETFilters: 1

      Run : 1 Lumi: 25 Event: 24400
HSCP type: 0
Ih: 60.8528
P: 683.122
Pt: 665.5
Eta: 0.229621
Phi: 2.40584
NbPixelHit_noL1: 3
NOM_noL1: 9
FracOfValidHit: 1
isHighPurityTrack: 1
miniRelIsoAll: 1
IsoSumPt_dr03: 0
dz: 0.00131226
dxy: -0.00317871
normChi2: 0
EoP: 0
Pterr: 135.102
Fpix: 0.998567
RecoPFMET: 599.248
RecoPFMET_phi: -0.641218
RecoCaloMET: 622.89
RecoCaloMET_phi: -0.735003
Flag_allMETFilters: 1

      Run : 1 Lumi: 25 Event: 24392
HSCP type: 1
Ih: 6.54162
P: 2125
Pt: 2104
Eta: 0.141179
Phi: -2.2905
NbPixelHit_noL1: 3
NOM_noL1: 15
FracOfValidHit: 1
isHighPurityTrack: 1
miniRelIsoAll: 0
IsoSumPt_dr03: 5.50781
dz: -0.0015332
dxy: 0.00105286
normChi2: 0
EoP: 0
Pterr: 810.883
Fpix: 0.999924
RecoPFMET: 56.6557
RecoPFMET_phi: -1.42351
RecoCaloMET: 51.5996
RecoCaloMET_phi: -1.52054
Flag_allMETFilters: 1

      Run : 1 Lumi: 25 Event: 24398
HSCP type: 0
Ih: 5.07828
P: 2223.35
Pt: 585.5
Eta: 2.00964
Phi: -0.504312
NbPixelHit_noL1: 3
NOM_noL1: 21
FracOfValidHit: 1
isHighPurityTrack: 1
miniRelIsoAll: 1
IsoSumPt_dr03: 0
dz: 0.00041748
dxy: 0.000466309
normChi2: 1
EoP: 0
Pterr: 87.7816
Fpix: 0.923383
RecoPFMET: 292.108
RecoPFMET_phi: 2.80263
RecoCaloMET: 305.086
RecoCaloMET_phi: 2.76758
Flag_allMETFilters: 1

      Run : 1 Lumi: 25 Event: 24403
HSCP type: 0
Ih: 12.0004
P: 743.089
Pt: 728
Eta: -0.203253
Phi: 2.97636
NbPixelHit_noL1: 3
NOM_noL1: 19
FracOfValidHit: 1
isHighPurityTrack: 1
miniRelIsoAll: 1
IsoSumPt_dr03: 0
dz: 0.0041626
dxy: -0.00113953
normChi2: 0
EoP: 0.0261786
Pterr: 211.132
Fpix: 0.998535
RecoPFMET: 745.58
RecoPFMET_phi: -0.10335
RecoCaloMET: 744.235
RecoCaloMET_phi: -0.122428
Flag_allMETFilters: 1

      Run : 1 Lumi: 25 Event: 24397
HSCP type: 0
Ih: 7.02638
P: 16125
Pt: 12960
Eta: -0.685385
Phi: 1.61304
NbPixelHit_noL1: 1
NOM_noL1: 14
FracOfValidHit: 1
isHighPurityTrack: 1
miniRelIsoAll: 1
IsoSumPt_dr03: 0
dz: -0.026543
dxy: 0.00372559
normChi2: 0
EoP: 0.00115387
Pterr: 159.534
Fpix: 0.999781
RecoPFMET: 12973.7
RecoPFMET_phi: -1.53048
RecoCaloMET: 12988.6
RecoCaloMET_phi: -1.52763
Flag_allMETFilters: 1

      Run : 1 Lumi: 25 Event: 24405
HSCP type: 0
Ih: 10.407
P: 2022.41
Pt: 1052
Eta: -1.27097
Phi: 0.471889
NbPixelHit_noL1: 2
NOM_noL1: 8
FracOfValidHit: 1
isHighPurityTrack: 1
miniRelIsoAll: 1
IsoSumPt_dr03: 0
dz: 0.00172607
dxy: 0.000922241
normChi2: 0
EoP: 0
Pterr: 162.518
Fpix: 0.999696
RecoPFMET: 442.042
RecoPFMET_phi: 0.566641
RecoCaloMET: 40.8089
RecoCaloMET_phi: 0.0714593
Flag_allMETFilters: 1

      Run : 1 Lumi: 25 Event: 24408
HSCP type: 0
Ih: 7.99233
P: 1469.23
Pt: 1398
Eta: -0.317881
Phi: 1.08617
NbPixelHit_noL1: 3
NOM_noL1: 17
FracOfValidHit: 1
isHighPurityTrack: 1
miniRelIsoAll: 1
IsoSumPt_dr03: 105.797
dz: -0.000769043
dxy: 0.00133057
normChi2: 0
EoP: 0.115574
Pterr: 320.235
Fpix: 0.999736
RecoPFMET: 95.2584
RecoPFMET_phi: 0.98573
RecoCaloMET: 155.468
RecoCaloMET_phi: 0.784097
Flag_allMETFilters: 1

      Run : 1 Lumi: 25 Event: 24401
HSCP type: 0
Ih: 6.32091
P: 2025.35
Pt: 1800
Eta: -0.495315
Phi: -0.477456
NbPixelHit_noL1: 2
NOM_noL1: 15
FracOfValidHit: 1
isHighPurityTrack: 1
miniRelIsoAll: 1
IsoSumPt_dr03: 0
dz: -0.00016983
dxy: -0.00152954
normChi2: 0
EoP: 0
Pterr: 496.335
Fpix: 0.958119
RecoPFMET: 379.743
RecoPFMET_phi: 2.63315
RecoCaloMET: 435.645
RecoCaloMET_phi: 2.72826
Flag_allMETFilters: 1

      Run : 1 Lumi: 25 Event: 24409
HSCP type: 0
Ih: 6.0314
P: 1746.61
Pt: 1347
Eta: 0.752403
Phi: -0.963213
NbPixelHit_noL1: 3
NOM_noL1: 17
FracOfValidHit: 1
isHighPurityTrack: 1
miniRelIsoAll: 1
IsoSumPt_dr03: 0
dz: 0.00464844
dxy: 0.000703735
normChi2: 0
EoP: 0.00961301
Pterr: 434.079
Fpix: 0.970043
RecoPFMET: 1336.37
RecoPFMET_phi: 2.19812
RecoCaloMET: 1342.51
RecoCaloMET_phi: 2.19363
Flag_allMETFilters: 1

      Run : 1 Lumi: 25 Event: 24407
HSCP type: 0
Ih: 20.9661
P: 7072.25
Pt: 6944
Eta: -0.1919
Phi: -2.60613
NbPixelHit_noL1: 3
NOM_noL1: 15
FracOfValidHit: 1
isHighPurityTrack: 1
miniRelIsoAll: 1
IsoSumPt_dr03: 0
dz: -3.42941e-05
dxy: -0.0033667
normChi2: 0
EoP: 0
Pterr: 108.093
Fpix: 0.999985
RecoPFMET: 6628.04
RecoPFMET_phi: 0.535214
RecoCaloMET: 6596.48
RecoCaloMET_phi: 0.536288
Flag_allMETFilters: 1

      Run : 1 Lumi: 25 Event: 24413
HSCP type: 0
Ih: 14.6414
P: 3384.99
Pt: 2158
Eta: 1.02139
Phi: 1.97506
NbPixelHit_noL1: 3
NOM_noL1: 7
FracOfValidHit: 1
isHighPurityTrack: 1
miniRelIsoAll: 1
IsoSumPt_dr03: 0
dz: -0.0044458
dxy: -0.00110657
normChi2: 0
EoP: 1.54455
Pterr: 146.681
Fpix: 0.997479
RecoPFMET: 3562.44
RecoPFMET_phi: -1.19835
RecoCaloMET: 352.398
RecoCaloMET_phi: -1.60389
Flag_allMETFilters: 0

      Run : 1 Lumi: 25 Event: 24410
HSCP type: 0
Ih: 17.2019
P: 1220.62
Pt: 1151
Eta: 0.34608
Phi: 2.69959
NbPixelHit_noL1: 3
NOM_noL1: 18
FracOfValidHit: 1
isHighPurityTrack: 1
miniRelIsoAll: 1
IsoSumPt_dr03: 0
dz: -0.00305664
dxy: 0.000182495
normChi2: 0
EoP: 0
Pterr: 219.384
Fpix: 0.996793
RecoPFMET: 29.4399
RecoPFMET_phi: 1.85389
RecoCaloMET: 1145.83
RecoCaloMET_phi: -0.437763
Flag_allMETFilters: 1

      Run : 1 Lumi: 25 Event: 24406
HSCP type: 0
Ih: 7.74021
P: 1298.21
Pt: 1061
Eta: 0.656819
Phi: 0.378527
NbPixelHit_noL1: 2
NOM_noL1: 11
FracOfValidHit: 1
isHighPurityTrack: 1
miniRelIsoAll: 1
IsoSumPt_dr03: 0
dz: -0.00102844
dxy: -0.00195679
normChi2: 0
EoP: 0
Pterr: 402.655
Fpix: 0.986706
RecoPFMET: 133.725
RecoPFMET_phi: 0.739708
RecoCaloMET: 106.255
RecoCaloMET_phi: 0.584795
Flag_allMETFilters: 1

      Run : 1 Lumi: 25 Event: 24414
HSCP type: 0
Ih: 20.3431
P: 1522.58
Pt: 645.5
Eta: -1.50298
Phi: -1.85181
NbPixelHit_noL1: 3
NOM_noL1: 17
FracOfValidHit: 1
isHighPurityTrack: 1
miniRelIsoAll: 1
IsoSumPt_dr03: 0
dz: 0.00554199
dxy: -0.000210724
normChi2: 0
EoP: 0
Pterr: 79.4497
Fpix: 0.99999
RecoPFMET: 612.69
RecoPFMET_phi: 1.54951
RecoCaloMET: 579.336
RecoCaloMET_phi: 1.44302
Flag_allMETFilters: 1

      Run : 1 Lumi: 25 Event: 24417
HSCP type: 0
Ih: 5.89563
P: 1663.41
Pt: 355.25
Eta: 2.22535
Phi: 1.68111
NbPixelHit_noL1: 5
NOM_noL1: 21
FracOfValidHit: 1
isHighPurityTrack: 1
miniRelIsoAll: 1
IsoSumPt_dr03: 0
dz: 0.000369263
dxy: 0.000105591
normChi2: 0
EoP: 0.0471787
Pterr: 84.4178
Fpix: 0.998765
RecoPFMET: 236.641
RecoPFMET_phi: -1.37708
RecoCaloMET: 227.163
RecoCaloMET_phi: -1.37952
Flag_allMETFilters: 1

      Run : 1 Lumi: 25 Event: 24426
HSCP type: 0
Ih: 11.0396
P: 1459.97
Pt: 1270
Eta: -0.540361
Phi: -0.238582
NbPixelHit_noL1: 3
NOM_noL1: 16
FracOfValidHit: 0.941176
isHighPurityTrack: 1
miniRelIsoAll: 1
IsoSumPt_dr03: 0
dz: -0.00283936
dxy: -0.000176392
normChi2: 0
EoP: 0
Pterr: 350.594
Fpix: 0.997268
RecoPFMET: 1396.38
RecoPFMET_phi: 2.95304
RecoCaloMET: 1400.94
RecoCaloMET_phi: 2.92919
Flag_allMETFilters: 1

      Run : 1 Lumi: 25 Event: 24427
HSCP type: 0
Ih: 10.5166
P: 976.232
Pt: 720.5
Eta: 0.819422
Phi: 2.71844
NbPixelHit_noL1: 4
NOM_noL1: 18
FracOfValidHit: 1
isHighPurityTrack: 1
miniRelIsoAll: 1
IsoSumPt_dr03: 0
dz: -0.00177246
dxy: 0.000336914
normChi2: 0
EoP: 0.0212507
Pterr: 130.421
Fpix: 0.999995
RecoPFMET: 804.779
RecoPFMET_phi: -0.50105
RecoCaloMET: 792.423
RecoCaloMET_phi: -0.503994
Flag_allMETFilters: 1

      Run : 1 Lumi: 25 Event: 24428
HSCP type: 0
Ih: 11.1943
P: 1560.76
Pt: 757
Eta: 1.35191
Phi: -2.18161
NbPixelHit_noL1: 2
NOM_noL1: 14
FracOfValidHit: 1
isHighPurityTrack: 1
miniRelIsoAll: 1
IsoSumPt_dr03: 0
dz: -0.00486328
dxy: 0.00109436
normChi2: 0
EoP: 0
Pterr: 73.1391
Fpix: 0.998262
RecoPFMET: 460.318
RecoPFMET_phi: 0.960359
RecoCaloMET: 535.629
RecoCaloMET_phi: 0.967139
Flag_allMETFilters: 1

      Run : 1 Lumi: 25 Event: 24421
HSCP type: 0
Ih: 17.3804
P: 1321.22
Pt: 629.5
Eta: -1.37223
Phi: -0.0666036
NbPixelHit_noL1: 2
NOM_noL1: 12
FracOfValidHit: 1
isHighPurityTrack: 1
miniRelIsoAll: 1
IsoSumPt_dr03: 0
dz: 0.00337158
dxy: 0.00144287
normChi2: 0
EoP: 0
Pterr: 193.622
Fpix: 0.999771
RecoPFMET: 485.437
RecoPFMET_phi: 3.05075
RecoCaloMET: 539.09
RecoCaloMET_phi: 3.07703
Flag_allMETFilters: 1

      Run : 1 Lumi: 25 Event: 24434
HSCP type: 0
Ih: 5.04362
P: 1920.85
Pt: 519.5
Eta: -1.98199
Phi: -3.12871
NbPixelHit_noL1: 6
NOM_noL1: 22
FracOfValidHit: 1
isHighPurityTrack: 1
miniRelIsoAll: 1
IsoSumPt_dr03: 0
dz: -0.00303467
dxy: -0.0010083
normChi2: 0
EoP: 0
Pterr: 63.1786
Fpix: 0.998156
RecoPFMET: 719.873
RecoPFMET_phi: -0.347554
RecoCaloMET: 686.698
RecoCaloMET_phi: -0.288595
Flag_allMETFilters: 1

      Run : 1 Lumi: 25 Event: 24429
HSCP type: 0
Ih: 8.13885
P: 1291.02
Pt: 1105
Eta: -0.572405
Phi: -2.91679
NbPixelHit_noL1: 3
NOM_noL1: 16
FracOfValidHit: 1
isHighPurityTrack: 1
miniRelIsoAll: 1
IsoSumPt_dr03: 0
dz: -0.00605957
dxy: -0.00151855
normChi2: 0
EoP: 0
Pterr: 135.896
Fpix: 0.999068
RecoPFMET: 192.7
RecoPFMET_phi: -2.72182
RecoCaloMET: 168.079
RecoCaloMET_phi: -2.85167
Flag_allMETFilters: 1

      Run : 1 Lumi: 25 Event: 24430
HSCP type: 0
Ih: 25.9393
P: 510.2
Pt: 510
Eta: 0.028016
Phi: 2.21267
NbPixelHit_noL1: 3
NOM_noL1: 17
FracOfValidHit: 1
isHighPurityTrack: 1
miniRelIsoAll: 1
IsoSumPt_dr03: 0
dz: -0.00206421
dxy: -0.00290039
normChi2: 0
EoP: 0
Pterr: 111.204
Fpix: 0.99912
RecoPFMET: 199.162
RecoPFMET_phi: -1.21271
RecoCaloMET: 201.049
RecoCaloMET_phi: -1.30995
Flag_allMETFilters: 1

      Run : 1 Lumi: 25 Event: 24422
HSCP type: 0
Ih: 8.84253
P: 1314.81
Pt: 677
Eta: 1.28288
Phi: 2.65516
NbPixelHit_noL1: 2
NOM_noL1: 10
FracOfValidHit: 1
isHighPurityTrack: 1
miniRelIsoAll: 1
IsoSumPt_dr03: 0
dz: 0.0144922
dxy: -0.00127319
normChi2: 1
EoP: 0.0223095
Pterr: 66.9421
Fpix: 0.998876
RecoPFMET: 306.334
RecoPFMET_phi: 2.51268
RecoCaloMET: 623.666
RecoCaloMET_phi: -0.426572
Flag_allMETFilters: 1

      Run : 1 Lumi: 25 Event: 24431
HSCP type: 0
Ih: 8.42854
P: 978.933
Pt: 735.5
Eta: 0.792688
Phi: 2.67039
NbPixelHit_noL1: 2
NOM_noL1: 12
FracOfValidHit: 1
isHighPurityTrack: 1
miniRelIsoAll: 1
IsoSumPt_dr03: 0
dz: -0.00348145
dxy: 0.000602722
normChi2: 2
EoP: 0.023205
Pterr: 140.657
Fpix: 0.996662
RecoPFMET: 1316.14
RecoPFMET_phi: -0.842472
RecoCaloMET: 1265.05
RecoCaloMET_phi: -0.813515
Flag_allMETFilters: 1

      Run : 1 Lumi: 25 Event: 24436
HSCP type: 0
Ih: 6.94053
P: 1717.36
Pt: 915
Eta: -1.24277
Phi: -0.62707
NbPixelHit_noL1: 3
NOM_noL1: 13
FracOfValidHit: 1
isHighPurityTrack: 1
miniRelIsoAll: 1
IsoSumPt_dr03: 0
dz: 0.000121307
dxy: 0.000558472
normChi2: 0
EoP: 0
Pterr: 166.535
Fpix: 0.99968
RecoPFMET: 172.181
RecoPFMET_phi: -1.23003
RecoCaloMET: 700.86
RecoCaloMET_phi: 2.07478
Flag_allMETFilters: 1

      Run : 1 Lumi: 25 Event: 24446
HSCP type: 0
Ih: 21.1597
P: 824.807
Pt: 620
Eta: -0.791955
Phi: -2.31501
NbPixelHit_noL1: 3
NOM_noL1: 16
FracOfValidHit: 1
isHighPurityTrack: 1
miniRelIsoAll: 1
IsoSumPt_dr03: 0
dz: 0.00558594
dxy: -0.00141846
normChi2: 0
EoP: 0
Pterr: 122.641
Fpix: 0.999992
RecoPFMET: 240.44
RecoPFMET_phi: 0.85937
RecoCaloMET: 598.885
RecoCaloMET_phi: 0.839152
Flag_allMETFilters: 1

      Run : 1 Lumi: 25 Event: 24441
HSCP type: 0
Ih: 4.15192
P: 4044.38
Pt: 934
Eta: -2.14515
Phi: -1.45327
NbPixelHit_noL1: 4
NOM_noL1: 16
FracOfValidHit: 1
isHighPurityTrack: 1
miniRelIsoAll: 1
IsoSumPt_dr03: 5.79688
dz: -0.00366699
dxy: 0.000692139
normChi2: 0
EoP: 0
Pterr: 259.1
Fpix: 0.850892
RecoPFMET: 955.72
RecoPFMET_phi: 1.69918
RecoCaloMET: 928.308
RecoCaloMET_phi: 1.67463
Flag_allMETFilters: 1

      Run : 1 Lumi: 25 Event: 24442
HSCP type: 0
Ih: 6.87368
P: 2100.5
Pt: 1772
Eta: 0.599872
Phi: -0.486831
NbPixelHit_noL1: 3
NOM_noL1: 17
FracOfValidHit: 1
isHighPurityTrack: 1
miniRelIsoAll: 1
IsoSumPt_dr03: 0
dz: 0.000215454
dxy: 0.000432434
normChi2: 0
EoP: 0.00601584
Pterr: 211.692
Fpix: 0.994858
RecoPFMET: 1715.18
RecoPFMET_phi: 2.64507
RecoCaloMET: 1753.05
RecoCaloMET_phi: 2.64718
Flag_allMETFilters: 1

      Run : 1 Lumi: 25 Event: 24439
HSCP type: 0
Ih: 3.76638
P: 1922.23
Pt: 1014.5
Eta: 1.25394
Phi: 0.546208
NbPixelHit_noL1: 2
NOM_noL1: 5
FracOfValidHit: 1
isHighPurityTrack: 1
miniRelIsoAll: 1
IsoSumPt_dr03: 55.0469
dz: 0.00076416
dxy: -0.00131592
normChi2: 1
EoP: 0.0139978
Pterr: 208.944
Fpix: 0.932156
RecoPFMET: 986.443
RecoPFMET_phi: -2.53341
RecoCaloMET: 988.567
RecoCaloMET_phi: -2.5888
Flag_allMETFilters: 1

      Run : 1 Lumi: 25 Event: 24445
HSCP type: 1
Ih: 15.6829
P: 852.605
Pt: 417.25
Eta: -1.34165
Phi: 1.38061
NbPixelHit_noL1: 2
NOM_noL1: 11
FracOfValidHit: 1
isHighPurityTrack: 1
miniRelIsoAll: 1
IsoSumPt_dr03: 617.5
dz: -0.0269141
dxy: -0.00468506
normChi2: 0
EoP: 3.92533
Pterr: 57.569
Fpix: 0.775537
RecoPFMET: 2114.5
RecoPFMET_phi: -1.76691
RecoCaloMET: 1677.99
RecoCaloMET_phi: -1.76106
Flag_allMETFilters: 0

      Run : 1 Lumi: 25 Event: 24450
HSCP type: 0
Ih: 4.11663
P: 5363.34
Pt: 2460
Eta: -1.41527
Phi: -0.478335
NbPixelHit_noL1: 3
NOM_noL1: 17
FracOfValidHit: 1
isHighPurityTrack: 1
miniRelIsoAll: 1
IsoSumPt_dr03: 0
dz: -0.00354004
dxy: -0.00138306
normChi2: 1
EoP: 0.00429727
Pterr: 544.993
Fpix: 0.924508
RecoPFMET: 2296.82
RecoPFMET_phi: 2.68771
RecoCaloMET: 2290.18
RecoCaloMET_phi: 2.67151
Flag_allMETFilters: 1

      Run : 1 Lumi: 25 Event: 24443
HSCP type: 0
Ih: 19.4897
P: 796.951
Pt: 714.5
Eta: 0.475906
Phi: 0.681564
NbPixelHit_noL1: 2
NOM_noL1: 15
FracOfValidHit: 1
isHighPurityTrack: 1
miniRelIsoAll: 1
IsoSumPt_dr03: 0
dz: 0.00970215
dxy: -0.000157471
normChi2: 0
EoP: 0
Pterr: 261.782
Fpix: 0.998678
RecoPFMET: 691.125
RecoPFMET_phi: -2.44485
RecoCaloMET: 708.17
RecoCaloMET_phi: -2.45076
Flag_allMETFilters: 1

      Run : 1 Lumi: 25 Event: 24453
HSCP type: 0
Ih: 9.61413
P: 1488.42
Pt: 664
Eta: -1.44639
Phi: 1.2392
NbPixelHit_noL1: 1
NOM_noL1: 12
FracOfValidHit: 1
isHighPurityTrack: 1
miniRelIsoAll: 1
IsoSumPt_dr03: 0
dz: 0.0073877
dxy: 0.00218384
normChi2: 0
EoP: 0
Pterr: 113.834
Fpix: 0.994872
RecoPFMET: 472.878
RecoPFMET_phi: -1.78558
RecoCaloMET: 498.155
RecoCaloMET_phi: -1.89428
Flag_allMETFilters: 1

      Run : 1 Lumi: 25 Event: 24444
HSCP type: 0
Ih: 7.69125
P: 1652.6
Pt: 1173
Eta: -0.876003
Phi: 0.689767
NbPixelHit_noL1: 4
NOM_noL1: 18
FracOfValidHit: 1
isHighPurityTrack: 1
miniRelIsoAll: 1
IsoSumPt_dr03: 0
dz: -0.0113086
dxy: -0.00246948
normChi2: 2
EoP: 0.0148174
Pterr: 123.937
Fpix: 0.997031
RecoPFMET: 936.655
RecoPFMET_phi: -2.55799
RecoCaloMET: 967.879
RecoCaloMET_phi: -2.49935
Flag_allMETFilters: 1

      Run : 1 Lumi: 25 Event: 24455
HSCP type: 0
Ih: 8.10332
P: 1428.23
Pt: 423.5
Eta: 1.88604
Phi: -2.92978
NbPixelHit_noL1: 6
NOM_noL1: 25
FracOfValidHit: 1
isHighPurityTrack: 1
miniRelIsoAll: 1
IsoSumPt_dr03: 0
dz: 0.00197998
dxy: 0.000166016
normChi2: 1
EoP: 0
Pterr: 45.5775
Fpix: 0.997792
RecoPFMET: 113.171
RecoPFMET_phi: 0.463711
RecoCaloMET: 106.535
RecoCaloMET_phi: 0.321663
Flag_allMETFilters: 1

      Run : 1 Lumi: 25 Event: 24458
HSCP type: 0
Ih: 5.02299
P: 1931.75
Pt: 908
Eta: 1.38762
Phi: 0.481851
NbPixelHit_noL1: 2
NOM_noL1: 11
FracOfValidHit: 1
isHighPurityTrack: 1
miniRelIsoAll: 1
IsoSumPt_dr03: 0
dz: -0.000317688
dxy: -0.000429687
normChi2: 0
EoP: 0
Pterr: 130.435
Fpix: 0.945625
RecoPFMET: 799.812
RecoPFMET_phi: -2.68769
RecoCaloMET: 788.6
RecoCaloMET_phi: -2.69029
Flag_allMETFilters: 1

      Run : 1 Lumi: 25 Event: 24449
HSCP type: 0
Ih: 21.0977
P: 593.029
Pt: 548
Eta: -0.402661
Phi: 1.8314
NbPixelHit_noL1: 2
NOM_noL1: 14
FracOfValidHit: 1
isHighPurityTrack: 1
miniRelIsoAll: 1
IsoSumPt_dr03: 0
dz: 0.00234863
dxy: 0.00120544
normChi2: 0
EoP: 0
Pterr: 129.257
Fpix: 0.99996
RecoPFMET: 45.1148
RecoPFMET_phi: 0.99221
RecoCaloMET: 12.7398
RecoCaloMET_phi: -0.974443
Flag_allMETFilters: 1

      Run : 1 Lumi: 25 Event: 24447
HSCP type: 0
Ih: 5.92205
P: 2252.97
Pt: 628.5
Eta: -1.94977
Phi: 2.39187
NbPixelHit_noL1: 6
NOM_noL1: 18
FracOfValidHit: 1
isHighPurityTrack: 1
miniRelIsoAll: 1
IsoSumPt_dr03: 5.04297
dz: -0.0359564
dxy: 0.000812762
normChi2: 1
EoP: 0
Pterr: 139.777
Fpix: 0.999964
RecoPFMET: 774.379
RecoPFMET_phi: -1.19318
RecoCaloMET: 775.61
RecoCaloMET_phi: -1.10706
Flag_allMETFilters: 1

      Run : 1 Lumi: 25 Event: 24440
HSCP type: 0
Ih: 4.82814
P: 2643
Pt: 658.5
Eta: -2.06696
Phi: -2.43386
NbPixelHit_noL1: 7
NOM_noL1: 26
FracOfValidHit: 0.966667
isHighPurityTrack: 1
miniRelIsoAll: 1
IsoSumPt_dr03: 0
dz: 0.0101758
dxy: -7.03049e-05
normChi2: 0
EoP: 0.0298321
Pterr: 120.959
Fpix: 0.997278
RecoPFMET: 455.679
RecoPFMET_phi: 0.895339
RecoCaloMET: 451.676
RecoCaloMET_phi: 0.804778
Flag_allMETFilters: 1

      Run : 1 Lumi: 25 Event: 24457
HSCP type: 0
Ih: 17.8693
P: 1545.46
Pt: 1466
Eta: 0.327769
Phi: 0.793579
NbPixelHit_noL1: 2
NOM_noL1: 15
FracOfValidHit: 1
isHighPurityTrack: 1
miniRelIsoAll: 1
IsoSumPt_dr03: 0
dz: -0.000846558
dxy: 0.00325684
normChi2: 0
EoP: 0
Pterr: 260.033
Fpix: 0.999817
RecoPFMET: 711.161
RecoPFMET_phi: 1.14009
RecoCaloMET: 1616.87
RecoCaloMET_phi: -2.30732
Flag_allMETFilters: 1

      Run : 1 Lumi: 25 Event: 24466
HSCP type: 0
Ih: 11.3194
P: 1070.64
Pt: 1065
Eta: -0.102908
Phi: -2.26599
NbPixelHit_noL1: 3
NOM_noL1: 13
FracOfValidHit: 1
isHighPurityTrack: 1
miniRelIsoAll: 1
IsoSumPt_dr03: 0
dz: 0.000856934
dxy: 0.000908203
normChi2: 0
EoP: 0
Pterr: 311.471
Fpix: 0.99994
RecoPFMET: 1175.54
RecoPFMET_phi: 0.819677
RecoCaloMET: 1136.46
RecoCaloMET_phi: 0.830625
Flag_allMETFilters: 1

      Run : 1 Lumi: 25 Event: 24452
HSCP type: 0
Ih: 6.80905
P: 2560.62
Pt: 1565
Eta: -1.07541
Phi: 0.992315
NbPixelHit_noL1: 4
NOM_noL1: 11
FracOfValidHit: 1
isHighPurityTrack: 1
miniRelIsoAll: 1
IsoSumPt_dr03: 0
dz: 0.00997559
dxy: -0.000531006
normChi2: 0
EoP: 0.00950528
Pterr: 242.249
Fpix: 0.997873
RecoPFMET: 502.529
RecoPFMET_phi: -1.34537
RecoCaloMET: 1582.07
RecoCaloMET_phi: -2.62635
Flag_allMETFilters: 1

      Run : 1 Lumi: 25 Event: 24454
HSCP type: 0
Ih: 64.0114
P: 487.252
Pt: 371.25
Eta: -0.771264
Phi: 1.80963
NbPixelHit_noL1: 3
NOM_noL1: 7
FracOfValidHit: 1
isHighPurityTrack: 1
miniRelIsoAll: 1
IsoSumPt_dr03: 0
dz: 0.00443603
dxy: 0.00333252
normChi2: 0
EoP: 0.0407127
Pterr: 56.1686
Fpix: 0.999973
RecoPFMET: 510.634
RecoPFMET_phi: 1.92134
RecoCaloMET: 601.93
RecoCaloMET_phi: 2.13963
Flag_allMETFilters: 1

      Run : 1 Lumi: 25 Event: 24464
HSCP type: 0
Ih: 9.85882
P: 1037.83
Pt: 348.5
Eta: 1.75494
Phi: -0.0451186
NbPixelHit_noL1: 2
NOM_noL1: 18
FracOfValidHit: 1
isHighPurityTrack: 1
miniRelIsoAll: 1
IsoSumPt_dr03: 0
dz: -0.00544922
dxy: 0.000877075
normChi2: 0
EoP: 0
Pterr: 28.0381
Fpix: 1
RecoPFMET: 340.461
RecoPFMET_phi: 3.07164
RecoCaloMET: 324.246
RecoCaloMET_phi: 3.12593
Flag_allMETFilters: 1

      Run : 1 Lumi: 25 Event: 24462
HSCP type: 0
Ih: 14.9787
P: 1246.61
Pt: 792.5
Eta: 1.02506
Phi: -2.98388
NbPixelHit_noL1: 3
NOM_noL1: 9
FracOfValidHit: 1
isHighPurityTrack: 1
miniRelIsoAll: 1
IsoSumPt_dr03: 0
dz: -0.00262939
dxy: 0.00147705
normChi2: 0
EoP: 0
Pterr: 140.994
Fpix: 0.999994
RecoPFMET: 732.509
RecoPFMET_phi: 0.239387
RecoCaloMET: 750.777
RecoCaloMET_phi: 0.19855
Flag_allMETFilters: 1

      Run : 1 Lumi: 25 Event: 24465
HSCP type: 1
Ih: 3.77922
P: 3149.26
Pt: 1905
Eta: 1.08841
Phi: -2.01959
NbPixelHit_noL1: 3
NOM_noL1: 8
FracOfValidHit: 1
isHighPurityTrack: 1
miniRelIsoAll: 0
IsoSumPt_dr03: 0
dz: -0.000348816
dxy: -0.000606384
normChi2: 1
EoP: 0
Pterr: 2970.03
Fpix: 0.99117
RecoPFMET: 126.57
RecoPFMET_phi: -2.98351
RecoCaloMET: 88.5273
RecoCaloMET_phi: -2.87224
Flag_allMETFilters: 1

      Run : 1 Lumi: 25 Event: 24467
HSCP type: 0
Ih: 10.6436
P: 929.914
Pt: 721.5
Eta: 0.742882
Phi: 3.07949
NbPixelHit_noL1: 3
NOM_noL1: 15
FracOfValidHit: 1
isHighPurityTrack: 1
miniRelIsoAll: 1
IsoSumPt_dr03: 0
dz: -0.000778198
dxy: -0.00126709
normChi2: 0
EoP: 0
Pterr: 89.2412
Fpix: 0.999868
RecoPFMET: 629.845
RecoPFMET_phi: -0.0450268
RecoCaloMET: 700.955
RecoCaloMET_phi: -0.0499174
Flag_allMETFilters: 0

      Run : 1 Lumi: 25 Event: 24477
HSCP type: 0
Ih: 8.18461
P: 1498.67
Pt: 686.5
Eta: 1.41673
Phi: -0.87698
NbPixelHit_noL1: 2
NOM_noL1: 13
FracOfValidHit: 1
isHighPurityTrack: 1
miniRelIsoAll: 1
IsoSumPt_dr03: 0
dz: -0.00198242
dxy: 0.000167541
normChi2: 0
EoP: 0
Pterr: 128.87
Fpix: 0.999611
RecoPFMET: 174.86
RecoPFMET_phi: 2.21059
RecoCaloMET: 686.655
RecoCaloMET_phi: 2.26092
Flag_allMETFilters: 1

      Run : 1 Lumi: 25 Event: 24468
HSCP type: 0
Ih: 5.31956
P: 1578.22
Pt: 1567
Eta: 0.119572
Phi: -2.01344
NbPixelHit_noL1: 3
NOM_noL1: 14
FracOfValidHit: 1
isHighPurityTrack: 1
miniRelIsoAll: 1
IsoSumPt_dr03: 0
dz: 0.00522461
dxy: -0.00200195
normChi2: 0
EoP: 0.0141967
Pterr: 359.614
Fpix: 0.932156
RecoPFMET: 1502.47
RecoPFMET_phi: 1.08155
RecoCaloMET: 1511.04
RecoCaloMET_phi: 1.10962
Flag_allMETFilters: 1

      Run : 1 Lumi: 25 Event: 24474
HSCP type: 0
Ih: 12.0826
P: 560.599
Pt: 475.75
Eta: -0.588702
Phi: 3.03076
NbPixelHit_noL1: 3
NOM_noL1: 16
FracOfValidHit: 1
isHighPurityTrack: 1
miniRelIsoAll: 1
IsoSumPt_dr03: 0
dz: -0.00501465
dxy: 0.000279388
normChi2: 0
EoP: 0.0291622
Pterr: 192.227
Fpix: 0.999921
RecoPFMET: 476.73
RecoPFMET_phi: -0.115307
RecoCaloMET: 453.908
RecoCaloMET_phi: -0.156709
Flag_allMETFilters: 1

      Run : 1 Lumi: 25 Event: 24480
HSCP type: 0
Ih: 9.73758
P: 2843.34
Pt: 2576
Eta: 0.451735
Phi: 0.618281
NbPixelHit_noL1: 1
NOM_noL1: 13
FracOfValidHit: 1
isHighPurityTrack: 1
miniRelIsoAll: 1
IsoSumPt_dr03: 0
dz: -0.00508301
dxy: -0.00169922
normChi2: 0
EoP: 0.00631515
Pterr: 280.401
Fpix: 0.936021
RecoPFMET: 467.691
RecoPFMET_phi: 0.648714
RecoCaloMET: 474.768
RecoCaloMET_phi: 0.658741
Flag_allMETFilters: 1

      Run : 1 Lumi: 25 Event: 24478
HSCP type: 0
Ih: 8.71062
P: 1430.81
Pt: 1419
Eta: 0.12891
Phi: -0.0453139
NbPixelHit_noL1: 3
NOM_noL1: 15
FracOfValidHit: 1
isHighPurityTrack: 1
miniRelIsoAll: 1
IsoSumPt_dr03: 0
dz: 0.0019519
dxy: 0.000346985
normChi2: 0
EoP: 0
Pterr: 271.021
Fpix: 0.995221
RecoPFMET: 1419.32
RecoPFMET_phi: 3.09483
RecoCaloMET: 1434.41
RecoCaloMET_phi: 3.10437
Flag_allMETFilters: 1

      Run : 1 Lumi: 25 Event: 24476
HSCP type: 0
Ih: 7.2908
P: 2390.19
Pt: 1788
Eta: 0.79928
Phi: -1.42846
NbPixelHit_noL1: 4
NOM_noL1: 19
FracOfValidHit: 1
isHighPurityTrack: 1
miniRelIsoAll: 1
IsoSumPt_dr03: 0
dz: -0.000882568
dxy: 0.00189575
normChi2: 0
EoP: 0
Pterr: 258.867
Fpix: 0.999386
RecoPFMET: 1990.46
RecoPFMET_phi: 1.64279
RecoCaloMET: 1965.54
RecoCaloMET_phi: 1.68014
Flag_allMETFilters: 1

      Run : 1 Lumi: 25 Event: 24473
HSCP type: 0
Ih: 4.512
P: 2268.56
Pt: 2268
Eta: 0.0221564
Phi: 2.9998
NbPixelHit_noL1: 4
NOM_noL1: 13
FracOfValidHit: 1
isHighPurityTrack: 1
miniRelIsoAll: 1
IsoSumPt_dr03: 0
dz: -0.00304687
dxy: 0.000224762
normChi2: 0
EoP: 0.00743646
Pterr: 945.336
Fpix: 0.998533
RecoPFMET: 2323.43
RecoPFMET_phi: -0.175073
RecoCaloMET: 2335.45
RecoCaloMET_phi: -0.169698
Flag_allMETFilters: 1

      Run : 1 Lumi: 25 Event: 24481
HSCP type: 0
Ih: 7.81691
P: 1365.77
Pt: 1327
Eta: 0.241157
Phi: -3.06552
NbPixelHit_noL1: 3
NOM_noL1: 17
FracOfValidHit: 1
isHighPurityTrack: 1
miniRelIsoAll: 1
IsoSumPt_dr03: 0
dz: -0.000236511
dxy: 0.000403137
normChi2: 0
EoP: 0.00900505
Pterr: 288.462
Fpix: 0.993438
RecoPFMET: 498.307
RecoPFMET_phi: 0.0105099
RecoCaloMET: 1288.06
RecoCaloMET_phi: 0.0445243
Flag_allMETFilters: 1

      Run : 1 Lumi: 25 Event: 24487
HSCP type: 0
Ih: 10.2577
P: 1538.83
Pt: 1251
Eta: 0.665975
Phi: -1.68062
NbPixelHit_noL1: 3
NOM_noL1: 15
FracOfValidHit: 1
isHighPurityTrack: 1
miniRelIsoAll: 1
IsoSumPt_dr03: 0
dz: 0.00825195
dxy: 0.000157776
normChi2: 0
EoP: 0
Pterr: 496.856
Fpix: 0.999951
RecoPFMET: 1288.28
RecoPFMET_phi: 1.46155
RecoCaloMET: 1269.76
RecoCaloMET_phi: 1.45789
Flag_allMETFilters: 1

      Run : 1 Lumi: 25 Event: 24471
HSCP type: 0
Ih: 6.41941
P: 1229.15
Pt: 782.5
Eta: -1.02322
Phi: 2.35251
NbPixelHit_noL1: 3
NOM_noL1: 10
FracOfValidHit: 1
isHighPurityTrack: 1
miniRelIsoAll: 1
IsoSumPt_dr03: 0
dz: -0.00272705
dxy: -0.000170288
normChi2: 0
EoP: 0.0269389
Pterr: 167.651
Fpix: 0.990172
RecoPFMET: 506.587
RecoPFMET_phi: -0.938676
RecoCaloMET: 492.6
RecoCaloMET_phi: -1.00892
Flag_allMETFilters: 1

      Run : 1 Lumi: 25 Event: 24490
HSCP type: 0
Ih: 19.414
P: 539.166
Pt: 492.5
Eta: 0.431959
Phi: 0.597089
NbPixelHit_noL1: 2
NOM_noL1: 16
FracOfValidHit: 1
isHighPurityTrack: 1
miniRelIsoAll: 1
IsoSumPt_dr03: 0
dz: -0.00737793
dxy: 0.000638428
normChi2: 0
EoP: 0.0264648
Pterr: 145.367
Fpix: 0.999979
RecoPFMET: 401.699
RecoPFMET_phi: -2.87862
RecoCaloMET: 426.552
RecoCaloMET_phi: -2.8107
Flag_allMETFilters: 1

      Run : 1 Lumi: 25 Event: 24489
HSCP type: 0
Ih: 14.7176
P: 1869.67
Pt: 1869
Eta: 0.0267342
Phi: -0.302548
NbPixelHit_noL1: 2
NOM_noL1: 15
FracOfValidHit: 0.941176
isHighPurityTrack: 1
miniRelIsoAll: 1
IsoSumPt_dr03: 0
dz: 0.00171509
dxy: 0.000617371
normChi2: 0
EoP: 0.00571235
Pterr: 322.213
Fpix: 0.999807
RecoPFMET: 1849.01
RecoPFMET_phi: 2.89393
RecoCaloMET: 1863.81
RecoCaloMET_phi: 2.87271
Flag_allMETFilters: 1

      Run : 1 Lumi: 25 Event: 24492
HSCP type: 0
Ih: 10.7139
P: 627.694
Pt: 161
Eta: 2.03693
Phi: -0.0291024
NbPixelHit_noL1: 5
NOM_noL1: 20
FracOfValidHit: 1
isHighPurityTrack: 1
miniRelIsoAll: 1
IsoSumPt_dr03: 0
dz: 0.00873535
dxy: -0.00112183
normChi2: 0
EoP: 0
Pterr: 11.4757
Fpix: 1
RecoPFMET: 245.134
RecoPFMET_phi: 2.58429
RecoCaloMET: 240.405
RecoCaloMET_phi: 2.76658
Flag_allMETFilters: 1

      Run : 1 Lumi: 25 Event: 24493
HSCP type: 0
Ih: 14.0434
P: 647.44
Pt: 284.5
Eta: -1.46324
Phi: -1.54145
NbPixelHit_noL1: 3
NOM_noL1: 17
FracOfValidHit: 1
isHighPurityTrack: 1
miniRelIsoAll: 1
IsoSumPt_dr03: 0
dz: 0.00258789
dxy: 0.00285889
normChi2: 0
EoP: 0
Pterr: 20.4098
Fpix: 0.999987
RecoPFMET: 352.438
RecoPFMET_phi: 1.92412
RecoCaloMET: 306.643
RecoCaloMET_phi: 1.92883
Flag_allMETFilters: 1

      Run : 1 Lumi: 25 Event: 24498
HSCP type: 0
Ih: 5.17824
P: 2098.77
Pt: 1192
Eta: -1.16623
Phi: -0.450307
NbPixelHit_noL1: 3
NOM_noL1: 10
FracOfValidHit: 1
isHighPurityTrack: 1
miniRelIsoAll: 1
IsoSumPt_dr03: 0
dz: -0.00196655
dxy: -0.000935059
normChi2: 0
EoP: 0
Pterr: 373.857
Fpix: 0.937771
RecoPFMET: 579.969
RecoPFMET_phi: 2.71253
RecoCaloMET: 1224.84
RecoCaloMET_phi: 2.72062
Flag_allMETFilters: 1

      Run : 1 Lumi: 25 Event: 24495
HSCP type: 0
Ih: 9.69747
P: 970.402
Pt: 720
Eta: 0.811548
Phi: 1.65425
NbPixelHit_noL1: 3
NOM_noL1: 14
FracOfValidHit: 1
isHighPurityTrack: 1
miniRelIsoAll: 1
IsoSumPt_dr03: 0
dz: -0.00121704
dxy: 0.000695801
normChi2: 0
EoP: 0.021984
Pterr: 375.607
Fpix: 0.999827
RecoPFMET: 638.852
RecoPFMET_phi: -1.55228
RecoCaloMET: 684.673
RecoCaloMET_phi: -1.52831
Flag_allMETFilters: 1

      Run : 1 Lumi: 25 Event: 24497
HSCP type: 0
Ih: 19.0413
P: 667.656
Pt: 666
Eta: 0.0704978
Phi: 2.28933
NbPixelHit_noL1: 4
NOM_noL1: 18
FracOfValidHit: 1
isHighPurityTrack: 1
miniRelIsoAll: 1
IsoSumPt_dr03: 14.2656
dz: 0.00133789
dxy: -0.00103882
normChi2: 0
EoP: 0.0200844
Pterr: 151.358
Fpix: 0.999523
RecoPFMET: 136.814
RecoPFMET_phi: 2.18914
RecoCaloMET: 252.211
RecoCaloMET_phi: 1.9113
Flag_allMETFilters: 1

      Run : 1 Lumi: 25 Event: 24483
HSCP type: 0
Ih: 4.4661
P: 4481.5
Pt: 3224
Eta: 0.856777
Phi: -0.668868
NbPixelHit_noL1: 4
NOM_noL1: 17
FracOfValidHit: 1
isHighPurityTrack: 1
miniRelIsoAll: 1
IsoSumPt_dr03: 0
dz: -0.00907227
dxy: 0.0029248
normChi2: 0
EoP: 0.00322031
Pterr: 1489.54
Fpix: 0.922103
RecoPFMET: 3011
RecoPFMET_phi: 2.47915
RecoCaloMET: 3035.19
RecoCaloMET_phi: 2.48801
Flag_allMETFilters: 1

      Run : 1 Lumi: 25 Event: 24502
HSCP type: 0
Ih: 17.2108
P: 639.704
Pt: 634.5
Eta: -0.127995
Phi: 2.89189
NbPixelHit_noL1: 3
NOM_noL1: 15
FracOfValidHit: 1
isHighPurityTrack: 1
miniRelIsoAll: 1
IsoSumPt_dr03: 0
dz: 7.70569e-06
dxy: -0.00178833
normChi2: 0
EoP: 0.0362533
Pterr: 269.145
Fpix: 0.999921
RecoPFMET: 246.293
RecoPFMET_phi: 2.86874
RecoCaloMET: 625.634
RecoCaloMET_phi: -0.210546
Flag_allMETFilters: 1

      Run : 1 Lumi: 25 Event: 24506
HSCP type: 0
Ih: 18.7654
P: 794.764
Pt: 727
Eta: 0.42848
Phi: -0.0893582
NbPixelHit_noL1: 2
NOM_noL1: 15
FracOfValidHit: 1
isHighPurityTrack: 1
miniRelIsoAll: 1
IsoSumPt_dr03: 0
dz: 0.00204468
dxy: -0.00193115
normChi2: 0
EoP: 0
Pterr: 206.518
Fpix: 0.999994
RecoPFMET: 725.629
RecoPFMET_phi: 3.03709
RecoCaloMET: 703.547
RecoCaloMET_phi: 3.03742
Flag_allMETFilters: 1

      Run : 1 Lumi: 25 Event: 24513
HSCP type: 0
Ih: 12.7292
P: 677.945
Pt: 264
Eta: 1.596
Phi: 0.415833
NbPixelHit_noL1: 3
NOM_noL1: 21
FracOfValidHit: 1
isHighPurityTrack: 1
miniRelIsoAll: 1
IsoSumPt_dr03: 0
dz: -0.0098877
dxy: 0.000751953
normChi2: 0
EoP: 0
Pterr: 21.2036
Fpix: 1
RecoPFMET: 241.857
RecoPFMET_phi: -2.77128
RecoCaloMET: 288.85
RecoCaloMET_phi: -2.7515
Flag_allMETFilters: 1

      Run : 1 Lumi: 25 Event: 24507
HSCP type: 0
Ih: 36.8368
P: 673.067
Pt: 666.5
Eta: 0.140263
Phi: -1.22592
NbPixelHit_noL1: 3
NOM_noL1: 14
FracOfValidHit: 1
isHighPurityTrack: 1
miniRelIsoAll: 1
IsoSumPt_dr03: 0
dz: -0.000570679
dxy: 0.00071228
normChi2: 0
EoP: 0
Pterr: 56.548
Fpix: 1
RecoPFMET: 267.477
RecoPFMET_phi: 1.91037
RecoCaloMET: 683.168
RecoCaloMET_phi: 1.94775
Flag_allMETFilters: 1

      Run : 1 Lumi: 25 Event: 24510
HSCP type: 0
Ih: 7.87701
P: 696.729
Pt: 258.75
Eta: -1.64727
Phi: 1.96598
NbPixelHit_noL1: 4
NOM_noL1: 18
FracOfValidHit: 1
isHighPurityTrack: 1
miniRelIsoAll: 1
IsoSumPt_dr03: 0
dz: -0.00539062
dxy: -0.000316467
normChi2: 0
EoP: 0
Pterr: 9.17973
Fpix: 1
RecoPFMET: 32.5889
RecoPFMET_phi: -1.79201
RecoCaloMET: 103.058
RecoCaloMET_phi: -1.32837
Flag_allMETFilters: 1

      Run : 1 Lumi: 25 Event: 24517
HSCP type: 0
Ih: 12.8193
P: 1410.85
Pt: 1093
Eta: -0.745262
Phi: 0.039845
NbPixelHit_noL1: 2
NOM_noL1: 15
FracOfValidHit: 1
isHighPurityTrack: 1
miniRelIsoAll: 1
IsoSumPt_dr03: 0
dz: -0.000206146
dxy: -0.00030426
normChi2: 0
EoP: 0.0136644
Pterr: 263.089
Fpix: 0.998921
RecoPFMET: 1086.13
RecoPFMET_phi: -3.13986
RecoCaloMET: 1092.78
RecoCaloMET_phi: -3.13268
Flag_allMETFilters: 1

      Run : 1 Lumi: 25 Event: 24516
HSCP type: 0
Ih: 4.36987
P: 1797.9
Pt: 1797
Eta: -0.0316782
Phi: -1.10619
NbPixelHit_noL1: 4
NOM_noL1: 15
FracOfValidHit: 1
isHighPurityTrack: 1
miniRelIsoAll: 1
IsoSumPt_dr03: 5.34375
dz: -0.00625488
dxy: 0.000205231
normChi2: 1
EoP: 0.00600857
Pterr: 309.997
Fpix: 0.914275
RecoPFMET: 1798.2
RecoPFMET_phi: 2.07353
RecoCaloMET: 1795.58
RecoCaloMET_phi: 2.07976
Flag_allMETFilters: 1

      Run : 1 Lumi: 25 Event: 24501
HSCP type: 0
Ih: 11.5684
P: 1159
Pt: 602.5
Eta: -1.27171
Phi: -0.149712
NbPixelHit_noL1: 2
NOM_noL1: 15
FracOfValidHit: 1
isHighPurityTrack: 1
miniRelIsoAll: 1
IsoSumPt_dr03: 0
dz: 0.00479492
dxy: 0.00121094
normChi2: 0
EoP: 0.0263887
Pterr: 82.015
Fpix: 0.999965
RecoPFMET: 492.939
RecoPFMET_phi: 3.05124
RecoCaloMET: 554.88
RecoCaloMET_phi: 3.03153
Flag_allMETFilters: 1

      Run : 1 Lumi: 25 Event: 24519
HSCP type: 0
Ih: 6.55091
P: 2626.19
Pt: 1158
Eta: -1.4594
Phi: 1.264
NbPixelHit_noL1: 1
NOM_noL1: 14
FracOfValidHit: 1
isHighPurityTrack: 1
miniRelIsoAll: 1
IsoSumPt_dr03: 0
dz: -0.0179004
dxy: 0.000175018
normChi2: 2
EoP: 0
Pterr: 173.371
Fpix: 0.941536
RecoPFMET: 827.09
RecoPFMET_phi: -2.24481
RecoCaloMET: 866.281
RecoCaloMET_phi: -2.21978
Flag_allMETFilters: 1

      Run : 1 Lumi: 25 Event: 24512
HSCP type: 0
Ih: 11.9451
P: 1177.4
Pt: 668
Eta: -1.16752
Phi: -0.0641621
NbPixelHit_noL1: 3
NOM_noL1: 9
FracOfValidHit: 1
isHighPurityTrack: 1
miniRelIsoAll: 1
IsoSumPt_dr03: 64.8125
dz: 0.00026474
dxy: -0.000226135
normChi2: 0
EoP: 0
Pterr: 62.8934
Fpix: 0.999843
RecoPFMET: 95.5174
RecoPFMET_phi: -3.01281
RecoCaloMET: 634.726
RecoCaloMET_phi: 3.14121
Flag_allMETFilters: 1

      Run : 1 Lumi: 25 Event: 24526
HSCP type: 0
Ih: 6.25342
P: 2119.12
Pt: 893.5
Eta: -1.50902
Phi: 1.11019
NbPixelHit_noL1: 4
NOM_noL1: 21
FracOfValidHit: 1
isHighPurityTrack: 1
miniRelIsoAll: 1
IsoSumPt_dr03: 0
dz: -0.000719604
dxy: 0.000189056
normChi2: 0
EoP: 0
Pterr: 133.17
Fpix: 0.984981
RecoPFMET: 1025.61
RecoPFMET_phi: -1.99401
RecoCaloMET: 986.312
RecoCaloMET_phi: -1.97283
Flag_allMETFilters: 1

      Run : 1 Lumi: 25 Event: 24523
HSCP type: 0
Ih: 4.07534
P: 8161.47
Pt: 2952
Eta: 1.67565
Phi: -0.164653
NbPixelHit_noL1: 3
NOM_noL1: 16
FracOfValidHit: 1
isHighPurityTrack: 1
miniRelIsoAll: 1
IsoSumPt_dr03: 0
dz: -0.000567627
dxy: -0.00102356
normChi2: 0
EoP: 0
Pterr: 151.166
Fpix: 0.987214
RecoPFMET: 2927.11
RecoPFMET_phi: 2.98037
RecoCaloMET: 2949.81
RecoCaloMET_phi: 2.97518
Flag_allMETFilters: 1

      Run : 1 Lumi: 25 Event: 24521
HSCP type: 0
Ih: 13.3703
P: 1359.36
Pt: 655
Eta: -1.35942
Phi: 2.8244
NbPixelHit_noL1: 3
NOM_noL1: 12
FracOfValidHit: 1
isHighPurityTrack: 1
miniRelIsoAll: 1
IsoSumPt_dr03: 0
dz: -0.00030365
dxy: -0.0018457
normChi2: 2
EoP: 1.34516
Pterr: 106.444
Fpix: 0.998567
RecoPFMET: 920.431
RecoPFMET_phi: -0.331585
RecoCaloMET: 642.755
RecoCaloMET_phi: -0.334912
Flag_allMETFilters: 0

      Run : 1 Lumi: 25 Event: 24520
HSCP type: 0
Ih: 14.27
P: 878.073
Pt: 862
Eta: -0.192816
Phi: -0.25577
NbPixelHit_noL1: 3
NOM_noL1: 15
FracOfValidHit: 1
isHighPurityTrack: 1
miniRelIsoAll: 1
IsoSumPt_dr03: 0
dz: 0.00842773
dxy: -0.00164795
normChi2: 0
EoP: 0
Pterr: 129.367
Fpix: 0.99801
RecoPFMET: 840.055
RecoPFMET_phi: 2.92444
RecoCaloMET: 853.497
RecoCaloMET_phi: 2.90264
Flag_allMETFilters: 1

      Run : 1 Lumi: 25 Event: 24539
HSCP type: 0
Ih: 4.93495
P: 2239.98
Pt: 1277
Eta: 1.16166
Phi: -2.52547
NbPixelHit_noL1: 2
NOM_noL1: 10
FracOfValidHit: 1
isHighPurityTrack: 1
miniRelIsoAll: 1
IsoSumPt_dr03: 0
dz: -0.00264404
dxy: 0.000575867
normChi2: 0
EoP: 0.00816375
Pterr: 217.554
Fpix: 0.969029
RecoPFMET: 163.344
RecoPFMET_phi: -2.80887
RecoCaloMET: 1172.62
RecoCaloMET_phi: 0.540259
Flag_allMETFilters: 1

      Run : 1 Lumi: 25 Event: 24540
HSCP type: 0
Ih: 4.703
P: 2792.5
Pt: 2620
Eta: 0.360912
Phi: 0.839479
NbPixelHit_noL1: 2
NOM_noL1: 16
FracOfValidHit: 1
isHighPurityTrack: 1
miniRelIsoAll: 1
IsoSumPt_dr03: 18.1719
dz: 0.00229248
dxy: -0.00125854
normChi2: 1
EoP: 0.0361908
Pterr: 671.679
Fpix: 0.9734
RecoPFMET: 2675.85
RecoPFMET_phi: -2.31816
RecoCaloMET: 2653.35
RecoCaloMET_phi: -2.31182
Flag_allMETFilters: 1

      Run : 1 Lumi: 25 Event: 24524
HSCP type: 0
Ih: 30.9702
P: 645.141
Pt: 644
Eta: 0.0595111
Phi: 2.68104
NbPixelHit_noL1: 3
NOM_noL1: 15
FracOfValidHit: 1
isHighPurityTrack: 1
miniRelIsoAll: 1
IsoSumPt_dr03: 0
dz: -0.00143311
dxy: -0.000856323
normChi2: 0
EoP: 0
Pterr: 114.62
Fpix: 0.999887
RecoPFMET: 615.042
RecoPFMET_phi: -0.460184
RecoCaloMET: 601.291
RecoCaloMET_phi: -0.464466
Flag_allMETFilters: 1

      Run : 1 Lumi: 25 Event: 24534
HSCP type: 1
Ih: 28.0389
P: 456.018
Pt: 364.75
Eta: 0.693442
Phi: 0.301181
NbPixelHit_noL1: 3
NOM_noL1: 16
FracOfValidHit: 1
isHighPurityTrack: 1
miniRelIsoAll: 0
IsoSumPt_dr03: 0
dz: -0.00638184
dxy: -0.00137085
normChi2: 0
EoP: 0
Pterr: 74.1528
Fpix: 1
RecoPFMET: 54.065
RecoPFMET_phi: -1.91142
RecoCaloMET: 13.906
RecoCaloMET_phi: -1.41618
Flag_allMETFilters: 1

      Run : 1 Lumi: 25 Event: 24536
HSCP type: 0
Ih: 9.04757
P: 2071.15
Pt: 902.5
Eta: 1.47258
Phi: -0.608222
NbPixelHit_noL1: 2
NOM_noL1: 14
FracOfValidHit: 1
isHighPurityTrack: 1
miniRelIsoAll: 1
IsoSumPt_dr03: 0
dz: 0.00148071
dxy: 5.38254e-05
normChi2: 0
EoP: 0
Pterr: 65.9952
Fpix: 0.995587
RecoPFMET: 292.659
RecoPFMET_phi: -0.719843
RecoCaloMET: 884.082
RecoCaloMET_phi: 2.58033
Flag_allMETFilters: 1

      Run : 1 Lumi: 25 Event: 24546
HSCP type: 0
Ih: 7.25569
P: 2274.39
Pt: 1239
Eta: -1.21641
Phi: -0.867019
NbPixelHit_noL1: 2
NOM_noL1: 9
FracOfValidHit: 1
isHighPurityTrack: 1
miniRelIsoAll: 1
IsoSumPt_dr03: 0
dz: 0.00247559
dxy: 0.000935059
normChi2: 0
EoP: 0
Pterr: 266.094
Fpix: 0.978858
RecoPFMET: 1261.15
RecoPFMET_phi: 2.25983
RecoCaloMET: 17.1972
RecoCaloMET_phi: 2.29043
Flag_allMETFilters: 1

      Run : 1 Lumi: 25 Event: 24545
HSCP type: 1
Ih: 8.89637
P: 1255.96
Pt: 510.75
Eta: -1.54875
Phi: 1.26322
NbPixelHit_noL1: 2
NOM_noL1: 18
FracOfValidHit: 1
isHighPurityTrack: 1
miniRelIsoAll: 0
IsoSumPt_dr03: 0
dz: -0.00207153
dxy: 0.000904541
normChi2: 0
EoP: 0
Pterr: 47.2008
Fpix: 0.999732
RecoPFMET: 51.4312
RecoPFMET_phi: 0.595411
RecoCaloMET: 30.3961
RecoCaloMET_phi: 0.2899
Flag_allMETFilters: 1

      Run : 1 Lumi: 25 Event: 24541
HSCP type: 0
Ih: 6.83461
P: 1296.21
Pt: 1283
Eta: 0.143376
Phi: 1.5519
NbPixelHit_noL1: 3
NOM_noL1: 16
FracOfValidHit: 1
isHighPurityTrack: 1
miniRelIsoAll: 1
IsoSumPt_dr03: 0
dz: -0.00473145
dxy: 0.00372559
normChi2: 0
EoP: 0
Pterr: 464.195
Fpix: 0.979453
RecoPFMET: 1438.57
RecoPFMET_phi: -1.6002
RecoCaloMET: 1402.95
RecoCaloMET_phi: -1.59754
Flag_allMETFilters: 1

      Run : 1 Lumi: 25 Event: 24538
HSCP type: 0
Ih: 6.30599
P: 1990.27
Pt: 1466
Eta: 0.822352
Phi: 2.18327
NbPixelHit_noL1: 3
NOM_noL1: 15
FracOfValidHit: 1
isHighPurityTrack: 1
miniRelIsoAll: 1
IsoSumPt_dr03: 0
dz: 0.000745239
dxy: -0.000222626
normChi2: 4
EoP: 0.00866808
Pterr: 306.11
Fpix: 0.990848
RecoPFMET: 1263.67
RecoPFMET_phi: -1.10508
RecoCaloMET: 1260.63
RecoCaloMET_phi: -1.10663
Flag_allMETFilters: 1

      Run : 1 Lumi: 25 Event: 24551
HSCP type: 0
Ih: 17.3578
P: 1033.11
Pt: 668.5
Eta: 1.00198
Phi: 2.71581
NbPixelHit_noL1: 4
NOM_noL1: 10
FracOfValidHit: 1
isHighPurityTrack: 1
miniRelIsoAll: 1
IsoSumPt_dr03: 0
dz: -0.000202637
dxy: 0.00106506
normChi2: 0
EoP: 0
Pterr: 284.222
Fpix: 1
RecoPFMET: 639.417
RecoPFMET_phi: -0.386553
RecoCaloMET: 620.806
RecoCaloMET_phi: -0.410978
Flag_allMETFilters: 1

      Run : 1 Lumi: 25 Event: 24544
HSCP type: 0
Ih: 6.73969
P: 1333.79
Pt: 1312
Eta: 0.182012
Phi: 0.288778
NbPixelHit_noL1: 3
NOM_noL1: 13
FracOfValidHit: 1
isHighPurityTrack: 1
miniRelIsoAll: 1
IsoSumPt_dr03: 0
dz: -0.00237671
dxy: -0.00158691
normChi2: 0
EoP: 0
Pterr: 245.231
Fpix: 0.99148
RecoPFMET: 1272.78
RecoPFMET_phi: -2.80587
RecoCaloMET: 1305.58
RecoCaloMET_phi: -2.82707
Flag_allMETFilters: 1

      Run : 1 Lumi: 25 Event: 24550
HSCP type: 0
Ih: 7.38332
P: 1234.54
Pt: 309.5
Eta: 2.06055
Phi: -0.0822291
NbPixelHit_noL1: 4
NOM_noL1: 20
FracOfValidHit: 1
isHighPurityTrack: 1
miniRelIsoAll: 1
IsoSumPt_dr03: 0
dz: 0.00315186
dxy: -6.01959e-05
normChi2: 0
EoP: 0.0440177
Pterr: 60.3498
Fpix: 0.999868
RecoPFMET: 353.691
RecoPFMET_phi: -2.85742
RecoCaloMET: 339.151
RecoCaloMET_phi: -2.80163
Flag_allMETFilters: 1

      Run : 1 Lumi: 25 Event: 24537
HSCP type: 1
Ih: 15.7286
P: 790.57
Pt: 763.5
Eta: -0.265511
Phi: -1.80425
NbPixelHit_noL1: 2
NOM_noL1: 16
FracOfValidHit: 1
isHighPurityTrack: 1
miniRelIsoAll: 1
IsoSumPt_dr03: 0
dz: 0.00220215
dxy: -0.000419006
normChi2: 0
EoP: 4.17247
Pterr: 172.314
Fpix: 0.989481
RecoPFMET: 3324.32
RecoPFMET_phi: 1.3313
RecoCaloMET: 3177.58
RecoCaloMET_phi: 1.34101
Flag_allMETFilters: 0

      Run : 1 Lumi: 25 Event: 24549
HSCP type: 0
Ih: 10.1009
P: 1328.31
Pt: 675.5
Eta: 1.29734
Phi: 0.245027
NbPixelHit_noL1: 3
NOM_noL1: 13
FracOfValidHit: 1
isHighPurityTrack: 1
miniRelIsoAll: 1
IsoSumPt_dr03: 0
dz: -0.000804443
dxy: 0.000635376
normChi2: 0
EoP: 0.0154323
Pterr: 152.077
Fpix: 0.999155
RecoPFMET: 30.4221
RecoPFMET_phi: -0.942504
RecoCaloMET: 24.5445
RecoCaloMET_phi: 0.103825
Flag_allMETFilters: 1

      Run : 1 Lumi: 25 Event: 24542
HSCP type: 0
Ih: 17.1114
P: 1142.15
Pt: 726.5
Eta: -1.02432
Phi: 1.80992
NbPixelHit_noL1: 4
NOM_noL1: 10
FracOfValidHit: 1
isHighPurityTrack: 1
miniRelIsoAll: 1
IsoSumPt_dr03: 0
dz: 0.00536621
dxy: 0.0105273
normChi2: 1
EoP: 0.0223179
Pterr: 620.261
Fpix: 0.999997
RecoPFMET: 716.517
RecoPFMET_phi: -1.2873
RecoCaloMET: 722.216
RecoCaloMET_phi: -1.32523
Flag_allMETFilters: 1

      Run : 1 Lumi: 25 Event: 24535
HSCP type: 0
Ih: 13.9081
P: 744.681
Pt: 389
Eta: 1.26603
Phi: -2.10104
NbPixelHit_noL1: 3
NOM_noL1: 11
FracOfValidHit: 1
isHighPurityTrack: 1
miniRelIsoAll: 1
IsoSumPt_dr03: 0
dz: -0.00742676
dxy: -0.00145874
normChi2: 0
EoP: 0
Pterr: 57.4554
Fpix: 1
RecoPFMET: 386.639
RecoPFMET_phi: 1.1564
RecoCaloMET: 444.592
RecoCaloMET_phi: 1.13384
Flag_allMETFilters: 1

      Run : 1 Lumi: 25 Event: 24543
HSCP type: 0
Ih: 4.064
P: 4139.49
Pt: 781
Eta: -2.35188
Phi: 2.56102
NbPixelHit_noL1: 7
NOM_noL1: 21
FracOfValidHit: 1
isHighPurityTrack: 1
miniRelIsoAll: 1
IsoSumPt_dr03: 0
dz: 0.00134277
dxy: -0.000700684
normChi2: 1
EoP: 0
Pterr: 648.026
Fpix: 0.798199
RecoPFMET: 994.2
RecoPFMET_phi: -0.846011
RecoCaloMET: 923.49
RecoCaloMET_phi: -0.809003
Flag_allMETFilters: 1

      Run : 1 Lumi: 25 Event: 24552
HSCP type: 0
Ih: 17.5498
P: 740.545
Pt: 673.5
Eta: 0.442579
Phi: -2.69637
NbPixelHit_noL1: 2
NOM_noL1: 13
FracOfValidHit: 1
isHighPurityTrack: 1
miniRelIsoAll: 1
IsoSumPt_dr03: 0
dz: -0.000377808
dxy: -0.00252441
normChi2: 0
EoP: 0.0406355
Pterr: 152.224
Fpix: 0.998382
RecoPFMET: 672.742
RecoPFMET_phi: 0.566897
RecoCaloMET: 665.576
RecoCaloMET_phi: 0.525853
Flag_allMETFilters: 1

      Run : 1 Lumi: 25 Event: 24556
HSCP type: 0
Ih: 10.9789
P: 1178.2
Pt: 877.5
Eta: 0.805872
Phi: 1.14242
NbPixelHit_noL1: 4
NOM_noL1: 19
FracOfValidHit: 1
isHighPurityTrack: 1
miniRelIsoAll: 1
IsoSumPt_dr03: 0
dz: 0.000617065
dxy: 0.000585632
normChi2: 0
EoP: 0.015264
Pterr: 271.991
Fpix: 0.985542
RecoPFMET: 621.93
RecoPFMET_phi: -1.51712
RecoCaloMET: 664.211
RecoCaloMET_phi: -1.60662
Flag_allMETFilters: 1

      Run : 1 Lumi: 25 Event: 24553
HSCP type: 0
Ih: 7.04013
P: 2701.96
Pt: 738
Eta: -1.97174
Phi: 2.38699
NbPixelHit_noL1: 4
NOM_noL1: 19
FracOfValidHit: 1
isHighPurityTrack: 1
miniRelIsoAll: 1
IsoSumPt_dr03: 0
dz: -0.00104797
dxy: 0.00109497
normChi2: 0
EoP: 0
Pterr: 104.693
Fpix: 0.999954
RecoPFMET: 233.625
RecoPFMET_phi: -0.312153
RecoCaloMET: 828.798
RecoCaloMET_phi: -1.16732
Flag_allMETFilters: 1

      Run : 1 Lumi: 25 Event: 24548
HSCP type: 0
Ih: 8.30486
P: 1253.31
Pt: 642.5
Eta: 1.288
Phi: -1.44907
NbPixelHit_noL1: 2
NOM_noL1: 13
FracOfValidHit: 1
isHighPurityTrack: 1
miniRelIsoAll: 1
IsoSumPt_dr03: 0
dz: 0.00399658
dxy: -0.00213257
normChi2: 1
EoP: 0.0197531
Pterr: 122.609
Fpix: 0.99626
RecoPFMET: 317.836
RecoPFMET_phi: 1.31876
RecoCaloMET: 914.694
RecoCaloMET_phi: 1.40266
Flag_allMETFilters: 1

      Run : 1 Lumi: 25 Event: 24559
HSCP type: 0
Ih: 9.18353
P: 1864.96
Pt: 1652
Eta: 0.502457
Phi: -0.727854
NbPixelHit_noL1: 3
NOM_noL1: 18
FracOfValidHit: 1
isHighPurityTrack: 1
miniRelIsoAll: 1
IsoSumPt_dr03: 0
dz: 0.00231689
dxy: 0.00225342
normChi2: 0
EoP: 0
Pterr: 547.741
Fpix: 0.998786
RecoPFMET: 1609.92
RecoPFMET_phi: 2.41833
RecoCaloMET: 1630.17
RecoCaloMET_phi: 2.43948
Flag_allMETFilters: 1

      Run : 1 Lumi: 25 Event: 24554
HSCP type: 0
Ih: 9.35024
P: 1045.23
Pt: 542
Eta: 1.27464
Phi: 1.34701
NbPixelHit_noL1: 3
NOM_noL1: 14
FracOfValidHit: 1
isHighPurityTrack: 1
miniRelIsoAll: 1
IsoSumPt_dr03: 0
dz: 0.00351074
dxy: -0.000828857
normChi2: 0
EoP: 0.0535476
Pterr: 119.174
Fpix: 0.99993
RecoPFMET: 58.5547
RecoPFMET_phi: 0.402845
RecoCaloMET: 52.0611
RecoCaloMET_phi: 2.01388
Flag_allMETFilters: 1

      Run : 1 Lumi: 25 Event: 24555
HSCP type: 0
Ih: 22.0365
P: 812.056
Pt: 810
Eta: 0.0712302
Phi: -0.962822
NbPixelHit_noL1: 3
NOM_noL1: 14
FracOfValidHit: 1
isHighPurityTrack: 1
miniRelIsoAll: 1
IsoSumPt_dr03: 0
dz: -0.0049707
dxy: 0.00304687
normChi2: 0
EoP: 0
Pterr: 121.208
Fpix: 0.999409
RecoPFMET: 630.905
RecoPFMET_phi: 1.93078
RecoCaloMET: 657.343
RecoCaloMET_phi: 2.03767
Flag_allMETFilters: 1

      Run : 1 Lumi: 25 Event: 24566
HSCP type: 0
Ih: 9.9115
P: 1175.09
Pt: 734.5
Eta: -1.04685
Phi: 0.487808
NbPixelHit_noL1: 3
NOM_noL1: 8
FracOfValidHit: 1
isHighPurityTrack: 1
miniRelIsoAll: 1
IsoSumPt_dr03: 0
dz: -0.00354736
dxy: 0.00226929
normChi2: 0
EoP: 0
Pterr: 268.883
Fpix: 0.996424
RecoPFMET: 310.524
RecoPFMET_phi: -2.79267
RecoCaloMET: 677.334
RecoCaloMET_phi: -2.68371
Flag_allMETFilters: 1

      Run : 1 Lumi: 25 Event: 24558
HSCP type: 0
Ih: 9.61201
P: 2121.07
Pt: 1052
Eta: -1.32627
Phi: -0.834108
NbPixelHit_noL1: 4
NOM_noL1: 15
FracOfValidHit: 1
isHighPurityTrack: 1
miniRelIsoAll: 1
IsoSumPt_dr03: 0
dz: -0.00486328
dxy: -0.000925903
normChi2: 0
EoP: 0
Pterr: 82.5922
Fpix: 0.999998
RecoPFMET: 369.672
RecoPFMET_phi: 2.2695
RecoCaloMET: 911.23
RecoCaloMET_phi: 2.79577
Flag_allMETFilters: 1

      Run : 1 Lumi: 25 Event: 24560
HSCP type: 0
Ih: 17.5148
P: 820.895
Pt: 635
Eta: -0.747642
Phi: 0.940263
NbPixelHit_noL1: 3
NOM_noL1: 11
FracOfValidHit: 1
isHighPurityTrack: 1
miniRelIsoAll: 1
IsoSumPt_dr03: 0
dz: -0.000717773
dxy: -0.00136475
normChi2: 0
EoP: 0
Pterr: 430.895
Fpix: 0.999972
RecoPFMET: 599.632
RecoPFMET_phi: -2.11727
RecoCaloMET: 594.212
RecoCaloMET_phi: -2.21343
Flag_allMETFilters: 1

      Run : 1 Lumi: 25 Event: 24563
HSCP type: 0
Ih: 16.5998
P: 730.802
Pt: 462.75
Eta: 1.03018
Phi: 1.33676
NbPixelHit_noL1: 3
NOM_noL1: 9
FracOfValidHit: 1
isHighPurityTrack: 1
miniRelIsoAll: 1
IsoSumPt_dr03: 0
dz: 0.0133008
dxy: -0.00391602
normChi2: 0
EoP: 0
Pterr: 105.548
Fpix: 1
RecoPFMET: 320.408
RecoPFMET_phi: -1.65253
RecoCaloMET: 347.83
RecoCaloMET_phi: -1.6311
Flag_allMETFilters: 1

      Run : 1 Lumi: 25 Event: 24565
HSCP type: 0
Ih: 9.84307
P: 1594.59
Pt: 827
Eta: -1.27445
Phi: -0.237605
NbPixelHit_noL1: 2
NOM_noL1: 10
FracOfValidHit: 1
isHighPurityTrack: 1
miniRelIsoAll: 1
IsoSumPt_dr03: 0
dz: -0.00162476
dxy: -0.000775757
normChi2: 0
EoP: 0
Pterr: 81.7943
Fpix: 0.998098
RecoPFMET: 704.458
RecoPFMET_phi: 2.78485
RecoCaloMET: 736.495
RecoCaloMET_phi: 2.80952
Flag_allMETFilters: 1

      Run : 1 Lumi: 25 Event: 24568
HSCP type: 0
Ih: 22.8751
P: 681.892
Pt: 605
Eta: -0.498978
Phi: 1.54468
NbPixelHit_noL1: 3
NOM_noL1: 17
FracOfValidHit: 1
isHighPurityTrack: 1
miniRelIsoAll: 1
IsoSumPt_dr03: 0
dz: -0.00143555
dxy: -0.00199463
normChi2: 0
EoP: 0
Pterr: 148.626
Fpix: 0.999998
RecoPFMET: 821.491
RecoPFMET_phi: -1.24545
RecoCaloMET: 756.046
RecoCaloMET_phi: -1.31392
Flag_allMETFilters: 1

      Run : 1 Lumi: 25 Event: 24567
HSCP type: 0
Ih: 14.4957
P: 1296.89
Pt: 774
Eta: 1.10526
Phi: -2.46121
NbPixelHit_noL1: 3
NOM_noL1: 8
FracOfValidHit: 1
isHighPurityTrack: 1
miniRelIsoAll: 1
IsoSumPt_dr03: 0
dz: -0.00421631
dxy: -0.00268311
normChi2: 0
EoP: 0.0143211
Pterr: 52.8079
Fpix: 1
RecoPFMET: 807.822
RecoPFMET_phi: 1.35043
RecoCaloMET: 724.043
RecoCaloMET_phi: 1.19578
Flag_allMETFilters: 1

      Run : 1 Lumi: 25 Event: 24572
HSCP type: 0
Ih: 9.56612
P: 937.809
Pt: 924
Eta: 0.172674
Phi: 1.22289
NbPixelHit_noL1: 3
NOM_noL1: 16
FracOfValidHit: 1
isHighPurityTrack: 1
miniRelIsoAll: 1
IsoSumPt_dr03: 0
dz: -0.00168091
dxy: 0.00059845
normChi2: 0
EoP: 0
Pterr: 273.986
Fpix: 0.99616
RecoPFMET: 1014.61
RecoPFMET_phi: -1.83408
RecoCaloMET: 1008.27
RecoCaloMET_phi: -1.84032
Flag_allMETFilters: 1

      Run : 1 Lumi: 25 Event: 24576
HSCP type: 0
Ih: 7.27465
P: 1211.06
Pt: 692.5
Eta: 1.15799
Phi: 2.63612
NbPixelHit_noL1: 2
NOM_noL1: 9
FracOfValidHit: 1
isHighPurityTrack: 1
miniRelIsoAll: 1
IsoSumPt_dr03: 0
dz: -0.00074585
dxy: 0.00515137
normChi2: 0
EoP: 0
Pterr: 109.608
Fpix: 0.959234
RecoPFMET: 841.089
RecoPFMET_phi: -0.529378
RecoCaloMET: 797.076
RecoCaloMET_phi: -0.566802
Flag_allMETFilters: 1

      Run : 1 Lumi: 25 Event: 24570
HSCP type: 0
Ih: 6.39559
P: 1105.19
Pt: 865
Eta: 0.728965
Phi: 2.64539
NbPixelHit_noL1: 3
NOM_noL1: 16
FracOfValidHit: 1
isHighPurityTrack: 1
miniRelIsoAll: 1
IsoSumPt_dr03: 0
dz: 0.00244385
dxy: -0.0012207
normChi2: 0
EoP: 0.018993
Pterr: 140.411
Fpix: 0.969029
RecoPFMET: 1112.5
RecoPFMET_phi: -0.485247
RecoCaloMET: 1054.19
RecoCaloMET_phi: -0.492782
Flag_allMETFilters: 1

      Run : 1 Lumi: 25 Event: 24583
HSCP type: 0
Ih: 9.28108
P: 1185.06
Pt: 826.5
Eta: 0.900723
Phi: -3.02324
NbPixelHit_noL1: 3
NOM_noL1: 16
FracOfValidHit: 1
isHighPurityTrack: 1
miniRelIsoAll: 1
IsoSumPt_dr03: 0
dz: -0.00213623
dxy: 0.000184631
normChi2: 0
EoP: 0.0302496
Pterr: 296.925
Fpix: 0.996385
RecoPFMET: 816.35
RecoPFMET_phi: 0.115355
RecoCaloMET: 830.811
RecoCaloMET_phi: 0.124836
Flag_allMETFilters: 1

      Run : 1 Lumi: 25 Event: 24580
HSCP type: 0
Ih: 5.16873
P: 4313.92
Pt: 3480
Eta: -0.679159
Phi: 0.930692
NbPixelHit_noL1: 0
NOM_noL1: 9
FracOfValidHit: 0.818182
isHighPurityTrack: 1
miniRelIsoAll: 1
IsoSumPt_dr03: 0
dz: 0.0939063
dxy: 0.00752441
normChi2: 1
EoP: 0.00351771
Pterr: 6016.58
Fpix: 1
RecoPFMET: 3270.22
RecoPFMET_phi: -2.18761
RecoCaloMET: 173.79
RecoCaloMET_phi: 0.781496
Flag_allMETFilters: 1

      Run : 1 Lumi: 25 Event: 24574
HSCP type: 0
Ih: 51.973
P: 443.384
Pt: 246.125
Eta: -1.19388
Phi: -0.279598
NbPixelHit_noL1: 2
NOM_noL1: 3
FracOfValidHit: 1
isHighPurityTrack: 1
miniRelIsoAll: 1
IsoSumPt_dr03: 57.375
dz: -0.0033667
dxy: -0.00401123
normChi2: 0
EoP: 0.0553668
Pterr: 21.4596
Fpix: 0.996877
RecoPFMET: 88.8417
RecoPFMET_phi: 1.30554
RecoCaloMET: 88.5416
RecoCaloMET_phi: 1.22802
Flag_allMETFilters: 1

      Run : 1 Lumi: 25 Event: 24590
HSCP type: 0
Ih: 8.66405
P: 8788.01
Pt: 8784
Eta: 0.0302133
Phi: 0.843776
NbPixelHit_noL1: 3
NOM_noL1: 14
FracOfValidHit: 1
isHighPurityTrack: 1
miniRelIsoAll: 1
IsoSumPt_dr03: 0
dz: -0.00129883
dxy: -0.000854492
normChi2: 0
EoP: 0
Pterr: 276.355
Fpix: 0.96115
RecoPFMET: 8827.44
RecoPFMET_phi: -2.28283
RecoCaloMET: 8851.96
RecoCaloMET_phi: -2.28754
Flag_allMETFilters: 1

      Run : 1 Lumi: 25 Event: 24584
HSCP type: 0
Ih: 7.08729
P: 2032.43
Pt: 979
Eta: -1.35978
Phi: -0.0226569
NbPixelHit_noL1: 2
NOM_noL1: 13
FracOfValidHit: 1
isHighPurityTrack: 1
miniRelIsoAll: 1
IsoSumPt_dr03: 32.5625
dz: 0.00046936
dxy: -0.00196045
normChi2: 1
EoP: 0.077501
Pterr: 173.478
Fpix: 0.993692
RecoPFMET: 1080.49
RecoPFMET_phi: 3.08734
RecoCaloMET: 1031.41
RecoCaloMET_phi: 3.11314
Flag_allMETFilters: 1

      Run : 1 Lumi: 25 Event: 24589
HSCP type: 0
Ih: 9.18362
P: 1157.04
Pt: 296.25
Eta: -2.03876
Phi: 1.13617
NbPixelHit_noL1: 6
NOM_noL1: 22
FracOfValidHit: 1
isHighPurityTrack: 1
miniRelIsoAll: 1
IsoSumPt_dr03: 0
dz: -0.000895996
dxy: 0.00174927
normChi2: 0
EoP: 0
Pterr: 29.7176
Fpix: 1
RecoPFMET: 330.782
RecoPFMET_phi: -2.06842
RecoCaloMET: 325.661
RecoCaloMET_phi: -2.02062
Flag_allMETFilters: 1

      Run : 1 Lumi: 25 Event: 24579
HSCP type: 0
Ih: 5.35196
P: 1825.13
Pt: 965.5
Eta: -1.2512
Phi: -1.14427
NbPixelHit_noL1: 4
NOM_noL1: 11
FracOfValidHit: 1
isHighPurityTrack: 1
miniRelIsoAll: 1
IsoSumPt_dr03: 0
dz: -0.000303802
dxy: 0.000690918
normChi2: 0
EoP: 0.0143286
Pterr: 215.159
Fpix: 0.916945
RecoPFMET: 232.958
RecoPFMET_phi: 2.06806
RecoCaloMET: 890.994
RecoCaloMET_phi: 2.07587
Flag_allMETFilters: 1

      Run : 1 Lumi: 25 Event: 24581
HSCP type: 0
Ih: 12.7999
P: 1472.03
Pt: 820
Eta: -1.18967
Phi: 2.46189
NbPixelHit_noL1: 3
NOM_noL1: 10
FracOfValidHit: 1
isHighPurityTrack: 1
miniRelIsoAll: 1
IsoSumPt_dr03: 0
dz: -0.00470459
dxy: 0.00118286
normChi2: 0
EoP: 0
Pterr: 188.38
Fpix: 0.99994
RecoPFMET: 1166.1
RecoPFMET_phi: -0.476467
RecoCaloMET: 1026.62
RecoCaloMET_phi: -0.540128
Flag_allMETFilters: 1

      Run : 1 Lumi: 25 Event: 24586
HSCP type: 0
Ih: 14.3844
P: 1157.78
Pt: 1108
Eta: 0.298654
Phi: -0.0629902
NbPixelHit_noL1: 2
NOM_noL1: 10
FracOfValidHit: 1
isHighPurityTrack: 1
miniRelIsoAll: 1
IsoSumPt_dr03: 0
dz: 0.00355713
dxy: 0.0012793
normChi2: 2
EoP: 0
Pterr: 1747.54
Fpix: 0.999684
RecoPFMET: 179.504
RecoPFMET_phi: -2.91644
RecoCaloMET: 229.811
RecoCaloMET_phi: -2.83416
Flag_allMETFilters: 1

      Run : 1 Lumi: 25 Event: 24595
HSCP type: 0
Ih: 7.23124
P: 1215.15
Pt: 320
Eta: 2.00964
Phi: 2.81835
NbPixelHit_noL1: 3
NOM_noL1: 13
FracOfValidHit: 1
isHighPurityTrack: 1
miniRelIsoAll: 1
IsoSumPt_dr03: 0
dz: 0.000118179
dxy: 1.61457e-05
normChi2: 0
EoP: 0
Pterr: 64.9059
Fpix: 0.999924
RecoPFMET: 240.459
RecoPFMET_phi: -0.171369
RecoCaloMET: 232.313
RecoCaloMET_phi: -0.269483
Flag_allMETFilters: 1

      Run : 1 Lumi: 25 Event: 24593
HSCP type: 0
Ih: 14.2631
P: 824.529
Pt: 820.5
Eta: -0.0990631
Phi: 2.52967
NbPixelHit_noL1: 1
NOM_noL1: 13
FracOfValidHit: 1
isHighPurityTrack: 1
miniRelIsoAll: 1
IsoSumPt_dr03: 0
dz: 0.00198975
dxy: 0.00199341
normChi2: 0
EoP: 0
Pterr: 145.785
Fpix: 0.996877
RecoPFMET: 721.181
RecoPFMET_phi: -0.697603
RecoCaloMET: 768.861
RecoCaloMET_phi: -0.682942
Flag_allMETFilters: 1

      Run : 1 Lumi: 25 Event: 24588
HSCP type: 0
Ih: 9.74362
P: 5402.21
Pt: 5396
Eta: -0.0479751
Phi: 0.0624043
NbPixelHit_noL1: 2
NOM_noL1: 13
FracOfValidHit: 1
isHighPurityTrack: 1
miniRelIsoAll: 1
IsoSumPt_dr03: 0
dz: 0.00192749
dxy: -0.00443359
normChi2: 0
EoP: 0.00211117
Pterr: 155.928
Fpix: 0.993692
RecoPFMET: 5393.44
RecoPFMET_phi: -3.11762
RecoCaloMET: 5423.92
RecoCaloMET_phi: -3.10831
Flag_allMETFilters: 1

      Run : 1 Lumi: 25 Event: 24599
HSCP type: 0
Ih: 12.8248
P: 13577.5
Pt: 13576
Eta: 0.014832
Phi: -3.00986
NbPixelHit_noL1: 3
NOM_noL1: 15
FracOfValidHit: 1
isHighPurityTrack: 1
miniRelIsoAll: 1
IsoSumPt_dr03: 0
dz: 1.53446e-05
dxy: -0.00046051
normChi2: 0
EoP: 0.000791834
Pterr: 113.828
Fpix: 0.994858
RecoPFMET: 13582.8
RecoPFMET_phi: 0.136598
RecoCaloMET: 13568.8
RecoCaloMET_phi: 0.133074
Flag_allMETFilters: 1

      Run : 1 Lumi: 25 Event: 24606
HSCP type: 0
Ih: 8.31647
P: 1219.2
Pt: 928.5
Eta: -0.771996
Phi: -0.280477
NbPixelHit_noL1: 3
NOM_noL1: 14
FracOfValidHit: 1
isHighPurityTrack: 1
miniRelIsoAll: 1
IsoSumPt_dr03: 0
dz: -0.000279083
dxy: 0.000334167
normChi2: 1
EoP: 0
Pterr: 178.092
Fpix: 0.999311
RecoPFMET: 74.0217
RecoPFMET_phi: 3.10789
RecoCaloMET: 163.29
RecoCaloMET_phi: 2.96211
Flag_allMETFilters: 1

      Run : 1 Lumi: 25 Event: 24603
HSCP type: 0
Ih: 5.18574
P: 3233.66
Pt: 2774
Eta: 0.568011
Phi: -0.766723
NbPixelHit_noL1: 3
NOM_noL1: 16
FracOfValidHit: 1
isHighPurityTrack: 1
miniRelIsoAll: 1
IsoSumPt_dr03: 0
dz: 0.00239014
dxy: -0.000838623
normChi2: 0
EoP: 0.00397733
Pterr: 1274.86
Fpix: 0.999547
RecoPFMET: 2849.69
RecoPFMET_phi: 2.39589
RecoCaloMET: 2808.22
RecoCaloMET_phi: 2.38365
Flag_allMETFilters: 1

      Run : 1 Lumi: 25 Event: 24608
HSCP type: 0
Ih: 5.97754
P: 2323.39
Pt: 2082
Eta: -0.477004
Phi: -2.20798
NbPixelHit_noL1: 3
NOM_noL1: 16
FracOfValidHit: 1
isHighPurityTrack: 1
miniRelIsoAll: 1
IsoSumPt_dr03: 0
dz: -0.00133789
dxy: -0.000251923
normChi2: 0
EoP: 0.00668354
Pterr: 825.438
Fpix: 0.905904
RecoPFMET: 538.113
RecoPFMET_phi: 0.998601
RecoCaloMET: 545.049
RecoCaloMET_phi: 0.974313
Flag_allMETFilters: 1

      Run : 1 Lumi: 25 Event: 24609
HSCP type: 0
Ih: 24.6252
P: 3421.24
Pt: 2616
Eta: 0.76577
Phi: -0.112601
NbPixelHit_noL1: 2
NOM_noL1: 16
FracOfValidHit: 1
isHighPurityTrack: 1
miniRelIsoAll: 1
IsoSumPt_dr03: 0
dz: 0.00140137
dxy: 0.000160522
normChi2: 0
EoP: 0
Pterr: 67.3667
Fpix: 0.999998
RecoPFMET: 2681.74
RecoPFMET_phi: 3.01244
RecoCaloMET: 2675.58
RecoCaloMET_phi: 3.02593
Flag_allMETFilters: 1

      Run : 1 Lumi: 25 Event: 24600
HSCP type: 0
Ih: 15.068
P: 747.971
Pt: 701.5
Eta: 0.362011
Phi: -0.62414
NbPixelHit_noL1: 3
NOM_noL1: 16
FracOfValidHit: 1
isHighPurityTrack: 1
miniRelIsoAll: 1
IsoSumPt_dr03: 0
dz: 0.00156982
dxy: -8.99506e-05
normChi2: 0
EoP: 0.0164537
Pterr: 254.025
Fpix: 0.999958
RecoPFMET: 86.9706
RecoPFMET_phi: -0.327565
RecoCaloMET: 156.904
RecoCaloMET_phi: -0.778404
Flag_allMETFilters: 1

      Run : 1 Lumi: 25 Event: 24619
HSCP type: 0
Ih: 8.08729
P: 1251.53
Pt: 901.5
Eta: 0.854946
Phi: -2.25339
NbPixelHit_noL1: 3
NOM_noL1: 15
FracOfValidHit: 0.944444
isHighPurityTrack: 1
miniRelIsoAll: 1
IsoSumPt_dr03: 0
dz: -0.00754395
dxy: 0.00024704
normChi2: 0
EoP: 2.69209
Pterr: 113.271
Fpix: 0.99953
RecoPFMET: 436.644
RecoPFMET_phi: 0.329455
RecoCaloMET: 2934.71
RecoCaloMET_phi: 0.854389
Flag_allMETFilters: 0

      Run : 1 Lumi: 25 Event: 24616
HSCP type: 0
Ih: 6.68036
P: 1784.74
Pt: 1673
Eta: -0.363475
Phi: -1.09945
NbPixelHit_noL1: 2
NOM_noL1: 13
FracOfValidHit: 1
isHighPurityTrack: 1
miniRelIsoAll: 1
IsoSumPt_dr03: 0
dz: 0.003479
dxy: -0.00118042
normChi2: 0
EoP: 0
Pterr: 437.368
Fpix: 0.912454
RecoPFMET: 199.542
RecoPFMET_phi: 1.88417
RecoCaloMET: 193.7
RecoCaloMET_phi: 1.78687
Flag_allMETFilters: 1

      Run : 1 Lumi: 25 Event: 24617
HSCP type: 0
Ih: 6.53931
P: 1427.97
Pt: 812
Eta: 1.16477
Phi: 1.719
NbPixelHit_noL1: 2
NOM_noL1: 7
FracOfValidHit: 1
isHighPurityTrack: 1
miniRelIsoAll: 1
IsoSumPt_dr03: 0
dz: 0.00116699
dxy: -0.00174927
normChi2: 0
EoP: 0
Pterr: 206.524
Fpix: 0.842421
RecoPFMET: 710.78
RecoPFMET_phi: -1.4763
RecoCaloMET: 755.164
RecoCaloMET_phi: -1.49159
Flag_allMETFilters: 1

      Run : 1 Lumi: 25 Event: 24607
HSCP type: 1
Ih: 9.36645
P: 1102.44
Pt: 524.5
Eta: -1.37388
Phi: 2.70106
NbPixelHit_noL1: 3
NOM_noL1: 14
FracOfValidHit: 1
isHighPurityTrack: 1
miniRelIsoAll: 0
IsoSumPt_dr03: 385.75
dz: -0.00262695
dxy: -0.00124878
normChi2: 0
EoP: 0
Pterr: 55.5345
Fpix: 0.999627
RecoPFMET: 5931.4
RecoPFMET_phi: 2.75539
RecoCaloMET: 6247.95
RecoCaloMET_phi: 2.71246
Flag_allMETFilters: 0

      Run : 1 Lumi: 25 Event: 24625
HSCP type: 0
Ih: 20.7615
P: 800.167
Pt: 567
Eta: -0.878384
Phi: 1.67915
NbPixelHit_noL1: 3
NOM_noL1: 17
FracOfValidHit: 0.947368
isHighPurityTrack: 1
miniRelIsoAll: 1
IsoSumPt_dr03: 0
dz: 0.0109473
dxy: -0.000917969
normChi2: 0
EoP: 0
Pterr: 38.0702
Fpix: 1
RecoPFMET: 108.025
RecoPFMET_phi: 0.939159
RecoCaloMET: 567.205
RecoCaloMET_phi: -1.48919
Flag_allMETFilters: 1

      Run : 1 Lumi: 25 Event: 24610
HSCP type: 0
Ih: 4.32318
P: 2861.44
Pt: 1340
Eta: -1.39183
Phi: 2.32126
NbPixelHit_noL1: 3
NOM_noL1: 17
FracOfValidHit: 1
isHighPurityTrack: 1
miniRelIsoAll: 1
IsoSumPt_dr03: 0
dz: -0.00344727
dxy: -0.000513611
normChi2: 1
EoP: 0
Pterr: 204.87
Fpix: 0.728801
RecoPFMET: 661.086
RecoPFMET_phi: 0.0217101
RecoCaloMET: 651.758
RecoCaloMET_phi: -0.210641
Flag_allMETFilters: 1

      Run : 1 Lumi: 25 Event: 24624
HSCP type: 0
Ih: 14.9719
P: 1049.66
Pt: 976.5
Eta: -0.384716
Phi: 1.35971
NbPixelHit_noL1: 3
NOM_noL1: 13
FracOfValidHit: 1
isHighPurityTrack: 1
miniRelIsoAll: 1
IsoSumPt_dr03: 0
dz: -0.000353393
dxy: 0.00142578
normChi2: 0
EoP: 0
Pterr: 183.868
Fpix: 0.999958
RecoPFMET: 921.388
RecoPFMET_phi: -1.81676
RecoCaloMET: 940.672
RecoCaloMET_phi: -1.82048
Flag_allMETFilters: 1

      Run : 1 Lumi: 25 Event: 24626
HSCP type: 0
Ih: 6.89922
P: 1507.75
Pt: 297.75
Eta: 2.30537
Phi: 2.53699
NbPixelHit_noL1: 3
NOM_noL1: 18
FracOfValidHit: 1
isHighPurityTrack: 1
miniRelIsoAll: 1
IsoSumPt_dr03: 0
dz: -0.00354004
dxy: -0.000602417
normChi2: 0
EoP: 0
Pterr: 55.3163
Fpix: 0.999959
RecoPFMET: 310.148
RecoPFMET_phi: -0.504199
RecoCaloMET: 297.426
RecoCaloMET_phi: -0.591956
Flag_allMETFilters: 1

      Run : 1 Lumi: 25 Event: 24633
HSCP type: 0
Ih: 9.07144
P: 1093.39
Pt: 945.5
Eta: -0.552263
Phi: 1.23549
NbPixelHit_noL1: 3
NOM_noL1: 17
FracOfValidHit: 1
isHighPurityTrack: 1
miniRelIsoAll: 1
IsoSumPt_dr03: 0
dz: -0.00446289
dxy: 0.00183594
normChi2: 0
EoP: 0.0166582
Pterr: 265.656
Fpix: 0.997674
RecoPFMET: 916.701
RecoPFMET_phi: -1.88514
RecoCaloMET: 935.618
RecoCaloMET_phi: -1.89266
Flag_allMETFilters: 1

      Run : 1 Lumi: 25 Event: 24630
HSCP type: 0
Ih: 6.07254
P: 2185.23
Pt: 1204
Eta: -1.20286
Phi: -0.0321299
NbPixelHit_noL1: 1
NOM_noL1: 9
FracOfValidHit: 1
isHighPurityTrack: 1
miniRelIsoAll: 1
IsoSumPt_dr03: 0
dz: -6.02722e-06
dxy: 0.000610046
normChi2: 0
EoP: 0
Pterr: 198.683
Fpix: 0.988459
RecoPFMET: 1272.63
RecoPFMET_phi: 3.11463
RecoCaloMET: 1271
RecoCaloMET_phi: 3.11691
Flag_allMETFilters: 1

      Run : 1 Lumi: 25 Event: 24623
HSCP type: 0
Ih: 4.77527
P: 2546.84
Pt: 1354
Eta: -1.24534
Phi: -2.26628
NbPixelHit_noL1: 2
NOM_noL1: 12
FracOfValidHit: 1
isHighPurityTrack: 1
miniRelIsoAll: 1
IsoSumPt_dr03: 0
dz: 0.0016748
dxy: 8.26263e-05
normChi2: 0
EoP: 0
Pterr: 155.414
Fpix: 0.905904
RecoPFMET: 330.331
RecoPFMET_phi: -2.29135
RecoCaloMET: 1356.96
RecoCaloMET_phi: 0.88338
Flag_allMETFilters: 1

      Run : 1 Lumi: 25 Event: 24641
HSCP type: 0
Ih: 5.63052
P: 2172.91
Pt: 588.5
Eta: -1.98053
Phi: 0.467006
NbPixelHit_noL1: 5
NOM_noL1: 21
FracOfValidHit: 1
isHighPurityTrack: 1
miniRelIsoAll: 1
IsoSumPt_dr03: 0
dz: 0.00256836
dxy: -8.30841e-05
normChi2: 0
EoP: 0
Pterr: 90.2113
Fpix: 0.997349
RecoPFMET: 544.31
RecoPFMET_phi: -2.79951
RecoCaloMET: 547.697
RecoCaloMET_phi: -2.80438
Flag_allMETFilters: 1

      Run : 1 Lumi: 25 Event: 24634
HSCP type: 0
Ih: 11.8605
P: 1024.5
Pt: 943.5
Eta: -0.411451
Phi: 1.83775
NbPixelHit_noL1: 3
NOM_noL1: 16
FracOfValidHit: 1
isHighPurityTrack: 1
miniRelIsoAll: 1
IsoSumPt_dr03: 0
dz: -0.00284424
dxy: 0.000785522
normChi2: 0
EoP: 0.0130484
Pterr: 336.526
Fpix: 0.99994
RecoPFMET: 774.33
RecoPFMET_phi: -1.3901
RecoCaloMET: 864.955
RecoCaloMET_phi: -1.33693
Flag_allMETFilters: 1

      Run : 1 Lumi: 25 Event: 24645
HSCP type: 0
Ih: 23.1836
P: 608
Pt: 608
Eta: 0
Phi: 1.90982
NbPixelHit_noL1: 3
NOM_noL1: 15
FracOfValidHit: 1
isHighPurityTrack: 1
miniRelIsoAll: 1
IsoSumPt_dr03: 0
dz: 0.00440186
dxy: 0.000244751
normChi2: 0
EoP: 0
Pterr: 69.9869
Fpix: 1
RecoPFMET: 233.045
RecoPFMET_phi: 1.9766
RecoCaloMET: 595.376
RecoCaloMET_phi: -1.27421
Flag_allMETFilters: 1

      Run : 1 Lumi: 25 Event: 24631
HSCP type: 0
Ih: 24.3831
P: 486.216
Pt: 397.5
Eta: 0.65627
Phi: -2.34372
NbPixelHit_noL1: 3
NOM_noL1: 17
FracOfValidHit: 1
isHighPurityTrack: 1
miniRelIsoAll: 1
IsoSumPt_dr03: 0
dz: -0.00188843
dxy: 0.00181519
normChi2: 0
EoP: 0
Pterr: 99.9453
Fpix: 0.999999
RecoPFMET: 47.8422
RecoPFMET_phi: -0.542869
RecoCaloMET: 59.7748
RecoCaloMET_phi: -1.08042
Flag_allMETFilters: 1

      Run : 1 Lumi: 25 Event: 24646
HSCP type: 0
Ih: 10.9097
P: 1764.36
Pt: 1675
Eta: -0.325205
Phi: 2.49812
NbPixelHit_noL1: 2
NOM_noL1: 15
FracOfValidHit: 1
isHighPurityTrack: 1
miniRelIsoAll: 1
IsoSumPt_dr03: 0
dz: 0.00489258
dxy: 0.00263428
normChi2: 0
EoP: 0
Pterr: 759.018
Fpix: 0.986179
RecoPFMET: 1424.25
RecoPFMET_phi: -0.688651
RecoCaloMET: 1525.52
RecoCaloMET_phi: -0.707869
Flag_allMETFilters: 1

      Run : 1 Lumi: 25 Event: 24642
HSCP type: 0
Ih: 10.0999
P: 1055.01
Pt: 294
Eta: -1.95087
Phi: -0.778149
NbPixelHit_noL1: 5
NOM_noL1: 24
FracOfValidHit: 1
isHighPurityTrack: 1
miniRelIsoAll: 1
IsoSumPt_dr03: 0
dz: -0.0247656
dxy: 0.000571594
normChi2: 0
EoP: 0
Pterr: 33.8972
Fpix: 1
RecoPFMET: 358.016
RecoPFMET_phi: 2.01545
RecoCaloMET: 313.151
RecoCaloMET_phi: 2.17749
Flag_allMETFilters: 1

      Run : 1 Lumi: 25 Event: 24628
HSCP type: 0
Ih: 6.30348
P: 6552.7
Pt: 3090
Eta: -1.38395
Phi: 2.62889
NbPixelHit_noL1: 3
NOM_noL1: 8
FracOfValidHit: 1
isHighPurityTrack: 1
miniRelIsoAll: 1
IsoSumPt_dr03: 0
dz: 0.00480957
dxy: -0.000540161
normChi2: 0
EoP: 0
Pterr: 383.741
Fpix: 0.994858
RecoPFMET: 2937.3
RecoPFMET_phi: -0.438175
RecoCaloMET: 200.76
RecoCaloMET_phi: 1.67158
Flag_allMETFilters: 1

      Run : 1 Lumi: 25 Event: 24644
HSCP type: 1
Ih: 10.3466
P: 852.59
Pt: 149.25
Eta: 2.42805
Phi: 3.13086
NbPixelHit_noL1: 5
NOM_noL1: 13
FracOfValidHit: 1
isHighPurityTrack: 1
miniRelIsoAll: 0
IsoSumPt_dr03: 0
dz: -0.00793945
dxy: 0.00017868
normChi2: 0
EoP: 0
Pterr: 28.4983
Fpix: 0.99999
RecoPFMET: 75.8573
RecoPFMET_phi: 1.26923
RecoCaloMET: 61.9447
RecoCaloMET_phi: 1.52488
Flag_allMETFilters: 1

      Run : 1 Lumi: 25 Event: 24647
HSCP type: 0
Ih: 16.9907
P: 692.838
Pt: 411.25
Eta: 1.11203
Phi: 2.13092
NbPixelHit_noL1: 3
NOM_noL1: 7
FracOfValidHit: 1
isHighPurityTrack: 1
miniRelIsoAll: 1
IsoSumPt_dr03: 0
dz: -0.00435303
dxy: -8.75092e-05
normChi2: 0
EoP: 0
Pterr: 142.418
Fpix: 1
RecoPFMET: 28.5792
RecoPFMET_phi: -0.58328
RecoCaloMET: 30.244
RecoCaloMET_phi: 2.16981
Flag_allMETFilters: 1

      Run : 1 Lumi: 25 Event: 24643
HSCP type: 0
Ih: 8.96669
P: 983.226
Pt: 895.5
Eta: 0.4391
Phi: -1.84136
NbPixelHit_noL1: 3
NOM_noL1: 16
FracOfValidHit: 1
isHighPurityTrack: 1
miniRelIsoAll: 1
IsoSumPt_dr03: 0
dz: -0.00194458
dxy: -0.00106262
normChi2: 0
EoP: 0.132757
Pterr: 360.313
Fpix: 0.99998
RecoPFMET: 300.117
RecoPFMET_phi: -1.93459
RecoCaloMET: 1076.28
RecoCaloMET_phi: 1.26554
Flag_allMETFilters: 0

      Run : 1 Lumi: 25 Event: 24655
HSCP type: 0
Ih: 7.66257
P: 1863.61
Pt: 1516
Eta: -0.664876
Phi: 1.42241
NbPixelHit_noL1: 2
NOM_noL1: 16
FracOfValidHit: 1
isHighPurityTrack: 1
miniRelIsoAll: 1
IsoSumPt_dr03: 0
dz: -0.00463379
dxy: 0.000106506
normChi2: 0
EoP: 0
Pterr: 325.373
Fpix: 0.995314
RecoPFMET: 107.057
RecoPFMET_phi: 1.09983
RecoCaloMET: 127.642
RecoCaloMET_phi: 1.06969
Flag_allMETFilters: 1

      Run : 1 Lumi: 25 Event: 24648
HSCP type: 0
Ih: 15.3325
P: 788.674
Pt: 456.75
Eta: -1.14243
Phi: 0.752757
NbPixelHit_noL1: 3
NOM_noL1: 6
FracOfValidHit: 1
isHighPurityTrack: 1
miniRelIsoAll: 1
IsoSumPt_dr03: 0
dz: 0.00644531
dxy: -0.00178833
normChi2: 0
EoP: 0.0330079
Pterr: 66.284
Fpix: 0.999998
RecoPFMET: 170.543
RecoPFMET_phi: 0.618815
RecoCaloMET: 663.356
RecoCaloMET_phi: 0.777146
Flag_allMETFilters: 1

      Run : 1 Lumi: 25 Event: 24660
HSCP type: 0
Ih: 12.0077
P: 1384.63
Pt: 566
Eta: -1.54308
Phi: -0.800122
NbPixelHit_noL1: 2
NOM_noL1: 14
FracOfValidHit: 1
isHighPurityTrack: 1
miniRelIsoAll: 1
IsoSumPt_dr03: 0
dz: -0.000157165
dxy: -0.00300293
normChi2: 1
EoP: 0
Pterr: 66.0079
Fpix: 0.999998
RecoPFMET: 549.011
RecoPFMET_phi: 2.36623
RecoCaloMET: 550.245
RecoCaloMET_phi: 2.30237
Flag_allMETFilters: 1

      Run : 1 Lumi: 25 Event: 24652
HSCP type: 0
Ih: 16.982
P: 845.626
Pt: 590
Eta: -0.900174
Phi: 1.82437
NbPixelHit_noL1: 3
NOM_noL1: 16
FracOfValidHit: 1
isHighPurityTrack: 1
miniRelIsoAll: 1
IsoSumPt_dr03: 0
dz: -0.000828247
dxy: 0.00298584
normChi2: 0
EoP: 0
Pterr: 246.279
Fpix: 1
RecoPFMET: 668.767
RecoPFMET_phi: -1.35196
RecoCaloMET: 627.064
RecoCaloMET_phi: -1.3273
Flag_allMETFilters: 1

      Run : 1 Lumi: 25 Event: 24659
HSCP type: 0
Ih: 11.713
P: 822.683
Pt: 707
Eta: 0.564531
Phi: 1.91637
NbPixelHit_noL1: 3
NOM_noL1: 16
FracOfValidHit: 1
isHighPurityTrack: 1
miniRelIsoAll: 1
IsoSumPt_dr03: 0
dz: -0.0171484
dxy: 0.00780273
normChi2: 1
EoP: 0.0375625
Pterr: 321.786
Fpix: 0.513785
RecoPFMET: 116.056
RecoPFMET_phi: 1.7251
RecoCaloMET: 124.688
RecoCaloMET_phi: 1.80231
Flag_allMETFilters: 1

      Run : 1 Lumi: 25 Event: 24663
HSCP type: 0
Ih: 8.94675
P: 1025.65
Pt: 378
Eta: -1.65551
Phi: -1.7482
NbPixelHit_noL1: 0
NOM_noL1: 14
FracOfValidHit: 1
isHighPurityTrack: 1
miniRelIsoAll: 1
IsoSumPt_dr03: 0
dz: -0.385581
dxy: 0.0286553
normChi2: 0
EoP: 0
Pterr: 140.618
Fpix: 1
RecoPFMET: 437.104
RecoPFMET_phi: 1.48824
RecoCaloMET: 394.432
RecoCaloMET_phi: 1.55246
Flag_allMETFilters: 1

      Run : 1 Lumi: 25 Event: 24654
HSCP type: 0
Ih: 8.12388
P: 4220.97
Pt: 1210
Eta: -1.92138
Phi: 2.16276
NbPixelHit_noL1: 4
NOM_noL1: 19
FracOfValidHit: 1
isHighPurityTrack: 1
miniRelIsoAll: 1
IsoSumPt_dr03: 0
dz: 0.0156152
dxy: -0.00974121
normChi2: 0
EoP: 0
Pterr: 340.442
Fpix: 1
RecoPFMET: 1233.17
RecoPFMET_phi: -0.964014
RecoCaloMET: 1222.53
RecoCaloMET_phi: -0.952025
Flag_allMETFilters: 1

      Run : 1 Lumi: 25 Event: 24653
HSCP type: 0
Ih: 14.5662
P: 571.045
Pt: 269.5
Eta: -1.38304
Phi: -2.34079
NbPixelHit_noL1: 2
NOM_noL1: 15
FracOfValidHit: 1
isHighPurityTrack: 1
miniRelIsoAll: 1
IsoSumPt_dr03: 0
dz: -0.0150684
dxy: -0.000652466
normChi2: 0
EoP: 0
Pterr: 17.339
Fpix: 0.999817
RecoPFMET: 233.296
RecoPFMET_phi: 1.0941
RecoCaloMET: 255.07
RecoCaloMET_phi: 0.918518
Flag_allMETFilters: 1

      Run : 1 Lumi: 25 Event: 24661
HSCP type: 0
Ih: 7.95292
P: 9130.57
Pt: 5816
Eta: 1.02249
Phi: 0.0508805
NbPixelHit_noL1: 3
NOM_noL1: 9
FracOfValidHit: 1
isHighPurityTrack: 1
miniRelIsoAll: 1
IsoSumPt_dr03: 0
dz: 0.00183716
dxy: 0.0004599
normChi2: 0
EoP: 0.00206931
Pterr: 193.704
Fpix: 0.998361
RecoPFMET: 4568.91
RecoPFMET_phi: -3.09856
RecoCaloMET: 4602.73
RecoCaloMET_phi: -3.09791
Flag_allMETFilters: 1

      Run : 1 Lumi: 25 Event: 24658
HSCP type: 0
Ih: 8.50751
P: 1278.48
Pt: 1120
Eta: -0.525895
Phi: 2.05807
NbPixelHit_noL1: 3
NOM_noL1: 14
FracOfValidHit: 1
isHighPurityTrack: 1
miniRelIsoAll: 1
IsoSumPt_dr03: 0
dz: -0.000315857
dxy: -0.000997925
normChi2: 0
EoP: 0.019679
Pterr: 373.515
Fpix: 0.999409
RecoPFMET: 1062.06
RecoPFMET_phi: -1.02628
RecoCaloMET: 1066.02
RecoCaloMET_phi: -1.06784
Flag_allMETFilters: 1

      Run : 1 Lumi: 25 Event: 24666
HSCP type: 0
Ih: 6.08846
P: 2189.62
Pt: 1703
Eta: -0.739036
Phi: -0.737718
NbPixelHit_noL1: 3
NOM_noL1: 15
FracOfValidHit: 1
isHighPurityTrack: 1
miniRelIsoAll: 1
IsoSumPt_dr03: 0
dz: -0.00228149
dxy: 0.00118225
normChi2: 2
EoP: 0
Pterr: 523.647
Fpix: 0.931435
RecoPFMET: 1102.46
RecoPFMET_phi: 2.28517
RecoCaloMET: 1196.44
RecoCaloMET_phi: 2.31593
Flag_allMETFilters: 1

      Run : 1 Lumi: 25 Event: 24673
HSCP type: 0
Ih: 11.6791
P: 1482.41
Pt: 678.5
Eta: 1.41765
Phi: 2.33542
NbPixelHit_noL1: 2
NOM_noL1: 16
FracOfValidHit: 1
isHighPurityTrack: 1
miniRelIsoAll: 1
IsoSumPt_dr03: 0
dz: 0.00262939
dxy: -0.000950317
normChi2: 0
EoP: 0
Pterr: 38.0246
Fpix: 0.997722
RecoPFMET: 686.127
RecoPFMET_phi: -0.787417
RecoCaloMET: 691.235
RecoCaloMET_phi: -0.80457
Flag_allMETFilters: 1

      Run : 1 Lumi: 25 Event: 24662
HSCP type: 0
Ih: 11.5384
P: 1457.09
Pt: 1445
Eta: 0.129276
Phi: 0.304404
NbPixelHit_noL1: 3
NOM_noL1: 12
FracOfValidHit: 1
isHighPurityTrack: 1
miniRelIsoAll: 1
IsoSumPt_dr03: 5.22266
dz: 0.00234131
dxy: 0.000572815
normChi2: 0
EoP: 0.0110328
Pterr: 259.826
Fpix: 0.992613
RecoPFMET: 1484.81
RecoPFMET_phi: -2.82328
RecoCaloMET: 1507.47
RecoCaloMET_phi: -2.82813
Flag_allMETFilters: 1

      Run : 1 Lumi: 25 Event: 24677
HSCP type: 0
Ih: 5.68403
P: 1431.16
Pt: 1156
Eta: 0.676962
Phi: 1.09662
NbPixelHit_noL1: 3
NOM_noL1: 17
FracOfValidHit: 1
isHighPurityTrack: 1
miniRelIsoAll: 1
IsoSumPt_dr03: 0
dz: 0.000597229
dxy: -0.000579224
normChi2: 1
EoP: 0
Pterr: 315.468
Fpix: 0.948847
RecoPFMET: 293.785
RecoPFMET_phi: 0.955335
RecoCaloMET: 1134.87
RecoCaloMET_phi: -2.03037
Flag_allMETFilters: 1

      Run : 1 Lumi: 25 Event: 24674
HSCP type: 0
Ih: 5.48472
P: 1948.42
Pt: 1391
Eta: -0.867763
Phi: -0.809497
NbPixelHit_noL1: 3
NOM_noL1: 14
FracOfValidHit: 1
isHighPurityTrack: 1
miniRelIsoAll: 1
IsoSumPt_dr03: 0
dz: 0.00194702
dxy: 0.000121155
normChi2: 0
EoP: 0.00780207
Pterr: 200.705
Fpix: 0.984446
RecoPFMET: 1373.98
RecoPFMET_phi: 2.36206
RecoCaloMET: 1379.01
RecoCaloMET_phi: 2.35766
Flag_allMETFilters: 1

      Run : 1 Lumi: 25 Event: 24672
HSCP type: 0
Ih: 18.3178
P: 789.476
Pt: 508
Eta: -1.00931
Phi: -0.506461
NbPixelHit_noL1: 3
NOM_noL1: 8
FracOfValidHit: 1
isHighPurityTrack: 1
miniRelIsoAll: 1
IsoSumPt_dr03: 0
dz: 0.000344543
dxy: -0.00104309
normChi2: 0
EoP: 0
Pterr: 217.524
Fpix: 0.999965
RecoPFMET: 311.51
RecoPFMET_phi: 2.57455
RecoCaloMET: 304.178
RecoCaloMET_phi: 2.70313
Flag_allMETFilters: 1

      Run : 1 Lumi: 25 Event: 24657
HSCP type: 0
Ih: 19.7443
P: 748.249
Pt: 428.5
Eta: 1.15616
Phi: -2.12145
NbPixelHit_noL1: 3
NOM_noL1: 9
FracOfValidHit: 1
isHighPurityTrack: 1
miniRelIsoAll: 1
IsoSumPt_dr03: 0
dz: 0.00853027
dxy: 0.00288818
normChi2: 0
EoP: 0
Pterr: 32.2389
Fpix: 0.999998
RecoPFMET: 621.169
RecoPFMET_phi: 0.829236
RecoCaloMET: 152.792
RecoCaloMET_phi: 0.606255
Flag_allMETFilters: 1

      Run : 1 Lumi: 25 Event: 24671
HSCP type: 0
Ih: 7.1666
P: 1502.99
Pt: 1468
Eta: -0.217902
Phi: 3.01122
NbPixelHit_noL1: 3
NOM_noL1: 16
FracOfValidHit: 1
isHighPurityTrack: 1
miniRelIsoAll: 1
IsoSumPt_dr03: 0
dz: 0.000354919
dxy: -0.00160278
normChi2: 0
EoP: 0.00979033
Pterr: 601.401
Fpix: 0.989816
RecoPFMET: 89.5746
RecoPFMET_phi: -2.96344
RecoCaloMET: 51.4263
RecoCaloMET_phi: -2.71922
Flag_allMETFilters: 1

      Run : 1 Lumi: 25 Event: 24676
HSCP type: 0
Ih: 8.14854
P: 2469.35
Pt: 2460
Eta: 0.0871609
Phi: -1.39633
NbPixelHit_noL1: 2
NOM_noL1: 13
FracOfValidHit: 1
isHighPurityTrack: 1
miniRelIsoAll: 1
IsoSumPt_dr03: 0
dz: -0.00186157
dxy: 3.41034e-05
normChi2: 0
EoP: 0
Pterr: 360.752
Fpix: 0.953332
RecoPFMET: 2348.63
RecoPFMET_phi: 2.24665
RecoCaloMET: 2350.2
RecoCaloMET_phi: 2.18491
Flag_allMETFilters: 1

      Run : 1 Lumi: 25 Event: 24678
HSCP type: 1
Ih: 5.42411
P: 2884.54
Pt: 747.5
Eta: 2.02631
Phi: 0.0466811
NbPixelHit_noL1: 6
NOM_noL1: 21
FracOfValidHit: 1
isHighPurityTrack: 1
miniRelIsoAll: 0
IsoSumPt_dr03: 0
dz: -0.0381641
dxy: 0.00129639
normChi2: 1
EoP: 0.0130693
Pterr: 218.984
Fpix: 0.999738
RecoPFMET: 270.294
RecoPFMET_phi: 0.0843886
RecoCaloMET: 250.858
RecoCaloMET_phi: 0.0918609
Flag_allMETFilters: 1

      Run : 1 Lumi: 25 Event: 24681
HSCP type: 0
Ih: 25.4596
P: 805.927
Pt: 667.5
Eta: 0.633381
Phi: -0.166216
NbPixelHit_noL1: 2
NOM_noL1: 15
FracOfValidHit: 1
isHighPurityTrack: 1
miniRelIsoAll: 1
IsoSumPt_dr03: 0
dz: -0.00350098
dxy: -0.00240601
normChi2: 0
EoP: 0
Pterr: 88.8428
Fpix: 0.99999
RecoPFMET: 701.163
RecoPFMET_phi: 2.93264
RecoCaloMET: 698.473
RecoCaloMET_phi: 2.94778
Flag_allMETFilters: 1

      Run : 1 Lumi: 25 Event: 24675
HSCP type: 0
Ih: 7.5455
P: 22421.3
Pt: 14760
Eta: 0.979278
Phi: 1.40307
NbPixelHit_noL1: 3
NOM_noL1: 14
FracOfValidHit: 1
isHighPurityTrack: 1
miniRelIsoAll: 1
IsoSumPt_dr03: 0
dz: 0.00334473
dxy: -0.00178101
normChi2: 1
EoP: 0.00130748
Pterr: 165.043
Fpix: 0.999102
RecoPFMET: 14602.6
RecoPFMET_phi: -1.74269
RecoCaloMET: 14595.9
RecoCaloMET_phi: -1.74267
Flag_allMETFilters: 1

      Run : 1 Lumi: 25 Event: 24682
HSCP type: 0
Ih: 7.14667
P: 1414.69
Pt: 1356
Eta: 0.293161
Phi: -0.53527
NbPixelHit_noL1: 3
NOM_noL1: 15
FracOfValidHit: 1
isHighPurityTrack: 1
miniRelIsoAll: 1
IsoSumPt_dr03: 0
dz: -0.000497437
dxy: -0.000313721
normChi2: 0
EoP: 0
Pterr: 220.998
Fpix: 0.998167
RecoPFMET: 1246.51
RecoPFMET_phi: 2.54682
RecoCaloMET: 1302.56
RecoCaloMET_phi: 2.5486
Flag_allMETFilters: 1

      Run : 1 Lumi: 25 Event: 24683
HSCP type: 0
Ih: 8.6491
P: 1039.23
Pt: 284.25
Eta: -1.97027
Phi: 1.78199
NbPixelHit_noL1: 3
NOM_noL1: 18
FracOfValidHit: 1
isHighPurityTrack: 1
miniRelIsoAll: 1
IsoSumPt_dr03: 0
dz: -0.000216827
dxy: -0.00138184
normChi2: 0
EoP: 0.0645526
Pterr: 48.7236
Fpix: 1
RecoPFMET: 285.457
RecoPFMET_phi: -1.25267
RecoCaloMET: 277.51
RecoCaloMET_phi: -1.43181
Flag_allMETFilters: 1

      Run : 1 Lumi: 25 Event: 24667
HSCP type: 0
Ih: 21.9397
P: 766.658
Pt: 641
Eta: 0.616352
Phi: 0.721116
NbPixelHit_noL1: 1
NOM_noL1: 14
FracOfValidHit: 1
isHighPurityTrack: 1
miniRelIsoAll: 1
IsoSumPt_dr03: 0
dz: 0.00382813
dxy: -0.000971069
normChi2: 0
EoP: 0
Pterr: 198.493
Fpix: 0.999508
RecoPFMET: 2536.28
RecoPFMET_phi: 1.01757
RecoCaloMET: 2511.83
RecoCaloMET_phi: 1.03666
Flag_allMETFilters: 1

      Run : 1 Lumi: 25 Event: 24690
HSCP type: 0
Ih: 5.97738
P: 2033.83
Pt: 676.5
Eta: -1.76501
Phi: 0.0560564
NbPixelHit_noL1: 3
NOM_noL1: 21
FracOfValidHit: 1
isHighPurityTrack: 1
miniRelIsoAll: 1
IsoSumPt_dr03: 0
dz: -0.00149902
dxy: -0.0013208
normChi2: 0
EoP: 0
Pterr: 86.5835
Fpix: 0.978858
RecoPFMET: 33.3665
RecoPFMET_phi: 2.84534
RecoCaloMET: 669.827
RecoCaloMET_phi: -3.10644
Flag_allMETFilters: 1

      Run : 1 Lumi: 25 Event: 24686
HSCP type: 0
Ih: 8.00422
P: 1512.54
Pt: 1280
Eta: 0.594012
Phi: 1.82271
NbPixelHit_noL1: 4
NOM_noL1: 14
FracOfValidHit: 1
isHighPurityTrack: 1
miniRelIsoAll: 1
IsoSumPt_dr03: 0
dz: -0.0025293
dxy: -0.00406006
normChi2: 0
EoP: 0
Pterr: 245.953
Fpix: 0.99958
RecoPFMET: 26.6361
RecoPFMET_phi: -0.792924
RecoCaloMET: 34.3153
RecoCaloMET_phi: -0.0184193
Flag_allMETFilters: 1

      Run : 1 Lumi: 25 Event: 24691
HSCP type: 0
Ih: 12.9094
P: 976.692
Pt: 437
Eta: -1.4431
Phi: 0.868386
NbPixelHit_noL1: 1
NOM_noL1: 15
FracOfValidHit: 1
isHighPurityTrack: 1
miniRelIsoAll: 0
IsoSumPt_dr03: 0
dz: -0.0072998
dxy: 0.00304199
normChi2: 0
EoP: 0.0375311
Pterr: 88.3962
Fpix: 0.999738
RecoPFMET: 73.1762
RecoPFMET_phi: 1.55428
RecoCaloMET: 415.795
RecoCaloMET_phi: -2.37866
Flag_allMETFilters: 1

      Run : 1 Lumi: 25 Event: 24698
HSCP type: 0
Ih: 9.39925
P: 1163.82
Pt: 1089
Eta: -0.368603
Phi: 0.501773
NbPixelHit_noL1: 2
NOM_noL1: 17
FracOfValidHit: 1
isHighPurityTrack: 1
miniRelIsoAll: 1
IsoSumPt_dr03: 0
dz: -0.00245972
dxy: 0.00503906
normChi2: 1
EoP: 0.0161446
Pterr: 411.103
Fpix: 0.996919
RecoPFMET: 338.252
RecoPFMET_phi: 0.457995
RecoCaloMET: 324.894
RecoCaloMET_phi: 0.49745
Flag_allMETFilters: 1

      Run : 1 Lumi: 25 Event: 24694
HSCP type: 0
Ih: 8.89503
P: 771.166
Pt: 191.625
Eta: -2.0697
Phi: -1.00384
NbPixelHit_noL1: 5
NOM_noL1: 22
FracOfValidHit: 1
isHighPurityTrack: 1
miniRelIsoAll: 1
IsoSumPt_dr03: 0
dz: -0.00351807
dxy: -0.00282715
normChi2: 0
EoP: 0
Pterr: 19.4947
Fpix: 1
RecoPFMET: 386.574
RecoPFMET_phi: 1.90495
RecoCaloMET: 363.431
RecoCaloMET_phi: 1.92789
Flag_allMETFilters: 1

      Run : 1 Lumi: 25 Event: 24689
HSCP type: 0
Ih: 9.25518
P: 10799.7
Pt: 10552
Eta: -0.216254
Phi: 0.4047
NbPixelHit_noL1: 3
NOM_noL1: 15
FracOfValidHit: 1
isHighPurityTrack: 1
miniRelIsoAll: 1
IsoSumPt_dr03: 0
dz: -0.00246826
dxy: -0.00301514
normChi2: 0
EoP: 0.00107813
Pterr: 98.9377
Fpix: 0.987214
RecoPFMET: 10484.2
RecoPFMET_phi: -2.7356
RecoCaloMET: 10502.3
RecoCaloMET_phi: -2.736
Flag_allMETFilters: 1

      Run : 1 Lumi: 25 Event: 24701
HSCP type: 0
Ih: 9.38261
P: 2053.24
Pt: 2002
Eta: 0.225776
Phi: 3.0333
NbPixelHit_noL1: 3
NOM_noL1: 16
FracOfValidHit: 1
isHighPurityTrack: 1
miniRelIsoAll: 1
IsoSumPt_dr03: 0
dz: 0.00327393
dxy: 0.000197296
normChi2: 0
EoP: 0
Pterr: 781.839
Fpix: 0.999994
RecoPFMET: 1998.13
RecoPFMET_phi: -0.126463
RecoCaloMET: 1997.48
RecoCaloMET_phi: -0.131824
Flag_allMETFilters: 1

      Run : 1 Lumi: 25 Event: 24703
HSCP type: 0
Ih: 16.8725
P: 3099.81
Pt: 3042
Eta: 0.194647
Phi: 1.98629
NbPixelHit_noL1: 3
NOM_noL1: 18
FracOfValidHit: 1
isHighPurityTrack: 1
miniRelIsoAll: 1
IsoSumPt_dr03: 0
dz: 0.00401855
dxy: -2.3365e-05
normChi2: 0
EoP: 0
Pterr: 168.351
Fpix: 0.999907
RecoPFMET: 574.598
RecoPFMET_phi: -1.3986
RecoCaloMET: 576.3
RecoCaloMET_phi: -1.38259
Flag_allMETFilters: 1

      Run : 1 Lumi: 25 Event: 24699
HSCP type: 0
Ih: 7.4502
P: 1462.16
Pt: 1443
Eta: -0.162786
Phi: -1.41723
NbPixelHit_noL1: 2
NOM_noL1: 12
FracOfValidHit: 1
isHighPurityTrack: 1
miniRelIsoAll: 1
IsoSumPt_dr03: 0
dz: -0.00289063
dxy: 0.00460937
normChi2: 2
EoP: 0
Pterr: 2144.36
Fpix: 0.971574
RecoPFMET: 1609.11
RecoPFMET_phi: 1.68316
RecoCaloMET: 1548.46
RecoCaloMET_phi: 1.68749
Flag_allMETFilters: 1

      Run : 1 Lumi: 25 Event: 24695
HSCP type: 0
Ih: 8.76318
P: 1868.25
Pt: 366.5
Eta: -2.31214
Phi: 2.34997
NbPixelHit_noL1: 4
NOM_noL1: 16
FracOfValidHit: 1
isHighPurityTrack: 1
miniRelIsoAll: 1
IsoSumPt_dr03: 0
dz: 0.00642578
dxy: 0.00023407
normChi2: 0
EoP: 0.039434
Pterr: 44.8832
Fpix: 0.999911
RecoPFMET: 357.133
RecoPFMET_phi: -0.770773
RecoCaloMET: 336.993
RecoCaloMET_phi: -0.853178
Flag_allMETFilters: 1

      Run : 1 Lumi: 25 Event: 24707
HSCP type: 0
Ih: 15.8832
P: 719.677
Pt: 719
Eta: 0.0433973
Phi: 2.53924
NbPixelHit_noL1: 2
NOM_noL1: 14
FracOfValidHit: 1
isHighPurityTrack: 1
miniRelIsoAll: 1
IsoSumPt_dr03: 0
dz: -0.00696289
dxy: 0.00251953
normChi2: 0
EoP: 0.0184813
Pterr: 175.476
Fpix: 0.95118
RecoPFMET: 190.936
RecoPFMET_phi: 2.32911
RecoCaloMET: 177.768
RecoCaloMET_phi: 2.2875
Flag_allMETFilters: 1

      Run : 1 Lumi: 25 Event: 24709
HSCP type: 0
Ih: 8.07546
P: 1415.21
Pt: 1049
Eta: -0.813013
Phi: 1.87476
NbPixelHit_noL1: 2
NOM_noL1: 14
FracOfValidHit: 1
isHighPurityTrack: 1
miniRelIsoAll: 1
IsoSumPt_dr03: 0
dz: -0.00172607
dxy: -0.00608398
normChi2: 0
EoP: 0.0120713
Pterr: 1414.91
Fpix: 0.994172
RecoPFMET: 146.521
RecoPFMET_phi: -1.2494
RecoCaloMET: 1023.26
RecoCaloMET_phi: -1.27398
Flag_allMETFilters: 1

      Run : 1 Lumi: 25 Event: 24702
HSCP type: 0
Ih: 4.9832
P: 477.126
Pt: 262
Eta: -1.20688
Phi: -2.737
NbPixelHit_noL1: 2
NOM_noL1: 7
FracOfValidHit: 1
isHighPurityTrack: 1
miniRelIsoAll: 1
IsoSumPt_dr03: 0
dz: 0.000246582
dxy: -0.00138184
normChi2: 1
EoP: 0
Pterr: 19.2129
Fpix: 0.991353
RecoPFMET: 250.745
RecoPFMET_phi: 0.387839
RecoCaloMET: 25.2299
RecoCaloMET_phi: -2.33748
Flag_allMETFilters: 1

      Run : 1 Lumi: 25 Event: 24693
HSCP type: 0
Ih: 12.1187
P: 927.202
Pt: 516.5
Eta: -1.18967
Phi: 0.0715842
NbPixelHit_noL1: 3
NOM_noL1: 8
FracOfValidHit: 1
isHighPurityTrack: 1
miniRelIsoAll: 0
IsoSumPt_dr03: 0
dz: -0.00296631
dxy: -0.000294495
normChi2: 0
EoP: 0
Pterr: 304.567
Fpix: 1
RecoPFMET: 459.683
RecoPFMET_phi: -1.49819
RecoCaloMET: 669.496
RecoCaloMET_phi: -2.36574
Flag_allMETFilters: 1

      Run : 1 Lumi: 25 Event: 24706
HSCP type: 0
Ih: 16.518
P: 1102.74
Pt: 548.5
Eta: 1.32298
Phi: 1.35473
NbPixelHit_noL1: 2
NOM_noL1: 12
FracOfValidHit: 1
isHighPurityTrack: 1
miniRelIsoAll: 1
IsoSumPt_dr03: 0
dz: -0.00785645
dxy: 0.00203735
normChi2: 0
EoP: 0
Pterr: 60.8507
Fpix: 0.999861
RecoPFMET: 676.914
RecoPFMET_phi: -1.53981
RecoCaloMET: 612.512
RecoCaloMET_phi: -1.6293
Flag_allMETFilters: 1

      Run : 1 Lumi: 25 Event: 24708
HSCP type: 0
Ih: 30.9637
P: 2971.87
Pt: 2652
Eta: 0.486343
Phi: 1.94733
NbPixelHit_noL1: 1
NOM_noL1: 12
FracOfValidHit: 1
isHighPurityTrack: 1
miniRelIsoAll: 1
IsoSumPt_dr03: 0
dz: 0.0090332
dxy: -0.00553711
normChi2: 0
EoP: 0
Pterr: 109.423
Fpix: 0.999461
RecoPFMET: 2691.59
RecoPFMET_phi: -1.18134
RecoCaloMET: 2693.76
RecoCaloMET_phi: -1.1832
Flag_allMETFilters: 1

      Run : 1 Lumi: 25 Event: 24711
HSCP type: 0
Ih: 7.83334
P: 1440.69
Pt: 1229
Eta: 0.578814
Phi: 0.927567
NbPixelHit_noL1: 2
NOM_noL1: 12
FracOfValidHit: 1
isHighPurityTrack: 1
miniRelIsoAll: 1
IsoSumPt_dr03: 0
dz: -0.00394531
dxy: 0.000516968
normChi2: 0
EoP: 0.0123181
Pterr: 519.884
Fpix: 0.941536
RecoPFMET: 291.698
RecoPFMET_phi: 1.13353
RecoCaloMET: 1196.95
RecoCaloMET_phi: -2.2251
Flag_allMETFilters: 1

      Run : 1 Lumi: 25 Event: 24715
HSCP type: 0
Ih: 16.8528
P: 1026.48
Pt: 1017
Eta: 0.136418
Phi: 2.36453
NbPixelHit_noL1: 3
NOM_noL1: 17
FracOfValidHit: 1
isHighPurityTrack: 1
miniRelIsoAll: 1
IsoSumPt_dr03: 0
dz: -0.00186401
dxy: -0.000372009
normChi2: 0
EoP: 0
Pterr: 175.313
Fpix: 0.999937
RecoPFMET: 408.317
RecoPFMET_phi: 1.99261
RecoCaloMET: 434.441
RecoCaloMET_phi: 1.9965
Flag_allMETFilters: 1

      Run : 1 Lumi: 25 Event: 24713
HSCP type: 0
Ih: 4.80372
P: 2185.04
Pt: 782
Eta: 1.687
Phi: -0.569549
NbPixelHit_noL1: 4
NOM_noL1: 19
FracOfValidHit: 1
isHighPurityTrack: 1
miniRelIsoAll: 1
IsoSumPt_dr03: 0
dz: -0.00148315
dxy: 0.000191803
normChi2: 1
EoP: 0
Pterr: 118.763
Fpix: 0.938333
RecoPFMET: 735.037
RecoPFMET_phi: 2.5897
RecoCaloMET: 763.621
RecoCaloMET_phi: 2.56278
Flag_allMETFilters: 1

      Run : 1 Lumi: 25 Event: 24717
HSCP type: 0
Ih: 5.19452
P: 4110.92
Pt: 913
Eta: 2.18525
Phi: -2.89716
NbPixelHit_noL1: 5
NOM_noL1: 21
FracOfValidHit: 1
isHighPurityTrack: 1
miniRelIsoAll: 1
IsoSumPt_dr03: 0
dz: 0.00951172
dxy: 0.000351868
normChi2: 1
EoP: 0
Pterr: 131.816
Fpix: 0.946847
RecoPFMET: 879.314
RecoPFMET_phi: 0.238536
RecoCaloMET: 917.683
RecoCaloMET_phi: 0.228989
Flag_allMETFilters: 1

      Run : 1 Lumi: 25 Event: 24718
HSCP type: 0
Ih: 6.27658
P: 2037.06
Pt: 1414
Eta: -0.907315
Phi: 0.0295908
NbPixelHit_noL1: 2
NOM_noL1: 15
FracOfValidHit: 1
isHighPurityTrack: 1
miniRelIsoAll: 1
IsoSumPt_dr03: 0
dz: 0.00233643
dxy: 0.00127197
normChi2: 1
EoP: 0.00805599
Pterr: 219.796
Fpix: 0.929624
RecoPFMET: 1425.66
RecoPFMET_phi: -3.11405
RecoCaloMET: 1440.02
RecoCaloMET_phi: -3.1203
Flag_allMETFilters: 1

      Run : 1 Lumi: 25 Event: 24714
HSCP type: 0
Ih: 10.2602
P: 5471.36
Pt: 4564
Eta: -0.620563
Phi: -2.71415
NbPixelHit_noL1: 4
NOM_noL1: 19
FracOfValidHit: 1
isHighPurityTrack: 1
miniRelIsoAll: 1
IsoSumPt_dr03: 0
dz: 0.00129395
dxy: -0.00254395
normChi2: 0
EoP: 0.0028312
Pterr: 469.023
Fpix: 0.999918
RecoPFMET: 4560.24
RecoPFMET_phi: 0.45167
RecoCaloMET: 4550.94
RecoCaloMET_phi: 0.429848
Flag_allMETFilters: 1

      Run : 1 Lumi: 25 Event: 24705
HSCP type: 0
Ih: 10.4919
P: 1227.33
Pt: 444
Eta: -1.67547
Phi: -2.61531
NbPixelHit_noL1: 4
NOM_noL1: 20
FracOfValidHit: 1
isHighPurityTrack: 1
miniRelIsoAll: 1
IsoSumPt_dr03: 0
dz: 0.00594727
dxy: -0.00130249
normChi2: 0
EoP: 0
Pterr: 23.797
Fpix: 1
RecoPFMET: 327.387
RecoPFMET_phi: -0.993872
RecoCaloMET: 267.579
RecoCaloMET_phi: -0.766435
Flag_allMETFilters: 1

      Run : 1 Lumi: 25 Event: 24722
HSCP type: 1
Ih: 5.28751
P: 3195.73
Pt: 581
Eta: 2.3896
Phi: 2.18132
NbPixelHit_noL1: 4
NOM_noL1: 16
FracOfValidHit: 1
isHighPurityTrack: 1
miniRelIsoAll: 0
IsoSumPt_dr03: 0
dz: 0.0013147
dxy: 0.000415344
normChi2: 0
EoP: 0
Pterr: 387.686
Fpix: 0.99968
RecoPFMET: 37.8872
RecoPFMET_phi: 1.21966
RecoCaloMET: 48.5959
RecoCaloMET_phi: 2.24928
Flag_allMETFilters: 1

      Run : 1 Lumi: 25 Event: 24719
HSCP type: 0
Ih: 16.8804
P: 751.274
Pt: 660
Eta: 0.520035
Phi: -1.01829
NbPixelHit_noL1: 3
NOM_noL1: 16
FracOfValidHit: 1
isHighPurityTrack: 1
miniRelIsoAll: 1
IsoSumPt_dr03: 5.29688
dz: 0.00163208
dxy: -0.00229614
normChi2: 0
EoP: 0
Pterr: 160.772
Fpix: 0.999999
RecoPFMET: 3432.15
RecoPFMET_phi: -1.27518
RecoCaloMET: 3342.96
RecoCaloMET_phi: -1.28043
Flag_allMETFilters: 0

      Run : 1 Lumi: 25 Event: 24725
HSCP type: 0
Ih: 8.46779
P: 1008.55
Pt: 828
Eta: 0.648946
Phi: -1.49985
NbPixelHit_noL1: 2
NOM_noL1: 14
FracOfValidHit: 1
isHighPurityTrack: 1
miniRelIsoAll: 1
IsoSumPt_dr03: 0
dz: 0.00510254
dxy: -0.00368164
normChi2: 0
EoP: 0.0192251
Pterr: 224.067
Fpix: 0.998921
RecoPFMET: 142.626
RecoPFMET_phi: 1.33547
RecoCaloMET: 828.965
RecoCaloMET_phi: 1.59635
Flag_allMETFilters: 1

      Run : 1 Lumi: 25 Event: 24727
HSCP type: 0
Ih: 25.3804
P: 581.495
Pt: 470
Eta: 0.675863
Phi: -2.73944
NbPixelHit_noL1: 3
NOM_noL1: 16
FracOfValidHit: 1
isHighPurityTrack: 1
miniRelIsoAll: 1
IsoSumPt_dr03: 0
dz: 0.00362793
dxy: -0.000447082
normChi2: 0
EoP: 0.0863953
Pterr: 54.9534
Fpix: 0.999383
RecoPFMET: 45.8283
RecoPFMET_phi: 2.62142
RecoCaloMET: 62.1141
RecoCaloMET_phi: 1.54339
Flag_allMETFilters: 1

      Run : 1 Lumi: 25 Event: 24729
HSCP type: 0
Ih: 8.78584
P: 1493.69
Pt: 715
Eta: -1.36692
Phi: -2.60887
NbPixelHit_noL1: 3
NOM_noL1: 13
FracOfValidHit: 1
isHighPurityTrack: 1
miniRelIsoAll: 1
IsoSumPt_dr03: 0
dz: -0.00251709
dxy: 0.00139038
normChi2: 0
EoP: 0
Pterr: 81.518
Fpix: 0.999926
RecoPFMET: 181.765
RecoPFMET_phi: 0.637807
RecoCaloMET: 125.165
RecoCaloMET_phi: 0.269226
Flag_allMETFilters: 1

      Run : 1 Lumi: 25 Event: 24737
HSCP type: 0
Ih: 24.6352
P: 766.715
Pt: 759
Eta: 0.14246
Phi: 1.51753
NbPixelHit_noL1: 3
NOM_noL1: 16
FracOfValidHit: 1
isHighPurityTrack: 1
miniRelIsoAll: 1
IsoSumPt_dr03: 0
dz: 0.00446777
dxy: 0.0014978
normChi2: 0
EoP: 0
Pterr: 121.972
Fpix: 1
RecoPFMET: 176.539
RecoPFMET_phi: 1.35799
RecoCaloMET: 747.067
RecoCaloMET_phi: -1.62566
Flag_allMETFilters: 1

      Run : 1 Lumi: 25 Event: 24734
HSCP type: 0
Ih: 9.65972
P: 1713.7
Pt: 1473
Eta: -0.564165
Phi: 2.26345
NbPixelHit_noL1: 3
NOM_noL1: 18
FracOfValidHit: 1
isHighPurityTrack: 1
miniRelIsoAll: 1
IsoSumPt_dr03: 0
dz: -0.00114197
dxy: 0.000370789
normChi2: 0
EoP: 0.00747059
Pterr: 147.606
Fpix: 0.996237
RecoPFMET: 1439.8
RecoPFMET_phi: -0.86594
RecoCaloMET: 1434.71
RecoCaloMET_phi: -0.898484
Flag_allMETFilters: 1

      Run : 1 Lumi: 25 Event: 24739
HSCP type: 0
Ih: 6.20458
P: 1386.61
Pt: 979
Eta: -0.883511
Phi: -1.34106
NbPixelHit_noL1: 3
NOM_noL1: 15
FracOfValidHit: 1
isHighPurityTrack: 1
miniRelIsoAll: 1
IsoSumPt_dr03: 0
dz: 0.0160059
dxy: 0.00741211
normChi2: 1
EoP: 0.0141806
Pterr: 250.488
Fpix: 0.992349
RecoPFMET: 992.114
RecoPFMET_phi: 1.76443
RecoCaloMET: 999.203
RecoCaloMET_phi: 1.77995
Flag_allMETFilters: 1

      Run : 1 Lumi: 25 Event: 24733
HSCP type: 0
Ih: 11.5041
P: 1117.72
Pt: 513.5
Eta: 1.41343
Phi: -0.9721
NbPixelHit_noL1: 2
NOM_noL1: 14
FracOfValidHit: 1
isHighPurityTrack: 1
miniRelIsoAll: 1
IsoSumPt_dr03: 6.02344
dz: 0.00725586
dxy: 0.00062561
normChi2: 0
EoP: 0
Pterr: 63.3045
Fpix: 0.999815
RecoPFMET: 315.695
RecoPFMET_phi: 1.43764
RecoCaloMET: 342.228
RecoCaloMET_phi: 1.76903
Flag_allMETFilters: 1

      Run : 1 Lumi: 25 Event: 24740
HSCP type: 0
Ih: 10.8436
P: 1403.42
Pt: 1194
Eta: 0.583941
Phi: -1.0682
NbPixelHit_noL1: 3
NOM_noL1: 16
FracOfValidHit: 1
isHighPurityTrack: 1
miniRelIsoAll: 1
IsoSumPt_dr03: 0
dz: -0.0178711
dxy: 0.00627441
normChi2: 1
EoP: 0
Pterr: 77.9104
Fpix: 0.999772
RecoPFMET: 365.878
RecoPFMET_phi: 2.1188
RecoCaloMET: 364.488
RecoCaloMET_phi: 2.12683
Flag_allMETFilters: 1

      Run : 1 Lumi: 25 Event: 24730
HSCP type: 0
Ih: 10.8358
P: 873.294
Pt: 182.25
Eta: -2.24897
Phi: -0.362218
NbPixelHit_noL1: 4
NOM_noL1: 19
FracOfValidHit: 1
isHighPurityTrack: 1
miniRelIsoAll: 1
IsoSumPt_dr03: 0
dz: -0.00388672
dxy: 0.00140259
normChi2: 0
EoP: 0.0975696
Pterr: 17.2273
Fpix: 0.999937
RecoPFMET: 122.6
RecoPFMET_phi: -0.406985
RecoCaloMET: 76.4976
RecoCaloMET_phi: -0.638447
Flag_allMETFilters: 1

      Run : 1 Lumi: 25 Event: 24736
HSCP type: 0
Ih: 17.2948
P: 929.628
Pt: 490.25
Eta: -1.25486
Phi: -1.99391
NbPixelHit_noL1: 3
NOM_noL1: 10
FracOfValidHit: 1
isHighPurityTrack: 1
miniRelIsoAll: 1
IsoSumPt_dr03: 0
dz: -0.00204956
dxy: 0.000906982
normChi2: 0
EoP: 0
Pterr: 82.6241
Fpix: 0.999995
RecoPFMET: 78.8834
RecoPFMET_phi: -0.831104
RecoCaloMET: 176.719
RecoCaloMET_phi: -0.915193
Flag_allMETFilters: 1

      Run : 1 Lumi: 25 Event: 24748
HSCP type: 0
Ih: 6.83462
P: 2212.28
Pt: 954.5
Eta: -1.48357
Phi: -1.13177
NbPixelHit_noL1: 3
NOM_noL1: 17
FracOfValidHit: 1
isHighPurityTrack: 1
miniRelIsoAll: 1
IsoSumPt_dr03: 36.8125
dz: 0.00588379
dxy: -0.00178589
normChi2: 1
EoP: 0.117377
Pterr: 13202.6
Fpix: 0.999725
RecoPFMET: 863.926
RecoPFMET_phi: 1.97243
RecoCaloMET: 917.412
RecoCaloMET_phi: 1.98728
Flag_allMETFilters: 1

      Run : 1 Lumi: 25 Event: 24745
HSCP type: 0
Ih: 12.6589
P: 1061.59
Pt: 887.5
Eta: 0.616535
Phi: -0.429798
NbPixelHit_noL1: 4
NOM_noL1: 18
FracOfValidHit: 1
isHighPurityTrack: 1
miniRelIsoAll: 1
IsoSumPt_dr03: 0
dz: 0.000657959
dxy: -0.000418396
normChi2: 0
EoP: 0.0155294
Pterr: 296.929
Fpix: 0.999995
RecoPFMET: 805.558
RecoPFMET_phi: 2.83079
RecoCaloMET: 825.509
RecoCaloMET_phi: 2.83858
Flag_allMETFilters: 1

      Run : 1 Lumi: 25 Event: 24744
HSCP type: 0
Ih: 5.29412
P: 6857
Pt: 6092
Eta: -0.496048
Phi: 2.0486
NbPixelHit_noL1: 3
NOM_noL1: 17
FracOfValidHit: 1
isHighPurityTrack: 1
miniRelIsoAll: 1
IsoSumPt_dr03: 0
dz: 0.00250977
dxy: -0.00488281
normChi2: 1
EoP: 0.00243376
Pterr: 1361.84
Fpix: 0.870364
RecoPFMET: 6056.55
RecoPFMET_phi: -1.10529
RecoCaloMET: 6022.49
RecoCaloMET_phi: -1.10189
Flag_allMETFilters: 1

      Run : 1 Lumi: 25 Event: 24752
HSCP type: 0
Ih: 10.071
P: 1128.53
Pt: 1128
Eta: -0.0307627
Phi: 0.679904
NbPixelHit_noL1: 2
NOM_noL1: 13
FracOfValidHit: 1
isHighPurityTrack: 1
miniRelIsoAll: 1
IsoSumPt_dr03: 0
dz: -0.00028717
dxy: -0.00224609
normChi2: 0
EoP: 0.0126353
Pterr: 213.388
Fpix: 0.967833
RecoPFMET: 251.24
RecoPFMET_phi: -2.28025
RecoCaloMET: 1252.93
RecoCaloMET_phi: -2.34408
Flag_allMETFilters: 1

      Run : 1 Lumi: 25 Event: 24758
HSCP type: 0
Ih: 8.67514
P: 1326.26
Pt: 1124
Eta: -0.591266
Phi: 0.789868
NbPixelHit_noL1: 3
NOM_noL1: 12
FracOfValidHit: 1
isHighPurityTrack: 1
miniRelIsoAll: 1
IsoSumPt_dr03: 0
dz: 0.00172485
dxy: 0.00189331
normChi2: 0
EoP: 0
Pterr: 662.744
Fpix: 0.986951
RecoPFMET: 981.001
RecoPFMET_phi: -2.20338
RecoCaloMET: 1029.98
RecoCaloMET_phi: -2.27823
Flag_allMETFilters: 1

      Run : 1 Lumi: 25 Event: 24757
HSCP type: 0
Ih: 11.5761
P: 947.804
Pt: 947
Eta: 0.0412
Phi: 1.74419
NbPixelHit_noL1: 2
NOM_noL1: 14
FracOfValidHit: 1
isHighPurityTrack: 1
miniRelIsoAll: 1
IsoSumPt_dr03: 0
dz: 0.00662109
dxy: 0.00648926
normChi2: 0
EoP: 0.0279619
Pterr: 637.803
Fpix: 0.999188
RecoPFMET: 225.498
RecoPFMET_phi: -1.53968
RecoCaloMET: 220.529
RecoCaloMET_phi: -1.49598
Flag_allMETFilters: 1

      Run : 1 Lumi: 25 Event: 24743
HSCP type: 0
Ih: 8.15039
P: 1363.97
Pt: 979.5
Eta: -0.85934
Phi: 0.58244
NbPixelHit_noL1: 3
NOM_noL1: 15
FracOfValidHit: 1
isHighPurityTrack: 1
miniRelIsoAll: 1
IsoSumPt_dr03: 0
dz: -0.00176392
dxy: 0.000212555
normChi2: 0
EoP: 0.0116592
Pterr: 267.963
Fpix: 0.999199
RecoPFMET: 603.623
RecoPFMET_phi: -1.34806
RecoCaloMET: 605.99
RecoCaloMET_phi: -1.51761
Flag_allMETFilters: 1

      Run : 1 Lumi: 25 Event: 24754
HSCP type: 0
Ih: 7.05289
P: 2006.42
Pt: 1673
Eta: 0.621296
Phi: 1.37563
NbPixelHit_noL1: 2
NOM_noL1: 13
FracOfValidHit: 0.9375
isHighPurityTrack: 1
miniRelIsoAll: 1
IsoSumPt_dr03: 0
dz: -0.00508301
dxy: -0.000419617
normChi2: 0
EoP: 0.0131612
Pterr: 552.826
Fpix: 0.974396
RecoPFMET: 1656.95
RecoPFMET_phi: -1.73053
RecoCaloMET: 1650.58
RecoCaloMET_phi: -1.71939
Flag_allMETFilters: 1

      Run : 1 Lumi: 25 Event: 24756
HSCP type: 0
Ih: 9.4509
P: 2633.6
Pt: 1270
Eta: -1.3585
Phi: 1.81177
NbPixelHit_noL1: 4
NOM_noL1: 12
FracOfValidHit: 1
isHighPurityTrack: 1
miniRelIsoAll: 1
IsoSumPt_dr03: 0
dz: -0.00138672
dxy: -0.000682983
normChi2: 0
EoP: 0
Pterr: 108.839
Fpix: 0.99984
RecoPFMET: 1604.76
RecoPFMET_phi: -1.47777
RecoCaloMET: 1590.19
RecoCaloMET_phi: -1.48391
Flag_allMETFilters: 1

      Run : 1 Lumi: 25 Event: 24759
HSCP type: 0
Ih: 9.16934
P: 1629.47
Pt: 1396
Eta: 0.570574
Phi: -0.797388
NbPixelHit_noL1: 2
NOM_noL1: 14
FracOfValidHit: 1
isHighPurityTrack: 1
miniRelIsoAll: 1
IsoSumPt_dr03: 0
dz: 0.017207
dxy: 0.00943359
normChi2: 1
EoP: 0.0134866
Pterr: 504.786
Fpix: 0.987214
RecoPFMET: 76.1318
RecoPFMET_phi: 2.40412
RecoCaloMET: 163.962
RecoCaloMET_phi: 2.17557
Flag_allMETFilters: 1

      Run : 1 Lumi: 25 Event: 24755
HSCP type: 0
Ih: 17.697
P: 542.685
Pt: 494.75
Eta: -0.43672
Phi: 3.079
NbPixelHit_noL1: 3
NOM_noL1: 17
FracOfValidHit: 0.947368
isHighPurityTrack: 1
miniRelIsoAll: 1
IsoSumPt_dr03: 6.13672
dz: 0.00332031
dxy: -0.00190674
normChi2: 0
EoP: 0.0534495
Pterr: 158.271
Fpix: 0.999982
RecoPFMET: 570.331
RecoPFMET_phi: 0.0110742
RecoCaloMET: 557.831
RecoCaloMET_phi: -0.118474
Flag_allMETFilters: 1

      Run : 1 Lumi: 25 Event: 24763
HSCP type: 0
Ih: 18.3474
P: 899.548
Pt: 848.5
Eta: -0.345164
Phi: 1.66909
NbPixelHit_noL1: 4
NOM_noL1: 17
FracOfValidHit: 1
isHighPurityTrack: 1
miniRelIsoAll: 1
IsoSumPt_dr03: 0
dz: -0.00384766
dxy: 0.00115906
normChi2: 1
EoP: 0
Pterr: 493.948
Fpix: 0.999998
RecoPFMET: 839.944
RecoPFMET_phi: -1.48075
RecoCaloMET: 828.773
RecoCaloMET_phi: -1.4831
Flag_allMETFilters: 1

      Run : 1 Lumi: 25 Event: 24767
HSCP type: 1
Ih: 16.9217
P: 924.19
Pt: 843
Eta: 0.435438
Phi: -2.30642
NbPixelHit_noL1: 3
NOM_noL1: 15
FracOfValidHit: 1
isHighPurityTrack: 1
miniRelIsoAll: 0
IsoSumPt_dr03: 0
dz: 0.00111694
dxy: -0.000881958
normChi2: 0
EoP: 0.0146927
Pterr: 321.897
Fpix: 0.999807
RecoPFMET: 238.598
RecoPFMET_phi: 3.11541
RecoCaloMET: 174.641
RecoCaloMET_phi: -3.14012
Flag_allMETFilters: 1

      Run : 1 Lumi: 25 Event: 24768
HSCP type: 1
Ih: 10.9502
P: 1321.01
Pt: 1321
Eta: -0.00439467
Phi: -1.75962
NbPixelHit_noL1: 3
NOM_noL1: 14
FracOfValidHit: 1
isHighPurityTrack: 1
miniRelIsoAll: 1
IsoSumPt_dr03: 0
dz: 0.00164551
dxy: -0.000944824
normChi2: 0
EoP: 3.25131
Pterr: 487.875
Fpix: 0.998874
RecoPFMET: 2964.28
RecoPFMET_phi: 1.36046
RecoCaloMET: 2976.18
RecoCaloMET_phi: 1.34912
Flag_allMETFilters: 0

      Run : 1 Lumi: 25 Event: 24772
HSCP type: 0
Ih: 11.0468
P: 5357.68
Pt: 5216
Eta: -0.232551
Phi: -1.59145
NbPixelHit_noL1: 0
NOM_noL1: 15
FracOfValidHit: 0.888889
isHighPurityTrack: 1
miniRelIsoAll: 1
IsoSumPt_dr03: 0
dz: -0.0562891
dxy: -0.00653809
normChi2: 0
EoP: 0
Pterr: 151.706
Fpix: 1
RecoPFMET: 4294.48
RecoPFMET_phi: 1.55243
RecoCaloMET: 4285.8
RecoCaloMET_phi: 1.55411
Flag_allMETFilters: 1

      Run : 1 Lumi: 25 Event: 24762
HSCP type: 0
Ih: 21.3242
P: 605.756
Pt: 365.25
Eta: 1.09244
Phi: -1.66919
NbPixelHit_noL1: 4
NOM_noL1: 11
FracOfValidHit: 1
isHighPurityTrack: 1
miniRelIsoAll: 1
IsoSumPt_dr03: 0
dz: 0.0067627
dxy: 0.000705566
normChi2: 0
EoP: 0
Pterr: 36.3706
Fpix: 0.999411
RecoPFMET: 73.047
RecoPFMET_phi: -1.39634
RecoCaloMET: 35.8457
RecoCaloMET_phi: -2.99811
Flag_allMETFilters: 1

      Run : 1 Lumi: 25 Event: 24773
HSCP type: 0
Ih: 11.8966
P: 767.105
Pt: 523.5
Eta: 0.930754
Phi: 0.794946
NbPixelHit_noL1: 2
NOM_noL1: 12
FracOfValidHit: 1
isHighPurityTrack: 1
miniRelIsoAll: 1
IsoSumPt_dr03: 0
dz: -0.000863037
dxy: 0.00192871
normChi2: 0
EoP: 0
Pterr: 123.859
Fpix: 0.99413
RecoPFMET: 531.207
RecoPFMET_phi: -2.28837
RecoCaloMET: 560.873
RecoCaloMET_phi: -2.30159
Flag_allMETFilters: 1

      Run : 1 Lumi: 25 Event: 24765
HSCP type: 0
Ih: 13.6547
P: 5095.82
Pt: 3982
Eta: 0.731529
Phi: 2.21706
NbPixelHit_noL1: 3
NOM_noL1: 13
FracOfValidHit: 1
isHighPurityTrack: 1
miniRelIsoAll: 1
IsoSumPt_dr03: 0
dz: 0.00275146
dxy: 0.000753784
normChi2: 0
EoP: 0
Pterr: 162.4
Fpix: 0.999998
RecoPFMET: 3967.38
RecoPFMET_phi: -0.930971
RecoCaloMET: 3985.46
RecoCaloMET_phi: -0.933396
Flag_allMETFilters: 1

      Run : 1 Lumi: 25 Event: 24774
HSCP type: 0
Ih: 11.189
P: 741.76
Pt: 294.25
Eta: 1.57585
Phi: 2.23034
NbPixelHit_noL1: 3
NOM_noL1: 18
FracOfValidHit: 1
isHighPurityTrack: 1
miniRelIsoAll: 1
IsoSumPt_dr03: 0
dz: -0.00259521
dxy: -0.00141724
normChi2: 0
EoP: 0
Pterr: 34.3204
Fpix: 1
RecoPFMET: 295.032
RecoPFMET_phi: -0.915308
RecoCaloMET: 315.148
RecoCaloMET_phi: -0.966696
Flag_allMETFilters: 1

      Run : 1 Lumi: 25 Event: 24775
HSCP type: 0
Ih: 16.1717
P: 1933.07
Pt: 474.75
Eta: 2.08179
Phi: 3.04755
NbPixelHit_noL1: 3
NOM_noL1: 18
FracOfValidHit: 1
isHighPurityTrack: 1
miniRelIsoAll: 1
IsoSumPt_dr03: 0
dz: -0.000554199
dxy: 0.000578613
normChi2: 1
EoP: 0
Pterr: 83.1391
Fpix: 0.99975
RecoPFMET: 38.7321
RecoPFMET_phi: 1.78158
RecoCaloMET: 508.552
RecoCaloMET_phi: -0.080709
Flag_allMETFilters: 1

      Run : 1 Lumi: 25 Event: 24770
HSCP type: 0
Ih: 11.4026
P: 896.93
Pt: 312
Eta: 1.7174
Phi: -0.522281
NbPixelHit_noL1: 3
NOM_noL1: 17
FracOfValidHit: 1
isHighPurityTrack: 1
miniRelIsoAll: 1
IsoSumPt_dr03: 0
dz: -0.0024353
dxy: 0.00148071
normChi2: 0
EoP: 0
Pterr: 33.914
Fpix: 0.999957
RecoPFMET: 7.64687
RecoPFMET_phi: -2.54475
RecoCaloMET: 50.0797
RecoCaloMET_phi: -3.12773
Flag_allMETFilters: 1

      Run : 1 Lumi: 25 Event: 24777
HSCP type: 0
Ih: 14.8147
P: 739.324
Pt: 737.5
Eta: -0.0703146
Phi: 1.78707
NbPixelHit_noL1: 1
NOM_noL1: 12
FracOfValidHit: 1
isHighPurityTrack: 1
miniRelIsoAll: 1
IsoSumPt_dr03: 0
dz: 0.00912598
dxy: 0.00013977
normChi2: 0
EoP: 0.0151179
Pterr: 151.973
Fpix: 1
RecoPFMET: 700.087
RecoPFMET_phi: -1.3037
RecoCaloMET: 732.741
RecoCaloMET_phi: -1.30763
Flag_allMETFilters: 1

      Run : 1 Lumi: 25 Event: 24784
HSCP type: 0
Ih: 5.69551
P: 3148.67
Pt: 2496
Eta: -0.708274
Phi: 2.13366
NbPixelHit_noL1: 3
NOM_noL1: 17
FracOfValidHit: 1
isHighPurityTrack: 1
miniRelIsoAll: 1
IsoSumPt_dr03: 0
dz: -0.00266846
dxy: 0.000325623
normChi2: 0
EoP: 0
Pterr: 464.355
Fpix: 0.929194
RecoPFMET: 2478.07
RecoPFMET_phi: -1.00688
RecoCaloMET: 2490.4
RecoCaloMET_phi: -1.01568
Flag_allMETFilters: 1

      Run : 1 Lumi: 25 Event: 24766
HSCP type: 0
Ih: 8.88786
P: 8180.83
Pt: 5200
Eta: 1.02524
Phi: -2.43552
NbPixelHit_noL1: 2
NOM_noL1: 9
FracOfValidHit: 1
isHighPurityTrack: 1
miniRelIsoAll: 1
IsoSumPt_dr03: 0
dz: -0.00249878
dxy: 0.00279297
normChi2: 0
EoP: 0
Pterr: 95.9842
Fpix: 0.984875
RecoPFMET: 4445.73
RecoPFMET_phi: 0.836096
RecoCaloMET: 4481.7
RecoCaloMET_phi: 0.831895
Flag_allMETFilters: 1

      Run : 1 Lumi: 25 Event: 24783
HSCP type: 0
Ih: 6.90286
P: 1591.24
Pt: 1176
Eta: 0.817408
Phi: 0.365832
NbPixelHit_noL1: 2
NOM_noL1: 14
FracOfValidHit: 1
isHighPurityTrack: 1
miniRelIsoAll: 1
IsoSumPt_dr03: 0
dz: -0.00236206
dxy: 0.00171631
normChi2: 0
EoP: 0.00823359
Pterr: 213.557
Fpix: 0.975169
RecoPFMET: 33.6895
RecoPFMET_phi: -2.11393
RecoCaloMET: 747.804
RecoCaloMET_phi: -2.4907
Flag_allMETFilters: 1

      Run : 1 Lumi: 25 Event: 24780
HSCP type: 0
Ih: 8.81508
P: 5237.99
Pt: 3512
Eta: 0.954741
Phi: -2.45027
NbPixelHit_noL1: 4
NOM_noL1: 14
FracOfValidHit: 1
isHighPurityTrack: 1
miniRelIsoAll: 1
IsoSumPt_dr03: 0
dz: -0.00369385
dxy: 0.00354736
normChi2: 1
EoP: 0.00354905
Pterr: 155.089
Fpix: 0.99958
RecoPFMET: 3488.49
RecoPFMET_phi: 0.698987
RecoCaloMET: 3507.44
RecoCaloMET_phi: 0.695055
Flag_allMETFilters: 1

      Run : 1 Lumi: 25 Event: 24782
HSCP type: 0
Ih: 8.79879
P: 7186.29
Pt: 5396
Eta: -0.793603
Phi: 0.824439
NbPixelHit_noL1: 3
NOM_noL1: 17
FracOfValidHit: 1
isHighPurityTrack: 1
miniRelIsoAll: 1
IsoSumPt_dr03: 0
dz: -0.00206665
dxy: -0.0015918
normChi2: 0
EoP: 0
Pterr: 253.697
Fpix: 0.999547
RecoPFMET: 5385.53
RecoPFMET_phi: -2.32738
RecoCaloMET: 5404.39
RecoCaloMET_phi: -2.32601
Flag_allMETFilters: 1

      Run : 1 Lumi: 25 Event: 24785
HSCP type: 0
Ih: 21.745
P: 686.175
Pt: 683.5
Eta: 0.0884426
Phi: 2.68104
NbPixelHit_noL1: 1
NOM_noL1: 14
FracOfValidHit: 1
isHighPurityTrack: 1
miniRelIsoAll: 1
IsoSumPt_dr03: 0
dz: -0.0011438
dxy: -0.000309753
normChi2: 0
EoP: 0
Pterr: 127.365
Fpix: 0.964389
RecoPFMET: 127.938
RecoPFMET_phi: 2.51578
RecoCaloMET: 152.163
RecoCaloMET_phi: 2.31435
Flag_allMETFilters: 1

      Run : 1 Lumi: 25 Event: 24792
HSCP type: 0
Ih: 7.76123
P: 5211.33
Pt: 4392
Eta: -0.601703
Phi: 3.0375
NbPixelHit_noL1: 3
NOM_noL1: 16
FracOfValidHit: 1
isHighPurityTrack: 1
miniRelIsoAll: 1
IsoSumPt_dr03: 0
dz: 0.000881958
dxy: -0.00117554
normChi2: 0
EoP: 0
Pterr: 135.639
Fpix: 0.998535
RecoPFMET: 4412.44
RecoPFMET_phi: -0.103817
RecoCaloMET: 4397.35
RecoCaloMET_phi: -0.108277
Flag_allMETFilters: 1

      Run : 1 Lumi: 25 Event: 24788
HSCP type: 0
Ih: 7.43229
P: 1443.3
Pt: 798.5
Eta: -1.19791
Phi: -0.820533
NbPixelHit_noL1: 3
NOM_noL1: 9
FracOfValidHit: 1
isHighPurityTrack: 1
miniRelIsoAll: 1
IsoSumPt_dr03: 0
dz: -0.000514221
dxy: -4.45175e-05
normChi2: 0
EoP: 0.0244818
Pterr: 101.425
Fpix: 0.967833
RecoPFMET: 772.1
RecoPFMET_phi: 2.29223
RecoCaloMET: 754.355
RecoCaloMET_phi: 2.34314
Flag_allMETFilters: 1

      Run : 1 Lumi: 25 Event: 24791
HSCP type: 0
Ih: 12.6615
P: 3002.94
Pt: 2542
Eta: -0.593463
Phi: -0.589862
NbPixelHit_noL1: 2
NOM_noL1: 20
FracOfValidHit: 1
isHighPurityTrack: 1
miniRelIsoAll: 1
IsoSumPt_dr03: 0
dz: -0.00156494
dxy: 0.0031958
normChi2: 0
EoP: 0
Pterr: 99.4282
Fpix: 0.986788
RecoPFMET: 2516.58
RecoPFMET_phi: 2.5262
RecoCaloMET: 2515.56
RecoCaloMET_phi: 2.5314
Flag_allMETFilters: 1

      Run : 1 Lumi: 25 Event: 24794
HSCP type: 0
Ih: 11.9464
P: 1085.27
Pt: 1023.5
Eta: -0.345714
Phi: -2.63446
NbPixelHit_noL1: 3
NOM_noL1: 15
FracOfValidHit: 1
isHighPurityTrack: 1
miniRelIsoAll: 1
IsoSumPt_dr03: 0
dz: 0.000460205
dxy: -0.00363037
normChi2: 0
EoP: 0
Pterr: 269.92
Fpix: 0.992646
RecoPFMET: 86.4533
RecoPFMET_phi: 0.784725
RecoCaloMET: 95.3116
RecoCaloMET_phi: 0.94271
Flag_allMETFilters: 1

      Run : 1 Lumi: 25 Event: 24786
HSCP type: 0
Ih: 11.7938
P: 994.625
Pt: 857
Eta: 0.559404
Phi: 2.24939
NbPixelHit_noL1: 3
NOM_noL1: 17
FracOfValidHit: 1
isHighPurityTrack: 1
miniRelIsoAll: 1
IsoSumPt_dr03: 0
dz: -0.00543945
dxy: -0.000912476
normChi2: 0
EoP: 0
Pterr: 243.743
Fpix: 0.999806
RecoPFMET: 756.769
RecoPFMET_phi: -0.881373
RecoCaloMET: 797.822
RecoCaloMET_phi: -0.858135
Flag_allMETFilters: 1

      Run : 1 Lumi: 25 Event: 24795
HSCP type: 0
Ih: 10.5263
P: 1176.4
Pt: 1078
Eta: 0.424085
Phi: -0.462026
NbPixelHit_noL1: 3
NOM_noL1: 17
FracOfValidHit: 1
isHighPurityTrack: 1
miniRelIsoAll: 1
IsoSumPt_dr03: 0
dz: -0.00236816
dxy: -0.00139526
normChi2: 0
EoP: 0
Pterr: 324.132
Fpix: 0.99953
RecoPFMET: 1064.19
RecoPFMET_phi: 2.6845
RecoCaloMET: 1062.36
RecoCaloMET_phi: 2.69241
Flag_allMETFilters: 1

      Run : 1 Lumi: 25 Event: 24790
HSCP type: 1
Ih: 6.40343
P: 3155.21
Pt: 3090
Eta: -0.205084
Phi: -0.152251
NbPixelHit_noL1: 4
NOM_noL1: 15
FracOfValidHit: 1
isHighPurityTrack: 1
miniRelIsoAll: 0
IsoSumPt_dr03: 0
dz: -0.00230957
dxy: 0.000700073
normChi2: 0
EoP: 1.17905
Pterr: 1974.48
Fpix: 0.974396
RecoPFMET: 1701.54
RecoPFMET_phi: 3.02996
RecoCaloMET: 3642.8
RecoCaloMET_phi: 3.00118
Flag_allMETFilters: 0

      Run : 1 Lumi: 25 Event: 24779
HSCP type: 0
Ih: 31.8186
P: 686.432
Pt: 442.5
Eta: 1.00693
Phi: -0.0181646
NbPixelHit_noL1: 2
NOM_noL1: 7
FracOfValidHit: 1
isHighPurityTrack: 1
miniRelIsoAll: 1
IsoSumPt_dr03: 0
dz: -0.000709229
dxy: -0.000889893
normChi2: 0
EoP: 0.0356867
Pterr: 87.025
Fpix: 0.999994
RecoPFMET: 732.338
RecoPFMET_phi: 2.50254
RecoCaloMET: 663.951
RecoCaloMET_phi: 2.61842
Flag_allMETFilters: 1

      Run : 1 Lumi: 25 Event: 24798
HSCP type: 0
Ih: 8.90673
P: 9736.22
Pt: 5948
Eta: 1.07596
Phi: 2.02907
NbPixelHit_noL1: 3
NOM_noL1: 11
FracOfValidHit: 1
isHighPurityTrack: 1
miniRelIsoAll: 1
IsoSumPt_dr03: 0
dz: -0.000847168
dxy: -0.000369568
normChi2: 0
EoP: 0
Pterr: 251.3
Fpix: 0.999692
RecoPFMET: 5872.62
RecoPFMET_phi: -1.12466
RecoCaloMET: 5875.73
RecoCaloMET_phi: -1.12236
Flag_allMETFilters: 1

      Run : 1 Lumi: 25 Event: 24793
HSCP type: 0
Ih: 16.4133
P: 802.891
Pt: 576.5
Eta: 0.859523
Phi: 0.52111
NbPixelHit_noL1: 1
NOM_noL1: 9
FracOfValidHit: 1
isHighPurityTrack: 1
miniRelIsoAll: 1
IsoSumPt_dr03: 0
dz: 0.0420703
dxy: -0.00362061
normChi2: 0
EoP: 0
Pterr: 234.678
Fpix: 0.999228
RecoPFMET: 851.164
RecoPFMET_phi: -2.45242
RecoCaloMET: 247.052
RecoCaloMET_phi: -2.02731
Flag_allMETFilters: 1

      Run : 1 Lumi: 25 Event: 24802
HSCP type: 0
Ih: 8.93836
P: 1579.02
Pt: 1059
Eta: -0.954375
Phi: 0.788598
NbPixelHit_noL1: 3
NOM_noL1: 15
FracOfValidHit: 1
isHighPurityTrack: 1
miniRelIsoAll: 1
IsoSumPt_dr03: 0
dz: 0.00894531
dxy: 0.00167847
normChi2: 0
EoP: 0.010309
Pterr: 149.318
Fpix: 0.999763
RecoPFMET: 981.677
RecoPFMET_phi: -2.35653
RecoCaloMET: 1023.47
RecoCaloMET_phi: -2.35489
Flag_allMETFilters: 1

      Run : 1 Lumi: 25 Event: 24800
HSCP type: 0
Ih: 18.7968
P: 4996.51
Pt: 4880
Eta: 0.218085
Phi: 2.18561
NbPixelHit_noL1: 3
NOM_noL1: 18
FracOfValidHit: 1
isHighPurityTrack: 1
miniRelIsoAll: 1
IsoSumPt_dr03: 0
dz: -0.000889893
dxy: 0.00127686
normChi2: 0
EoP: 0
Pterr: 119.153
Fpix: 0.999998
RecoPFMET: 4743.37
RecoPFMET_phi: -1.0079
RecoCaloMET: 4770.42
RecoCaloMET_phi: -0.985364
Flag_allMETFilters: 1

      Run : 1 Lumi: 25 Event: 24810
HSCP type: 0
Ih: 9.62762
P: 904.465
Pt: 445.25
Eta: -1.33488
Phi: 2.31413
NbPixelHit_noL1: 4
NOM_noL1: 16
FracOfValidHit: 1
isHighPurityTrack: 1
miniRelIsoAll: 1
IsoSumPt_dr03: 0
dz: 0.000841064
dxy: -0.00418945
normChi2: 0
EoP: 0
Pterr: 66.6244
Fpix: 0.999997
RecoPFMET: 373.697
RecoPFMET_phi: -0.641797
RecoCaloMET: 416.49
RecoCaloMET_phi: -0.760616
Flag_allMETFilters: 1

      Run : 1 Lumi: 25 Event: 24804
HSCP type: 1
Ih: 5.46811
P: 451.11
Pt: 215.625
Eta: 1.36857
Phi: 1.26137
NbPixelHit_noL1: 2
NOM_noL1: 14
FracOfValidHit: 1
isHighPurityTrack: 1
miniRelIsoAll: 0
IsoSumPt_dr03: 0
dz: 0.00695801
dxy: -0.00150635
normChi2: 0
EoP: 0
Pterr: 13.4113
Fpix: 0.999383
RecoPFMET: 181.843
RecoPFMET_phi: 0.0478527
RecoCaloMET: 85.6435
RecoCaloMET_phi: -0.525857
Flag_allMETFilters: 1

      Run : 1 Lumi: 25 Event: 24808
HSCP type: 0
Ih: 7.95599
P: 1296.9
Pt: 890.5
Eta: -0.92233
Phi: -2.65916
NbPixelHit_noL1: 3
NOM_noL1: 13
FracOfValidHit: 1
isHighPurityTrack: 1
miniRelIsoAll: 1
IsoSumPt_dr03: 0
dz: 0.00216553
dxy: -4.74548e-05
normChi2: 0
EoP: 0
Pterr: 103.462
Fpix: 0.999911
RecoPFMET: 934.896
RecoPFMET_phi: 0.465046
RecoCaloMET: 944.36
RecoCaloMET_phi: 0.469696
Flag_allMETFilters: 1

      Run : 1 Lumi: 25 Event: 24812
HSCP type: 0
Ih: 6.21147
P: 4354.53
Pt: 3604
Eta: 0.634663
Phi: 1.45756
NbPixelHit_noL1: 3
NOM_noL1: 15
FracOfValidHit: 1
isHighPurityTrack: 1
miniRelIsoAll: 1
IsoSumPt_dr03: 0
dz: -0.00142578
dxy: 0.000329285
normChi2: 0
EoP: 0
Pterr: 1153.2
Fpix: 0.99692
RecoPFMET: 3618.06
RecoPFMET_phi: -1.64132
RecoCaloMET: 3578.11
RecoCaloMET_phi: -1.64983
Flag_allMETFilters: 1

      Run : 1 Lumi: 25 Event: 24813
HSCP type: 0
Ih: 12.2328
P: 1387.77
Pt: 590.5
Eta: 1.49895
Phi: 2.40867
NbPixelHit_noL1: 4
NOM_noL1: 20
FracOfValidHit: 1
isHighPurityTrack: 1
miniRelIsoAll: 1
IsoSumPt_dr03: 0
dz: -0.0095752
dxy: -0.00156372
normChi2: 0
EoP: 0
Pterr: 19.0808
Fpix: 1
RecoPFMET: 708.344
RecoPFMET_phi: -0.783774
RecoCaloMET: 668.438
RecoCaloMET_phi: -0.749405
Flag_allMETFilters: 1

      Run : 1 Lumi: 25 Event: 24814
HSCP type: 0
Ih: 9.02863
P: 1563.48
Pt: 1296
Eta: 0.631916
Phi: -2.9038
NbPixelHit_noL1: 4
NOM_noL1: 17
FracOfValidHit: 1
isHighPurityTrack: 1
miniRelIsoAll: 1
IsoSumPt_dr03: 0
dz: 0.000970459
dxy: -0.00167236
normChi2: 1
EoP: 0.00979579
Pterr: 150.582
Fpix: 0.999834
RecoPFMET: 1381.08
RecoPFMET_phi: 0.135936
RecoCaloMET: 1340.38
RecoCaloMET_phi: 0.153937
Flag_allMETFilters: 1

      Run : 1 Lumi: 25 Event: 24821
HSCP type: 0
Ih: 7.76447
P: 1060.27
Pt: 888
Eta: 0.613239
Phi: 2.54822
NbPixelHit_noL1: 1
NOM_noL1: 15
FracOfValidHit: 1
isHighPurityTrack: 1
miniRelIsoAll: 1
IsoSumPt_dr03: 0
dz: 0.00460693
dxy: -0.00141602
normChi2: 0
EoP: 0
Pterr: 122.324
Fpix: 0.986179
RecoPFMET: 868.246
RecoPFMET_phi: -0.555523
RecoCaloMET: 32.1553
RecoCaloMET_phi: 0.645617
Flag_allMETFilters: 1

      Run : 1 Lumi: 25 Event: 24820
HSCP type: 0
Ih: 41.6282
P: 516.835
Pt: 395.75
Eta: 0.763573
Phi: -1.66519
NbPixelHit_noL1: 2
NOM_noL1: 13
FracOfValidHit: 1
isHighPurityTrack: 1
miniRelIsoAll: 1
IsoSumPt_dr03: 0
dz: -0.00584961
dxy: -0.00112488
normChi2: 0
EoP: 0.0390336
Pterr: 80.9334
Fpix: 0.999999
RecoPFMET: 414.646
RecoPFMET_phi: -1.63362
RecoCaloMET: 413.87
RecoCaloMET_phi: -1.59598
Flag_allMETFilters: 1

      Run : 1 Lumi: 25 Event: 24823
HSCP type: 0
Ih: 9.78088
P: 748.074
Pt: 168.5
Eta: -2.17078
Phi: 2.15348
NbPixelHit_noL1: 5
NOM_noL1: 21
FracOfValidHit: 1
isHighPurityTrack: 1
miniRelIsoAll: 1
IsoSumPt_dr03: 0
dz: 0.000297546
dxy: -0.000153427
normChi2: 0
EoP: 0
Pterr: 17.3292
Fpix: 1
RecoPFMET: 225.457
RecoPFMET_phi: -0.728674
RecoCaloMET: 179.465
RecoCaloMET_phi: -0.782019
Flag_allMETFilters: 1

      Run : 1 Lumi: 25 Event: 24815
HSCP type: 0
Ih: 11.7595
P: 1101.73
Pt: 500.25
Eta: 1.42662
Phi: -2.9707
NbPixelHit_noL1: 2
NOM_noL1: 10
FracOfValidHit: 1
isHighPurityTrack: 1
miniRelIsoAll: 1
IsoSumPt_dr03: 0
dz: -0.00799316
dxy: 0.00293457
normChi2: 0
EoP: 0
Pterr: 48.7888
Fpix: 0.999738
RecoPFMET: 219.557
RecoPFMET_phi: 0.0484215
RecoCaloMET: 185.15
RecoCaloMET_phi: 0.24865
Flag_allMETFilters: 1

      Run : 1 Lumi: 25 Event: 24817
HSCP type: 0
Ih: 12.5832
P: 1036.7
Pt: 983
Eta: -0.329051
Phi: 0.505484
NbPixelHit_noL1: 2
NOM_noL1: 13
FracOfValidHit: 1
isHighPurityTrack: 1
miniRelIsoAll: 1
IsoSumPt_dr03: 0
dz: -0.000379639
dxy: -0.00170776
normChi2: 0
EoP: 0
Pterr: 354.358
Fpix: 0.999438
RecoPFMET: 639.612
RecoPFMET_phi: -2.75984
RecoCaloMET: 817.614
RecoCaloMET_phi: -2.7029
Flag_allMETFilters: 1

      Run : 1 Lumi: 25 Event: 24771
HSCP type: 0
Ih: 7.83049
P: 1922.4
Pt: 945
Eta: 1.33653
Phi: 2.4867
NbPixelHit_noL1: 4
NOM_noL1: 15
FracOfValidHit: 1
isHighPurityTrack: 1
miniRelIsoAll: 1
IsoSumPt_dr03: 0
dz: 0.000510254
dxy: -0.000475769
normChi2: 0
EoP: 0
Pterr: 121.537
Fpix: 0.999595
RecoPFMET: 126.682
RecoPFMET_phi: -1.41989
RecoCaloMET: 202.721
RecoCaloMET_phi: -1.55077
Flag_allMETFilters: 1

      Run : 1 Lumi: 25 Event: 24825
HSCP type: 0
Ih: 12.9975
P: 1049.49
Pt: 483.25
Eta: -1.41087
Phi: 3.10654
NbPixelHit_noL1: 3
NOM_noL1: 16
FracOfValidHit: 1
isHighPurityTrack: 1
miniRelIsoAll: 1
IsoSumPt_dr03: 0
dz: -0.00228638
dxy: 0.000386047
normChi2: 0
EoP: 0
Pterr: 658.789
Fpix: 0.999365
RecoPFMET: 124.934
RecoPFMET_phi: -3.13119
RecoCaloMET: 114.19
RecoCaloMET_phi: -2.91467
Flag_allMETFilters: 1

      Run : 1 Lumi: 25 Event: 24834
HSCP type: 0
Ih: 10.7858
P: 1493.37
Pt: 1298
Eta: 0.542009
Phi: 1.14281
NbPixelHit_noL1: 4
NOM_noL1: 17
FracOfValidHit: 1
isHighPurityTrack: 1
miniRelIsoAll: 1
IsoSumPt_dr03: 0
dz: -0.000588989
dxy: 0.000701904
normChi2: 0
EoP: 0
Pterr: 126.698
Fpix: 0.999995
RecoPFMET: 383.289
RecoPFMET_phi: -1.96018
RecoCaloMET: 1274.31
RecoCaloMET_phi: -1.99264
Flag_allMETFilters: 1

      Run : 1 Lumi: 25 Event: 24822
HSCP type: 0
Ih: 33.6024
P: 400.026
Pt: 399.75
Eta: 0.0371715
Phi: -2.67537
NbPixelHit_noL1: 4
NOM_noL1: 18
FracOfValidHit: 1
isHighPurityTrack: 1
miniRelIsoAll: 1
IsoSumPt_dr03: 0
dz: -0.00672852
dxy: 0.00376709
normChi2: 0
EoP: 0.0257886
Pterr: 54.3418
Fpix: 0.999822
RecoPFMET: 74.3692
RecoPFMET_phi: -2.78619
RecoCaloMET: 72.9329
RecoCaloMET_phi: -2.48447
Flag_allMETFilters: 1

      Run : 1 Lumi: 25 Event: 24809
HSCP type: 0
Ih: 14.1384
P: 801.969
Pt: 780.5
Eta: 0.234016
Phi: -1.13402
NbPixelHit_noL1: 2
NOM_noL1: 14
FracOfValidHit: 1
isHighPurityTrack: 1
miniRelIsoAll: 1
IsoSumPt_dr03: 0
dz: -0.000498657
dxy: -9.55963e-05
normChi2: 0
EoP: 0.0159095
Pterr: 398.822
Fpix: 0.99972
RecoPFMET: 726.941
RecoPFMET_phi: 1.77348
RecoCaloMET: 736.615
RecoCaloMET_phi: 1.82421
Flag_allMETFilters: 1

      Run : 1 Lumi: 25 Event: 24826
HSCP type: 0
Ih: 18.7747
P: 461.179
Pt: 326.75
Eta: -0.878567
Phi: 0.354015
NbPixelHit_noL1: 3
NOM_noL1: 16
FracOfValidHit: 1
isHighPurityTrack: 1
miniRelIsoAll: 1
IsoSumPt_dr03: 0
dz: -0.0106641
dxy: 0.000266266
normChi2: 0
EoP: 0.0458987
Pterr: 126.121
Fpix: 0.999996
RecoPFMET: 330.437
RecoPFMET_phi: -2.90667
RecoCaloMET: 349.564
RecoCaloMET_phi: -2.86843
Flag_allMETFilters: 1

      Run : 1 Lumi: 25 Event: 24836
HSCP type: 0
Ih: 10.613
P: 1102.58
Pt: 600
Eta: 1.21769
Phi: 0.656954
NbPixelHit_noL1: 1
NOM_noL1: 9
FracOfValidHit: 1
isHighPurityTrack: 1
miniRelIsoAll: 1
IsoSumPt_dr03: 0
dz: -0.000696411
dxy: -0.00138306
normChi2: 0
EoP: 0.139815
Pterr: 111.347
Fpix: 0.995718
RecoPFMET: 899.099
RecoPFMET_phi: -2.86604
RecoCaloMET: 849.566
RecoCaloMET_phi: -2.85624
Flag_allMETFilters: 0

      Run : 1 Lumi: 25 Event: 24838
HSCP type: 0
Ih: 8.5977
P: 1047.32
Pt: 920
Eta: -0.520218
Phi: 0.559001
NbPixelHit_noL1: 3
NOM_noL1: 17
FracOfValidHit: 1
isHighPurityTrack: 1
miniRelIsoAll: 1
IsoSumPt_dr03: 0
dz: 0.00400879
dxy: 0.00265381
normChi2: 0
EoP: 0.0138248
Pterr: 180.581
Fpix: 0.999798
RecoPFMET: 938.553
RecoPFMET_phi: -2.59376
RecoCaloMET: 943.622
RecoCaloMET_phi: -2.55665
Flag_allMETFilters: 1

      Run : 1 Lumi: 25 Event: 24840
HSCP type: 1
Ih: 7.81288
P: 1546.68
Pt: 1492
Eta: -0.269906
Phi: 1.12015
NbPixelHit_noL1: 3
NOM_noL1: 15
FracOfValidHit: 1
isHighPurityTrack: 1
miniRelIsoAll: 0
IsoSumPt_dr03: 0
dz: -0.00405029
dxy: 0.00030426
normChi2: 0
EoP: 0
Pterr: 266.68
Fpix: 0.874853
RecoPFMET: 13.249
RecoPFMET_phi: -0.579018
RecoCaloMET: 29.5456
RecoCaloMET_phi: -1.35983
Flag_allMETFilters: 1

      Run : 1 Lumi: 25 Event: 24842
HSCP type: 0
Ih: 22.1936
P: 601.729
Pt: 328
Eta: 1.21567
Phi: -3.0204
NbPixelHit_noL1: 2
NOM_noL1: 11
FracOfValidHit: 1
isHighPurityTrack: 1
miniRelIsoAll: 1
IsoSumPt_dr03: 0
dz: -0.00368652
dxy: -0.00174316
normChi2: 0
EoP: 0
Pterr: 38.6652
Fpix: 0.999998
RecoPFMET: 328.967
RecoPFMET_phi: 0.209259
RecoCaloMET: 314.745
RecoCaloMET_phi: 0.210722
Flag_allMETFilters: 1

      Run : 1 Lumi: 25 Event: 24845
HSCP type: 0
Ih: 6.24795
P: 3065.68
Pt: 1371
Eta: -1.44365
Phi: 0.367003
NbPixelHit_noL1: 4
NOM_noL1: 15
FracOfValidHit: 1
isHighPurityTrack: 1
miniRelIsoAll: 1
IsoSumPt_dr03: 0
dz: -0.000404053
dxy: 5.24139e-05
normChi2: 0
EoP: 0
Pterr: 102.049
Fpix: 0.999719
RecoPFMET: 806.62
RecoPFMET_phi: 0.442106
RecoCaloMET: 1359.32
RecoCaloMET_phi: -2.77487
Flag_allMETFilters: 1

      Run : 1 Lumi: 25 Event: 24835
HSCP type: 0
Ih: 8.50272
P: 1694.65
Pt: 715
Eta: -1.50829
Phi: 1.50092
NbPixelHit_noL1: 3
NOM_noL1: 17
FracOfValidHit: 1
isHighPurityTrack: 1
miniRelIsoAll: 1
IsoSumPt_dr03: 0
dz: -0.00132324
dxy: 0.00129761
normChi2: 0
EoP: 0
Pterr: 64.8737
Fpix: 0.999999
RecoPFMET: 344.948
RecoPFMET_phi: 1.48834
RecoCaloMET: 182.821
RecoCaloMET_phi: 1.50295
Flag_allMETFilters: 1

      Run : 1 Lumi: 25 Event: 24843
HSCP type: 0
Ih: 14.6563
P: 749.385
Pt: 305
Eta: 1.54784
Phi: -1.15589
NbPixelHit_noL1: 3
NOM_noL1: 15
FracOfValidHit: 1
isHighPurityTrack: 1
miniRelIsoAll: 1
IsoSumPt_dr03: 0
dz: 0.00787109
dxy: -0.000216827
normChi2: 0
EoP: 0.303579
Pterr: 63.27
Fpix: 1
RecoPFMET: 471.606
RecoPFMET_phi: 2.19409
RecoCaloMET: 319.123
RecoCaloMET_phi: 2.32687
Flag_allMETFilters: 1

      Run : 1 Lumi: 25 Event: 24844
HSCP type: 0
Ih: 6.604
P: 1632.94
Pt: 1315
Eta: 0.682089
Phi: 1.93219
NbPixelHit_noL1: 3
NOM_noL1: 16
FracOfValidHit: 1
isHighPurityTrack: 1
miniRelIsoAll: 1
IsoSumPt_dr03: 0
dz: 0.00199219
dxy: -0.000894775
normChi2: 0
EoP: 0.00962383
Pterr: 319.899
Fpix: 0.99982
RecoPFMET: 37.7863
RecoPFMET_phi: -0.551704
RecoCaloMET: 34.1288
RecoCaloMET_phi: 0.0121148
Flag_allMETFilters: 1

      Run : 1 Lumi: 25 Event: 24849
HSCP type: 0
Ih: 13.1441
P: 7272.34
Pt: 5936
Eta: -0.659017
Phi: 2.63494
NbPixelHit_noL1: 2
NOM_noL1: 16
FracOfValidHit: 1
isHighPurityTrack: 1
miniRelIsoAll: 1
IsoSumPt_dr03: 0
dz: -0.00175659
dxy: 0.000886841
normChi2: 0
EoP: 0
Pterr: 126.973
Fpix: 0.998173
RecoPFMET: 6002.26
RecoPFMET_phi: -0.477263
RecoCaloMET: 5938.19
RecoCaloMET_phi: -0.486673
Flag_allMETFilters: 1

      Run : 1 Lumi: 25 Event: 24848
HSCP type: 0
Ih: 12.239
P: 1436.92
Pt: 527.5
Eta: 1.65972
Phi: -1.47534
NbPixelHit_noL1: 4
NOM_noL1: 23
FracOfValidHit: 1
isHighPurityTrack: 1
miniRelIsoAll: 1
IsoSumPt_dr03: 0
dz: -0.0100293
dxy: 0.00226563
normChi2: 0
EoP: 0
Pterr: 70.7414
Fpix: 0.995042
RecoPFMET: 626.945
RecoPFMET_phi: 1.37672
RecoCaloMET: 612.088
RecoCaloMET_phi: 1.50524
Flag_allMETFilters: 1

      Run : 1 Lumi: 25 Event: 24850
HSCP type: 0
Ih: 5.85875
P: 489.667
Pt: 216.875
Eta: 1.45445
Phi: -1.39116
NbPixelHit_noL1: 3
NOM_noL1: 10
FracOfValidHit: 1
isHighPurityTrack: 1
miniRelIsoAll: 1
IsoSumPt_dr03: 0
dz: -0.00611816
dxy: 0.000426636
normChi2: 0
EoP: 0
Pterr: 13.6461
Fpix: 0.999686
RecoPFMET: 338.543
RecoPFMET_phi: 1.66379
RecoCaloMET: 263.874
RecoCaloMET_phi: 1.76046
Flag_allMETFilters: 1

      Run : 1 Lumi: 25 Event: 24853
HSCP type: 0
Ih: 10.7993
P: 766.069
Pt: 705
Eta: 0.413282
Phi: 0.568963
NbPixelHit_noL1: 1
NOM_noL1: 14
FracOfValidHit: 1
isHighPurityTrack: 1
miniRelIsoAll: 1
IsoSumPt_dr03: 0
dz: -0.0119043
dxy: 0.00461426
normChi2: 0
EoP: 0.0399573
Pterr: 467.814
Fpix: 0.890122
RecoPFMET: 791.844
RecoPFMET_phi: -2.17468
RecoCaloMET: 778.339
RecoCaloMET_phi: -2.29805
Flag_allMETFilters: 1

      Run : 1 Lumi: 25 Event: 24841
HSCP type: 0
Ih: 4.79626
P: 4013.47
Pt: 2324
Eta: 1.14261
Phi: 2.21989
NbPixelHit_noL1: 2
NOM_noL1: 7
FracOfValidHit: 1
isHighPurityTrack: 1
miniRelIsoAll: 1
IsoSumPt_dr03: 0
dz: -0.00105713
dxy: 4.45366e-06
normChi2: 0
EoP: 0.00803653
Pterr: 433.434
Fpix: 0.974396
RecoPFMET: 2124.56
RecoPFMET_phi: -1.08345
RecoCaloMET: 2141.82
RecoCaloMET_phi: -1.0867
Flag_allMETFilters: 1

      Run : 1 Lumi: 25 Event: 24854
HSCP type: 0
Ih: 10.9591
P: 782.879
Pt: 346
Eta: -1.45683
Phi: -0.406751
NbPixelHit_noL1: 1
NOM_noL1: 13
FracOfValidHit: 1
isHighPurityTrack: 1
miniRelIsoAll: 1
IsoSumPt_dr03: 0
dz: 0.00210205
dxy: 0.000597534
normChi2: 0
EoP: 0
Pterr: 43.0887
Fpix: 0.998338
RecoPFMET: 74.8131
RecoPFMET_phi: 0.122105
RecoCaloMET: 96.9087
RecoCaloMET_phi: 0.161564
Flag_allMETFilters: 1

      Run : 1 Lumi: 25 Event: 24858
HSCP type: 0
Ih: 15.4157
P: 791.685
Pt: 628
Eta: -0.707175
Phi: -1.92066
NbPixelHit_noL1: 2
NOM_noL1: 14
FracOfValidHit: 1
isHighPurityTrack: 1
miniRelIsoAll: 1
IsoSumPt_dr03: 0
dz: -0.00162231
dxy: -0.000939941
normChi2: 0
EoP: 0
Pterr: 152.954
Fpix: 0.999782
RecoPFMET: 595.334
RecoPFMET_phi: 1.16617
RecoCaloMET: 26.341
RecoCaloMET_phi: -0.818858
Flag_allMETFilters: 1

      Run : 1 Lumi: 25 Event: 24863
HSCP type: 0
Ih: 9.33501
P: 13273.4
Pt: 5936
Eta: 1.44365
Phi: 0.843287
NbPixelHit_noL1: 2
NOM_noL1: 9
FracOfValidHit: 1
isHighPurityTrack: 1
miniRelIsoAll: 1
IsoSumPt_dr03: 0
dz: 0.00122498
dxy: 0.000782471
normChi2: 0
EoP: 0
Pterr: 94.5908
Fpix: 0.99328
RecoPFMET: 5927.53
RecoPFMET_phi: -2.29915
RecoCaloMET: 5927.07
RecoCaloMET_phi: -2.29475
Flag_allMETFilters: 1

      Run : 1 Lumi: 25 Event: 24862
HSCP type: 0
Ih: 48.0862
P: 556.352
Pt: 471
Eta: 0.59328
Phi: -2.43396
NbPixelHit_noL1: 3
NOM_noL1: 9
FracOfValidHit: 1
isHighPurityTrack: 1
miniRelIsoAll: 1
IsoSumPt_dr03: 0
dz: 0.0258616
dxy: 0.000589743
normChi2: 0
EoP: 0.0386647
Pterr: 80.0008
Fpix: 1
RecoPFMET: 65.0831
RecoPFMET_phi: -3.01689
RecoCaloMET: 80.4312
RecoCaloMET_phi: -2.91069
Flag_allMETFilters: 1

      Run : 1 Lumi: 25 Event: 24861
HSCP type: 0
Ih: 9.49604
P: 1160.9
Pt: 1062
Eta: -0.428297
Phi: 1.52788
NbPixelHit_noL1: 3
NOM_noL1: 16
FracOfValidHit: 1
isHighPurityTrack: 1
miniRelIsoAll: 1
IsoSumPt_dr03: 0
dz: 0.0014624
dxy: -1.64223e-05
normChi2: 0
EoP: 4.92363
Pterr: 251.497
Fpix: 0.999168
RecoPFMET: 6110.07
RecoPFMET_phi: -1.63114
RecoCaloMET: 996.972
RecoCaloMET_phi: -1.71269
Flag_allMETFilters: 0

      Run : 1 Lumi: 25 Event: 24856
HSCP type: 0
Ih: 6.69342
P: 1968.4
Pt: 1523
Eta: -0.747276
Phi: 1.90807
NbPixelHit_noL1: 2
NOM_noL1: 16
FracOfValidHit: 1
isHighPurityTrack: 1
miniRelIsoAll: 1
IsoSumPt_dr03: 0
dz: -0.00270508
dxy: 0.00327637
normChi2: 1
EoP: 0.00859041
Pterr: 499.767
Fpix: 0.959234
RecoPFMET: 470.62
RecoPFMET_phi: -1.24831
RecoCaloMET: 1523.16
RecoCaloMET_phi: -1.25718
Flag_allMETFilters: 1

      Run : 1 Lumi: 25 Event: 24867
HSCP type: 0
Ih: 4.22678
P: 1217.38
Pt: 646
Eta: 1.24754
Phi: -2.02067
NbPixelHit_noL1: 3
NOM_noL1: 10
FracOfValidHit: 1
isHighPurityTrack: 1
miniRelIsoAll: 1
IsoSumPt_dr03: 0
dz: -0.000181885
dxy: -0.0065332
normChi2: 1
EoP: 0
Pterr: 157.653
Fpix: 0.999996
RecoPFMET: 815.554
RecoPFMET_phi: 1.35406
RecoCaloMET: 778.614
RecoCaloMET_phi: 1.31409
Flag_allMETFilters: 1

      Run : 1 Lumi: 25 Event: 24864
HSCP type: 0
Ih: 6.83187
P: 1610.74
Pt: 1086
Eta: -0.947233
Phi: -1.3184
NbPixelHit_noL1: 3
NOM_noL1: 10
FracOfValidHit: 1
isHighPurityTrack: 1
miniRelIsoAll: 1
IsoSumPt_dr03: 0
dz: -0.000928345
dxy: 0.00069397
normChi2: 0
EoP: 0.016827
Pterr: 232.425
Fpix: 0.988173
RecoPFMET: 1058.27
RecoPFMET_phi: 1.7796
RecoCaloMET: 1055.65
RecoCaloMET_phi: 1.79799
Flag_allMETFilters: 1

      Run : 1 Lumi: 25 Event: 24868
HSCP type: 0
Ih: 8.25747
P: 1007.47
Pt: 972
Eta: 0.269356
Phi: 2.7619
NbPixelHit_noL1: 2
NOM_noL1: 15
FracOfValidHit: 1
isHighPurityTrack: 1
miniRelIsoAll: 1
IsoSumPt_dr03: 0
dz: 0.000315247
dxy: -0.000737305
normChi2: 1
EoP: 0.0172905
Pterr: 247.218
Fpix: 0.999083
RecoPFMET: 957.268
RecoPFMET_phi: -0.316299
RecoCaloMET: 931.236
RecoCaloMET_phi: -0.335005
Flag_allMETFilters: 1

      Run : 1 Lumi: 25 Event: 24865
HSCP type: 0
Ih: 6.86842
P: 2172.69
Pt: 2170
Eta: -0.0498062
Phi: 2.34304
NbPixelHit_noL1: 3
NOM_noL1: 15
FracOfValidHit: 1
isHighPurityTrack: 1
miniRelIsoAll: 1
IsoSumPt_dr03: 0
dz: -0.00108643
dxy: -0.00050354
normChi2: 0
EoP: 0.00484735
Pterr: 598.64
Fpix: 0.985999
RecoPFMET: 2021.96
RecoPFMET_phi: -0.635323
RecoCaloMET: 2010.81
RecoCaloMET_phi: -0.667366
Flag_allMETFilters: 1

      Run : 1 Lumi: 25 Event: 24870
HSCP type: 0
Ih: 16.8687
P: 1089.86
Pt: 1050
Eta: 0.274667
Phi: 0.465639
NbPixelHit_noL1: 3
NOM_noL1: 11
FracOfValidHit: 1
isHighPurityTrack: 1
miniRelIsoAll: 1
IsoSumPt_dr03: 0
dz: 0.000419617
dxy: 0.000847778
normChi2: 0
EoP: 0
Pterr: 216.303
Fpix: 0.999998
RecoPFMET: 1545.8
RecoPFMET_phi: 0.462902
RecoCaloMET: 1045.39
RecoCaloMET_phi: -2.7085
Flag_allMETFilters: 1

      Run : 1 Lumi: 25 Event: 24869
HSCP type: 0
Ih: 7.01988
P: 1521.84
Pt: 507.25
Eta: -1.76281
Phi: 1.38481
NbPixelHit_noL1: 7
NOM_noL1: 24
FracOfValidHit: 1
isHighPurityTrack: 1
miniRelIsoAll: 1
IsoSumPt_dr03: 0
dz: -0.0079541
dxy: -0.00463867
normChi2: 0
EoP: 0
Pterr: 55.0523
Fpix: 1
RecoPFMET: 119.455
RecoPFMET_phi: 1.6868
RecoCaloMET: 481.109
RecoCaloMET_phi: -1.19394
Flag_allMETFilters: 1

      Run : 1 Lumi: 25 Event: 24873
HSCP type: 0
Ih: 4.90923
P: 2503.28
Pt: 2198
Eta: 0.521134
Phi: -2.5618
NbPixelHit_noL1: 3
NOM_noL1: 9
FracOfValidHit: 1
isHighPurityTrack: 1
miniRelIsoAll: 1
IsoSumPt_dr03: 0
dz: 0.00619629
dxy: -0.000765991
normChi2: 1
EoP: 0.00726888
Pterr: 756654
Fpix: 0.936964
RecoPFMET: 602.284
RecoPFMET_phi: 0.551182
RecoCaloMET: 1557.7
RecoCaloMET_phi: -2.56624
Flag_allMETFilters: 1

      Run : 1 Lumi: 25 Event: 24872
HSCP type: 0
Ih: 17.7499
P: 903.775
Pt: 855
Eta: 0.336192
Phi: 3.11562
NbPixelHit_noL1: 3
NOM_noL1: 16
FracOfValidHit: 1
isHighPurityTrack: 1
miniRelIsoAll: 1
IsoSumPt_dr03: 0
dz: 0.000184326
dxy: -0.00145142
normChi2: 0
EoP: 0
Pterr: 314.786
Fpix: 0.999956
RecoPFMET: 235.097
RecoPFMET_phi: -3.04464
RecoCaloMET: 253.423
RecoCaloMET_phi: -3.07352
Flag_allMETFilters: 1

      Run : 1 Lumi: 25 Event: 24874
HSCP type: 0
Ih: 10.3869
P: 920.783
Pt: 324.5
Eta: 1.70348
Phi: 2.79364
NbPixelHit_noL1: 4
NOM_noL1: 22
FracOfValidHit: 1
isHighPurityTrack: 1
miniRelIsoAll: 1
IsoSumPt_dr03: 0
dz: -0.000542908
dxy: -0.000481262
normChi2: 0
EoP: 0
Pterr: 21.128
Fpix: 0.999993
RecoPFMET: 130.156
RecoPFMET_phi: -0.923702
RecoCaloMET: 192.687
RecoCaloMET_phi: -0.656318
Flag_allMETFilters: 1

      Run : 1 Lumi: 25 Event: 24876
HSCP type: 0
Ih: 6.99135
P: 2058.64
Pt: 1976
Eta: -0.288217
Phi: -1.73355
NbPixelHit_noL1: 3
NOM_noL1: 15
FracOfValidHit: 1
isHighPurityTrack: 1
miniRelIsoAll: 1
IsoSumPt_dr03: 0
dz: 0.000454712
dxy: 0.00125
normChi2: 2
EoP: 0.00660429
Pterr: 658.616
Fpix: 0.990273
RecoPFMET: 382.851
RecoPFMET_phi: 1.36676
RecoCaloMET: 2232.37
RecoCaloMET_phi: 1.41378
Flag_allMETFilters: 1

      Run : 1 Lumi: 25 Event: 24878
HSCP type: 0
Ih: 9.95956
P: 1014.01
Pt: 1014
Eta: -0.00402844
Phi: 0.409388
NbPixelHit_noL1: 2
NOM_noL1: 9
FracOfValidHit: 1
isHighPurityTrack: 1
miniRelIsoAll: 1
IsoSumPt_dr03: 0
dz: 0.00387451
dxy: -0.000142517
normChi2: 0
EoP: 0.0176935
Pterr: 498.972
Fpix: 0.99802
RecoPFMET: 707.43
RecoPFMET_phi: 0.350228
RecoCaloMET: 748.284
RecoCaloMET_phi: 0.401752
Flag_allMETFilters: 1

      Run : 1 Lumi: 25 Event: 24871
HSCP type: 0
Ih: 9.08937
P: 1273.05
Pt: 1105
Eta: -0.544755
Phi: -0.676485
NbPixelHit_noL1: 3
NOM_noL1: 12
FracOfValidHit: 1
isHighPurityTrack: 1
miniRelIsoAll: 1
IsoSumPt_dr03: 0
dz: -0.00117798
dxy: -0.00105408
normChi2: 0
EoP: 0
Pterr: 469.818
Fpix: 0.998956
RecoPFMET: 1153.68
RecoPFMET_phi: 2.44543
RecoCaloMET: 1143.1
RecoCaloMET_phi: 2.48065
Flag_allMETFilters: 1

      Run : 1 Lumi: 25 Event: 24886
HSCP type: 0
Ih: 10.6472
P: 1060.2
Pt: 511.75
Eta: -1.3574
Phi: -2.13132
NbPixelHit_noL1: 3
NOM_noL1: 11
FracOfValidHit: 1
isHighPurityTrack: 1
miniRelIsoAll: 1
IsoSumPt_dr03: 0
dz: 0.00344238
dxy: -0.000732422
normChi2: 0
EoP: 0
Pterr: 47.5006
Fpix: 0.999999
RecoPFMET: 476.431
RecoPFMET_phi: 0.958757
RecoCaloMET: 13.2279
RecoCaloMET_phi: -0.923448
Flag_allMETFilters: 1

      Run : 1 Lumi: 25 Event: 24884
HSCP type: 0
Ih: 8.55836
P: 2375.8
Pt: 1981
Eta: 0.621296
Phi: -0.639668
NbPixelHit_noL1: 3
NOM_noL1: 17
FracOfValidHit: 1
isHighPurityTrack: 1
miniRelIsoAll: 1
IsoSumPt_dr03: 0
dz: 0.00104675
dxy: 0.00204956
normChi2: 0
EoP: 0
Pterr: 270.591
Fpix: 0.991687
RecoPFMET: 2003.26
RecoPFMET_phi: 2.47998
RecoCaloMET: 1969.32
RecoCaloMET_phi: 2.4973
Flag_allMETFilters: 1

      Run : 1 Lumi: 25 Event: 24882
HSCP type: 0
Ih: 15.9478
P: 879.449
Pt: 765.5
Eta: 0.539079
Phi: 2.58133
NbPixelHit_noL1: 3
NOM_noL1: 17
FracOfValidHit: 1
isHighPurityTrack: 1
miniRelIsoAll: 1
IsoSumPt_dr03: 0
dz: -0.00189209
dxy: 0.00249512
normChi2: 0
EoP: 0.0367786
Pterr: 154.703
Fpix: 0.99999
RecoPFMET: 766.051
RecoPFMET_phi: -0.370283
RecoCaloMET: 744.323
RecoCaloMET_phi: -0.432394
Flag_allMETFilters: 1

      Run : 1 Lumi: 25 Event: 24885
HSCP type: 0
Ih: 8.70639
P: 1350.32
Pt: 379.75
Eta: 1.94134
Phi: 1.87496
NbPixelHit_noL1: 0
NOM_noL1: 18
FracOfValidHit: 0.909091
isHighPurityTrack: 1
miniRelIsoAll: 1
IsoSumPt_dr03: 0
dz: -0.0936653
dxy: 0.00157456
normChi2: 0
EoP: 0
Pterr: 108.697
Fpix: 1
RecoPFMET: 339.011
RecoPFMET_phi: -1.06508
RecoCaloMET: 352.992
RecoCaloMET_phi: -1.08672
Flag_allMETFilters: 1

      Run : 1 Lumi: 25 Event: 24890
HSCP type: 0
Ih: 5.22583
P: 3580.48
Pt: 2850
Eta: -0.701498
Phi: -0.485855
NbPixelHit_noL1: 3
NOM_noL1: 16
FracOfValidHit: 1
isHighPurityTrack: 1
miniRelIsoAll: 1
IsoSumPt_dr03: 0
dz: 0.00414062
dxy: 0.000525818
normChi2: 1
EoP: 0
Pterr: 426.655
Fpix: 0.991007
RecoPFMET: 2856.3
RecoPFMET_phi: 2.65761
RecoCaloMET: 2830.83
RecoCaloMET_phi: 2.65567
Flag_allMETFilters: 1

      Run : 1 Lumi: 25 Event: 24887
HSCP type: 0
Ih: 27.4862
P: 737.655
Pt: 733.5
Eta: 0.106388
Phi: 2.96425
NbPixelHit_noL1: 3
NOM_noL1: 15
FracOfValidHit: 1
isHighPurityTrack: 1
miniRelIsoAll: 1
IsoSumPt_dr03: 0
dz: 0.00218018
dxy: -0.00112122
normChi2: 0
EoP: 0
Pterr: 92.2108
Fpix: 0.999991
RecoPFMET: 416.432
RecoPFMET_phi: -0.236054
RecoCaloMET: 396.369
RecoCaloMET_phi: -0.199083
Flag_allMETFilters: 1

      Run : 1 Lumi: 25 Event: 24896
HSCP type: 0
Ih: 5.2588
P: 1703.01
Pt: 1196
Eta: -0.891018
Phi: 0.992022
NbPixelHit_noL1: 3
NOM_noL1: 16
FracOfValidHit: 1
isHighPurityTrack: 1
miniRelIsoAll: 1
IsoSumPt_dr03: 0
dz: 0.00147339
dxy: 0.000205078
normChi2: 0
EoP: 0
Pterr: 335.324
Fpix: 0.977984
RecoPFMET: 1178.92
RecoPFMET_phi: -2.16144
RecoCaloMET: 1194.68
RecoCaloMET_phi: -2.15931
Flag_allMETFilters: 1

      Run : 1 Lumi: 25 Event: 24893
HSCP type: 0
Ih: 9.39731
P: 1920
Pt: 1920
Eta: 0.000366222
Phi: 2.67244
NbPixelHit_noL1: 3
NOM_noL1: 17
FracOfValidHit: 1
isHighPurityTrack: 1
miniRelIsoAll: 1
IsoSumPt_dr03: 0
dz: 0.00348145
dxy: 0.000706177
normChi2: 0
EoP: 0
Pterr: 270.165
Fpix: 0.999135
RecoPFMET: 1907.91
RecoPFMET_phi: -0.466386
RecoCaloMET: 1943.64
RecoCaloMET_phi: -0.47106
Flag_allMETFilters: 1

      Run : 1 Lumi: 25 Event: 24894
HSCP type: 0
Ih: 7.07759
P: 1399.07
Pt: 616
Eta: -1.46104
Phi: -2.34939
NbPixelHit_noL1: 3
NOM_noL1: 14
FracOfValidHit: 1
isHighPurityTrack: 1
miniRelIsoAll: 1
IsoSumPt_dr03: 0
dz: 0.00192139
dxy: 0.000214996
normChi2: 0
EoP: 0
Pterr: 81.1415
Fpix: 0.984473
RecoPFMET: 600.946
RecoPFMET_phi: 0.807756
RecoCaloMET: 596.289
RecoCaloMET_phi: 0.789257
Flag_allMETFilters: 1

      Run : 1 Lumi: 25 Event: 24889
HSCP type: 0
Ih: 11.9252
P: 1374.72
Pt: 1334
Eta: -0.246467
Phi: 0.233406
NbPixelHit_noL1: 3
NOM_noL1: 11
FracOfValidHit: 1
isHighPurityTrack: 1
miniRelIsoAll: 1
IsoSumPt_dr03: 0
dz: -0.00305664
dxy: -0.000456238
normChi2: 0
EoP: 0
Pterr: 449.099
Fpix: 0.999967
RecoPFMET: 1324.63
RecoPFMET_phi: -2.92677
RecoCaloMET: 1310.37
RecoCaloMET_phi: -2.92753
Flag_allMETFilters: 1

      Run : 1 Lumi: 25 Event: 24898
HSCP type: 0
Ih: 17.1367
P: 767.017
Pt: 421.25
Eta: 1.2067
Phi: -1.46919
NbPixelHit_noL1: 2
NOM_noL1: 10
FracOfValidHit: 1
isHighPurityTrack: 1
miniRelIsoAll: 1
IsoSumPt_dr03: 0
dz: 0.000450134
dxy: -0.000219879
normChi2: 0
EoP: 0
Pterr: 69.4195
Fpix: 0.999992
RecoPFMET: 332.302
RecoPFMET_phi: 0.780579
RecoCaloMET: 307.898
RecoCaloMET_phi: 1.03179
Flag_allMETFilters: 1

      Run : 1 Lumi: 25 Event: 24906
HSCP type: 0
Ih: 9.19055
P: 1879.93
Pt: 722
Eta: 1.61101
Phi: -0.416614
NbPixelHit_noL1: 3
NOM_noL1: 20
FracOfValidHit: 1
isHighPurityTrack: 1
miniRelIsoAll: 1
IsoSumPt_dr03: 0
dz: -0.00681152
dxy: 0.000367737
normChi2: 0
EoP: 0
Pterr: 39.3653
Fpix: 0.999896
RecoPFMET: 738.473
RecoPFMET_phi: 2.5849
RecoCaloMET: 721.406
RecoCaloMET_phi: 2.64481
Flag_allMETFilters: 1

      Run : 1 Lumi: 25 Event: 24905
HSCP type: 1
Ih: 5.06671
P: 3147.19
Pt: 2942
Eta: 0.371349
Phi: 2.0984
NbPixelHit_noL1: 3
NOM_noL1: 15
FracOfValidHit: 1
isHighPurityTrack: 1
miniRelIsoAll: 0
IsoSumPt_dr03: 0
dz: -0.000965576
dxy: 0.00231201
normChi2: 1
EoP: 0
Pterr: 1857.38
Fpix: 0.984446
RecoPFMET: 88.0252
RecoPFMET_phi: 1.02918
RecoCaloMET: 59.3756
RecoCaloMET_phi: 1.29487
Flag_allMETFilters: 1

      Run : 1 Lumi: 25 Event: 24899
HSCP type: 0
Ih: 10.5681
P: 1089.23
Pt: 433.25
Eta: 1.57292
Phi: 1.66743
NbPixelHit_noL1: 4
NOM_noL1: 22
FracOfValidHit: 1
isHighPurityTrack: 1
miniRelIsoAll: 1
IsoSumPt_dr03: 5.99609
dz: -0.00534668
dxy: -0.0013562
normChi2: 0
EoP: 0.053159
Pterr: 38.4545
Fpix: 1
RecoPFMET: 346.943
RecoPFMET_phi: -0.823355
RecoCaloMET: 376.003
RecoCaloMET_phi: -0.908146
Flag_allMETFilters: 1

      Run : 1 Lumi: 25 Event: 24903
HSCP type: 0
Ih: 11.4374
P: 1347.2
Pt: 736.5
Eta: 1.2122
Phi: -2.59227
NbPixelHit_noL1: 2
NOM_noL1: 11
FracOfValidHit: 1
isHighPurityTrack: 1
miniRelIsoAll: 1
IsoSumPt_dr03: 0
dz: 0.000521851
dxy: 0.000633545
normChi2: 0
EoP: 0.0171067
Pterr: 119.435
Fpix: 0.999763
RecoPFMET: 762.734
RecoPFMET_phi: 0.643345
RecoCaloMET: 747.927
RecoCaloMET_phi: 0.622423
Flag_allMETFilters: 1

      Run : 1 Lumi: 25 Event: 24908
HSCP type: 0
Ih: 11.7399
P: 607.388
Pt: 521
Eta: -0.568194
Phi: -0.198932
NbPixelHit_noL1: 4
NOM_noL1: 13
FracOfValidHit: 1
isHighPurityTrack: 1
miniRelIsoAll: 1
IsoSumPt_dr03: 0
dz: -0.00856445
dxy: -0.000253448
normChi2: 0
EoP: 0.0220119
Pterr: 405.37
Fpix: 0.999974
RecoPFMET: 457.405
RecoPFMET_phi: 3.03208
RecoCaloMET: 493.347
RecoCaloMET_phi: 2.97244
Flag_allMETFilters: 1

      Run : 1 Lumi: 25 Event: 24907
HSCP type: 0
Ih: 2.3151
P: 1235.98
Pt: 773
Eta: 1.04611
Phi: 1.55307
NbPixelHit_noL1: 3
NOM_noL1: 10
FracOfValidHit: 1
isHighPurityTrack: 1
miniRelIsoAll: 1
IsoSumPt_dr03: 0
dz: 1.68133e-05
dxy: 0.0020459
normChi2: 3
EoP: 0.0139666
Pterr: 118.613
Fpix: 0.999914
RecoPFMET: 773.499
RecoPFMET_phi: -1.53666
RecoCaloMET: 797.267
RecoCaloMET_phi: -1.55004
Flag_allMETFilters: 1

      Run : 1 Lumi: 25 Event: 24913
HSCP type: 0
Ih: 4.17524
P: 2781.35
Pt: 1224
Eta: -1.46159
Phi: -1.29418
NbPixelHit_noL1: 2
NOM_noL1: 13
FracOfValidHit: 1
isHighPurityTrack: 1
miniRelIsoAll: 1
IsoSumPt_dr03: 0
dz: -0.0012207
dxy: 0.000228424
normChi2: 0
EoP: 0
Pterr: 238.872
Fpix: 0.310743
RecoPFMET: 1209.43
RecoPFMET_phi: 1.83263
RecoCaloMET: 1216.43
RecoCaloMET_phi: 1.88173
Flag_allMETFilters: 1

      Run : 1 Lumi: 25 Event: 24909
HSCP type: 0
Ih: 17.8102
P: 805.761
Pt: 799.5
Eta: -0.125065
Phi: -3.0956
NbPixelHit_noL1: 3
NOM_noL1: 17
FracOfValidHit: 1
isHighPurityTrack: 1
miniRelIsoAll: 1
IsoSumPt_dr03: 0
dz: 0.000248871
dxy: 0.000167694
normChi2: 0
EoP: 0.0153865
Pterr: 186.223
Fpix: 0.999996
RecoPFMET: 646.889
RecoPFMET_phi: 0.167911
RecoCaloMET: 663.38
RecoCaloMET_phi: 0.143392
Flag_allMETFilters: 1

      Run : 1 Lumi: 25 Event: 24918
HSCP type: 0
Ih: 15.0757
P: 852.957
Pt: 668.5
Eta: 0.726768
Phi: -0.910868
NbPixelHit_noL1: 3
NOM_noL1: 15
FracOfValidHit: 1
isHighPurityTrack: 1
miniRelIsoAll: 1
IsoSumPt_dr03: 0
dz: -0.00252197
dxy: 0.00187744
normChi2: 0
EoP: 0.019232
Pterr: 165.353
Fpix: 0.999998
RecoPFMET: 503.608
RecoPFMET_phi: 2.00933
RecoCaloMET: 517.065
RecoCaloMET_phi: 2.12139
Flag_allMETFilters: 1

      Run : 1 Lumi: 25 Event: 24902
HSCP type: 0
Ih: 13.1031
P: 889.089
Pt: 647.5
Eta: 0.839015
Phi: -0.840553
NbPixelHit_noL1: 2
NOM_noL1: 13
FracOfValidHit: 1
isHighPurityTrack: 1
miniRelIsoAll: 1
IsoSumPt_dr03: 6.36328
dz: 0.00323242
dxy: -0.00321045
normChi2: 0
EoP: 0.0263379
Pterr: 145.031
Fpix: 0.999578
RecoPFMET: 530.487
RecoPFMET_phi: 2.371
RecoCaloMET: 542.426
RecoCaloMET_phi: 2.27154
Flag_allMETFilters: 1

      Run : 1 Lumi: 25 Event: 24923
HSCP type: 0
Ih: 4.91717
P: 2493.63
Pt: 1712
Eta: 0.922513
Phi: 1.95006
NbPixelHit_noL1: 3
NOM_noL1: 13
FracOfValidHit: 1
isHighPurityTrack: 1
miniRelIsoAll: 1
IsoSumPt_dr03: 0
dz: -0.00260986
dxy: -0.000634766
normChi2: 0
EoP: 0
Pterr: 389.429
Fpix: 0.945377
RecoPFMET: 64.1197
RecoPFMET_phi: 2.17919
RecoCaloMET: 1706.39
RecoCaloMET_phi: -1.21815
Flag_allMETFilters: 1

      Run : 1 Lumi: 25 Event: 24919
HSCP type: 0
Ih: 12.3802
P: 1007.72
Pt: 731.5
Eta: 0.843776
Phi: -2.74755
NbPixelHit_noL1: 4
NOM_noL1: 18
FracOfValidHit: 1
isHighPurityTrack: 1
miniRelIsoAll: 1
IsoSumPt_dr03: 0
dz: 0.00207642
dxy: 0.000331421
normChi2: 0
EoP: 0
Pterr: 163.864
Fpix: 0.999991
RecoPFMET: 256.857
RecoPFMET_phi: 0.331211
RecoCaloMET: 330.694
RecoCaloMET_phi: 0.258469
Flag_allMETFilters: 1

      Run : 1 Lumi: 25 Event: 24920
HSCP type: 0
Ih: 30.8093
P: 635.501
Pt: 635.5
Eta: -0.001648
Phi: 1.63316
NbPixelHit_noL1: 0
NOM_noL1: 12
FracOfValidHit: 0.857143
isHighPurityTrack: 1
miniRelIsoAll: 1
IsoSumPt_dr03: 0
dz: 0.0786588
dxy: 0.00990636
normChi2: 0
EoP: 0
Pterr: 506.296
Fpix: 1
RecoPFMET: 39.5817
RecoPFMET_phi: 1.02226
RecoCaloMET: 84.0131
RecoCaloMET_phi: 1.33462
Flag_allMETFilters: 1

      Run : 1 Lumi: 25 Event: 24915
HSCP type: 0
Ih: 55.8092
P: 434.034
Pt: 432.25
Eta: -0.0908231
Phi: 2.65213
NbPixelHit_noL1: 3
NOM_noL1: 9
FracOfValidHit: 1
isHighPurityTrack: 1
miniRelIsoAll: 1
IsoSumPt_dr03: 0
dz: 0.00117981
dxy: 0.00240479
normChi2: 0
EoP: 0.0603001
Pterr: 115.807
Fpix: 0.99967
RecoPFMET: 455.533
RecoPFMET_phi: 2.75433
RecoCaloMET: 426.592
RecoCaloMET_phi: 2.62234
Flag_allMETFilters: 1

      Run : 1 Lumi: 25 Event: 24930
HSCP type: 0
Ih: 5.72424
P: 2040.23
Pt: 618
Eta: -1.8637
Phi: -1.59478
NbPixelHit_noL1: 5
NOM_noL1: 25
FracOfValidHit: 1
isHighPurityTrack: 1
miniRelIsoAll: 1
IsoSumPt_dr03: 0
dz: -0.00103821
dxy: -0.000797729
normChi2: 0
EoP: 0
Pterr: 75.4209
Fpix: 0.998933
RecoPFMET: 635.099
RecoPFMET_phi: 1.55394
RecoCaloMET: 659.522
RecoCaloMET_phi: 1.58745
Flag_allMETFilters: 1

      Run : 1 Lumi: 25 Event: 24921
HSCP type: 0
Ih: 4.93386
P: 2015.41
Pt: 1217
Eta: 1.09061
Phi: -0.560271
NbPixelHit_noL1: 3
NOM_noL1: 7
FracOfValidHit: 1
isHighPurityTrack: 1
miniRelIsoAll: 1
IsoSumPt_dr03: 0
dz: -0.000220642
dxy: 0.000123367
normChi2: 0
EoP: 0
Pterr: 285.322
Fpix: 0.976414
RecoPFMET: 12.5673
RecoPFMET_phi: 2.11323
RecoCaloMET: 1155.97
RecoCaloMET_phi: 2.59407
Flag_allMETFilters: 1

      Run : 1 Lumi: 25 Event: 24924
HSCP type: 0
Ih: 25.5457
P: 939.112
Pt: 782.5
Eta: -0.622578
Phi: 3.05722
NbPixelHit_noL1: 3
NOM_noL1: 16
FracOfValidHit: 1
isHighPurityTrack: 1
miniRelIsoAll: 1
IsoSumPt_dr03: 0
dz: -7.19833e-05
dxy: 0.000163879
normChi2: 0
EoP: 0
Pterr: 110.562
Fpix: 1
RecoPFMET: 50.3585
RecoPFMET_phi: 0.198626
RecoCaloMET: 76.4939
RecoCaloMET_phi: -0.124729
Flag_allMETFilters: 1

      Run : 1 Lumi: 25 Event: 24927
HSCP type: 0
Ih: 17.0323
P: 684.83
Pt: 657
Eta: 0.290048
Phi: -0.951494
NbPixelHit_noL1: 2
NOM_noL1: 14
FracOfValidHit: 1
isHighPurityTrack: 1
miniRelIsoAll: 1
IsoSumPt_dr03: 0
dz: 0.010166
dxy: -0.00419922
normChi2: 0
EoP: 0.0395698
Pterr: 128.178
Fpix: 0.999997
RecoPFMET: 106.984
RecoPFMET_phi: -0.799732
RecoCaloMET: 94.2759
RecoCaloMET_phi: -0.969833
Flag_allMETFilters: 1

      Run : 1 Lumi: 25 Event: 24932
HSCP type: 0
Ih: 5.39475
P: 1771.01
Pt: 879.5
Eta: -1.32481
Phi: -1.29057
NbPixelHit_noL1: 3
NOM_noL1: 11
FracOfValidHit: 1
isHighPurityTrack: 1
miniRelIsoAll: 1
IsoSumPt_dr03: 0
dz: -0.00262207
dxy: -0.00014389
normChi2: 0
EoP: 0
Pterr: 134.183
Fpix: 0.941689
RecoPFMET: 58.8759
RecoPFMET_phi: -0.773163
RecoCaloMET: 27.2185
RecoCaloMET_phi: -2.07213
Flag_allMETFilters: 1

      Run : 1 Lumi: 25 Event: 24929
HSCP type: 0
Ih: 5.64873
P: 1944.04
Pt: 410.75
Eta: 2.23634
Phi: 2.55623
NbPixelHit_noL1: 6
NOM_noL1: 19
FracOfValidHit: 1
isHighPurityTrack: 1
miniRelIsoAll: 1
IsoSumPt_dr03: 0
dz: 0.000801392
dxy: -0.00108398
normChi2: 0
EoP: 0
Pterr: 61.6622
Fpix: 0.999999
RecoPFMET: 505.204
RecoPFMET_phi: -0.710924
RecoCaloMET: 461.353
RecoCaloMET_phi: -0.751272
Flag_allMETFilters: 1

      Run : 1 Lumi: 25 Event: 24936
HSCP type: 0
Ih: 5.14485
P: 2243.18
Pt: 954
Eta: 1.4995
Phi: -1.12669
NbPixelHit_noL1: 2
NOM_noL1: 11
FracOfValidHit: 1
isHighPurityTrack: 1
miniRelIsoAll: 1
IsoSumPt_dr03: 0
dz: 0.00193726
dxy: 0.00281738
normChi2: 0
EoP: 0
Pterr: 312.638
Fpix: 0.929987
RecoPFMET: 990.809
RecoPFMET_phi: 2.05955
RecoCaloMET: 1013.07
RecoCaloMET_phi: 2.02637
Flag_allMETFilters: 1

      Run : 1 Lumi: 25 Event: 24935
HSCP type: 0
Ih: 14.5764
P: 890.86
Pt: 436.25
Eta: -1.34092
Phi: -1.01546
NbPixelHit_noL1: 3
NOM_noL1: 13
FracOfValidHit: 1
isHighPurityTrack: 1
miniRelIsoAll: 1
IsoSumPt_dr03: 0
dz: 0.0011908
dxy: -0.000862427
normChi2: 0
EoP: 0
Pterr: 47.3569
Fpix: 0.999998
RecoPFMET: 87.8903
RecoPFMET_phi: -0.55372
RecoCaloMET: 479.595
RecoCaloMET_phi: 2.12708
Flag_allMETFilters: 1

      Run : 1 Lumi: 25 Event: 24940
HSCP type: 0
Ih: 20.7313
P: 1348.62
Pt: 589.5
Eta: 1.4691
Phi: 1.92252
NbPixelHit_noL1: 3
NOM_noL1: 15
FracOfValidHit: 1
isHighPurityTrack: 1
miniRelIsoAll: 1
IsoSumPt_dr03: 0
dz: -0.0018689
dxy: -0.000205994
normChi2: 0
EoP: 0
Pterr: 126.115
Fpix: 1
RecoPFMET: 90.2806
RecoPFMET_phi: 2.01401
RecoCaloMET: 592.09
RecoCaloMET_phi: -1.20749
Flag_allMETFilters: 1

      Run : 1 Lumi: 25 Event: 24942
HSCP type: 0
Ih: 7.98232
P: 1423.7
Pt: 1332
Eta: -0.368969
Phi: 1.36264
NbPixelHit_noL1: 3
NOM_noL1: 14
FracOfValidHit: 1
isHighPurityTrack: 1
miniRelIsoAll: 1
IsoSumPt_dr03: 0
dz: 0.00118225
dxy: 0.000927124
normChi2: 0
EoP: 0.0093286
Pterr: 405.749
Fpix: 0.99616
RecoPFMET: 1342
RecoPFMET_phi: -1.84304
RecoCaloMET: 1333.33
RecoCaloMET_phi: -1.82479
Flag_allMETFilters: 1

      Run : 1 Lumi: 25 Event: 24938
HSCP type: 0
Ih: 8.47545
P: 1449.14
Pt: 1434
Eta: 0.145207
Phi: 2.91669
NbPixelHit_noL1: 3
NOM_noL1: 20
FracOfValidHit: 1
isHighPurityTrack: 1
miniRelIsoAll: 1
IsoSumPt_dr03: 0
dz: -1.69659e-05
dxy: -0.00047821
normChi2: 0
EoP: 0
Pterr: 330.407
Fpix: 0.996017
RecoPFMET: 2386.39
RecoPFMET_phi: 2.96901
RecoCaloMET: 2455.49
RecoCaloMET_phi: 2.99027
Flag_allMETFilters: 0

      Run : 1 Lumi: 25 Event: 24939
HSCP type: 0
Ih: 13.3184
P: 1082.06
Pt: 608
Eta: 1.17924
Phi: 2.06149
NbPixelHit_noL1: 4
NOM_noL1: 11
FracOfValidHit: 1
isHighPurityTrack: 1
miniRelIsoAll: 1
IsoSumPt_dr03: 0
dz: 0.0134375
dxy: 0.00523926
normChi2: 4
EoP: 0
Pterr: 54.873
Fpix: 0.999989
RecoPFMET: 520.167
RecoPFMET_phi: 1.53281
RecoCaloMET: 870.527
RecoCaloMET_phi: 1.52323
Flag_allMETFilters: 1

      Run : 1 Lumi: 25 Event: 24948
HSCP type: 0
Ih: 13.1433
P: 1566.63
Pt: 1566
Eta: -0.0283822
Phi: -1.24144
NbPixelHit_noL1: 1
NOM_noL1: 12
FracOfValidHit: 1
isHighPurityTrack: 1
miniRelIsoAll: 1
IsoSumPt_dr03: 0
dz: -0.00395752
dxy: -0.00104248
normChi2: 0
EoP: 0
Pterr: 383.453
Fpix: 0.95118
RecoPFMET: 55.396
RecoPFMET_phi: 2.03492
RecoCaloMET: 1477.48
RecoCaloMET_phi: 1.89706
Flag_allMETFilters: 1

      Run : 1 Lumi: 25 Event: 24934
HSCP type: 0
Ih: 7.774
P: 2680.55
Pt: 1395
Eta: -1.27042
Phi: 2.65086
NbPixelHit_noL1: 1
NOM_noL1: 9
FracOfValidHit: 1
isHighPurityTrack: 1
miniRelIsoAll: 1
IsoSumPt_dr03: 0
dz: -0.000193634
dxy: 0.000488586
normChi2: 0
EoP: 0.874827
Pterr: 145.632
Fpix: 0.984875
RecoPFMET: 1332.8
RecoPFMET_phi: -0.494992
RecoCaloMET: 1386.37
RecoCaloMET_phi: -0.504099
Flag_allMETFilters: 0

      Run : 1 Lumi: 25 Event: 24957
HSCP type: 0
Ih: 12.0346
P: 1369.84
Pt: 956.5
Eta: 0.899075
Phi: 1.40248
NbPixelHit_noL1: 3
NOM_noL1: 14
FracOfValidHit: 1
isHighPurityTrack: 1
miniRelIsoAll: 1
IsoSumPt_dr03: 0
dz: 0.00241211
dxy: -0.00171265
normChi2: 0
EoP: 0
Pterr: 277.742
Fpix: 0.999975
RecoPFMET: 881.991
RecoPFMET_phi: -1.82343
RecoCaloMET: 915.189
RecoCaloMET_phi: -1.78643
Flag_allMETFilters: 0

      Run : 1 Lumi: 25 Event: 24949
HSCP type: 0
Ih: 8.56444
P: 21952.3
Pt: 21952
Eta: 0.00531022
Phi: -3.05195
NbPixelHit_noL1: 3
NOM_noL1: 16
FracOfValidHit: 1
isHighPurityTrack: 1
miniRelIsoAll: 1
IsoSumPt_dr03: 0
dz: 0.00270508
dxy: 0.00464844
normChi2: 0
EoP: 0
Pterr: 356.345
Fpix: 0.997792
RecoPFMET: 20626.5
RecoPFMET_phi: 0.0896623
RecoCaloMET: 20646.9
RecoCaloMET_phi: 0.0902313
Flag_allMETFilters: 1

      Run : 1 Lumi: 25 Event: 24950
HSCP type: 0
Ih: 4.61006
P: 2837.42
Pt: 2764
Eta: -0.229987
Phi: 3.08828
NbPixelHit_noL1: 3
NOM_noL1: 16
FracOfValidHit: 1
isHighPurityTrack: 1
miniRelIsoAll: 1
IsoSumPt_dr03: 0
dz: -0.00364258
dxy: 0.000239868
normChi2: 0
EoP: 0
Pterr: 680.653
Fpix: 0.822083
RecoPFMET: 2744.21
RecoPFMET_phi: -0.0735758
RecoCaloMET: 2735.53
RecoCaloMET_phi: -0.0776133
Flag_allMETFilters: 1

      Run : 1 Lumi: 25 Event: 24952
HSCP type: 0
Ih: 9.62877
P: 1058.75
Pt: 781.5
Eta: 0.819239
Phi: -1.9692
NbPixelHit_noL1: 3
NOM_noL1: 16
FracOfValidHit: 1
isHighPurityTrack: 1
miniRelIsoAll: 1
IsoSumPt_dr03: 0
dz: 0.000792236
dxy: 0.000560608
normChi2: 0
EoP: 0
Pterr: 259.458
Fpix: 0.99982
RecoPFMET: 12.4178
RecoPFMET_phi: -1.76251
RecoCaloMET: 37.2051
RecoCaloMET_phi: -1.54252
Flag_allMETFilters: 1

      Run : 1 Lumi: 25 Event: 24951
HSCP type: 0
Ih: 9.80135
P: 794.51
Pt: 194.125
Eta: 2.0871
Phi: 1.31625
NbPixelHit_noL1: 6
NOM_noL1: 19
FracOfValidHit: 1
isHighPurityTrack: 1
miniRelIsoAll: 1
IsoSumPt_dr03: 0
dz: 0.00244873
dxy: -0.000429077
normChi2: 0
EoP: 0
Pterr: 13.8521
Fpix: 0.999995
RecoPFMET: 196.919
RecoPFMET_phi: -1.82338
RecoCaloMET: 198.446
RecoCaloMET_phi: -1.66206
Flag_allMETFilters: 1

      Run : 1 Lumi: 25 Event: 24965
HSCP type: 0
Ih: 11.5812
P: 704.715
Pt: 273.5
Eta: 1.59966
Phi: 2.59471
NbPixelHit_noL1: 4
NOM_noL1: 21
FracOfValidHit: 1
isHighPurityTrack: 1
miniRelIsoAll: 1
IsoSumPt_dr03: 0
dz: -0.00198242
dxy: 0.000182648
normChi2: 0
EoP: 0
Pterr: 14.9664
Fpix: 0.999989
RecoPFMET: 246.154
RecoPFMET_phi: -0.365683
RecoCaloMET: 269.801
RecoCaloMET_phi: -0.46282
Flag_allMETFilters: 1

      Run : 1 Lumi: 25 Event: 24958
HSCP type: 0
Ih: 7.29288
P: 1339.1
Pt: 878.5
Eta: -0.983856
Phi: -1.42543
NbPixelHit_noL1: 3
NOM_noL1: 15
FracOfValidHit: 1
isHighPurityTrack: 1
miniRelIsoAll: 1
IsoSumPt_dr03: 0
dz: 9.09424e-05
dxy: 0.000273895
normChi2: 0
EoP: 0.023651
Pterr: 120.917
Fpix: 0.965304
RecoPFMET: 749.714
RecoPFMET_phi: 1.51553
RecoCaloMET: 828.577
RecoCaloMET_phi: 1.57528
Flag_allMETFilters: 1

      Run : 1 Lumi: 25 Event: 24963
HSCP type: 0
Ih: 6.47996
P: 1506.32
Pt: 660.5
Eta: -1.46562
Phi: 2.0317
NbPixelHit_noL1: 3
NOM_noL1: 17
FracOfValidHit: 1
isHighPurityTrack: 1
miniRelIsoAll: 1
IsoSumPt_dr03: 0
dz: -0.000807495
dxy: -0.00189087
normChi2: 0
EoP: 0
Pterr: 95.0743
Fpix: 0.894964
RecoPFMET: 857.014
RecoPFMET_phi: -0.777028
RecoCaloMET: 841.882
RecoCaloMET_phi: -0.817029
Flag_allMETFilters: 1

      Run : 1 Lumi: 25 Event: 24962
HSCP type: 0
Ih: 9.15892
P: 1795.59
Pt: 1794
Eta: -0.0421155
Phi: -1.01361
NbPixelHit_noL1: 3
NOM_noL1: 15
FracOfValidHit: 1
isHighPurityTrack: 1
miniRelIsoAll: 1
IsoSumPt_dr03: 0
dz: 0.0044458
dxy: -0.00111511
normChi2: 1
EoP: 0
Pterr: 1355.8
Fpix: 0.999337
RecoPFMET: 1914.88
RecoPFMET_phi: 2.19798
RecoCaloMET: 1921.92
RecoCaloMET_phi: 2.18656
Flag_allMETFilters: 1

      Run : 1 Lumi: 25 Event: 24955
HSCP type: 0
Ih: 5.86951
P: 1982.99
Pt: 647.5
Eta: 1.7846
Phi: -2.87216
NbPixelHit_noL1: 3
NOM_noL1: 22
FracOfValidHit: 1
isHighPurityTrack: 1
miniRelIsoAll: 1
IsoSumPt_dr03: 0
dz: -0.00067688
dxy: 0.000411072
normChi2: 0
EoP: 0
Pterr: 56.9706
Fpix: 0.985999
RecoPFMET: 181.056
RecoPFMET_phi: -2.93463
RecoCaloMET: 558.728
RecoCaloMET_phi: 0.132802
Flag_allMETFilters: 0

      Run : 1 Lumi: 25 Event: 24969
HSCP type: 0
Ih: 9.76156
P: 1203.53
Pt: 871
Eta: -0.84817
Phi: 3.0955
NbPixelHit_noL1: 3
NOM_noL1: 17
FracOfValidHit: 1
isHighPurityTrack: 1
miniRelIsoAll: 1
IsoSumPt_dr03: 0
dz: 0.00216064
dxy: -0.00017807
normChi2: 0
EoP: 0
Pterr: 151.093
Fpix: 0.999919
RecoPFMET: 568.761
RecoPFMET_phi: 3.09353
RecoCaloMET: 803.685
RecoCaloMET_phi: -0.0443245
Flag_allMETFilters: 1

      Run : 1 Lumi: 25 Event: 24960
HSCP type: 0
Ih: 24.4321
P: 658.273
Pt: 647
Eta: -0.186407
Phi: -0.656661
NbPixelHit_noL1: 3
NOM_noL1: 16
FracOfValidHit: 1
isHighPurityTrack: 1
miniRelIsoAll: 1
IsoSumPt_dr03: 0
dz: -0.00209961
dxy: 0.0017688
normChi2: 0
EoP: 0.0214024
Pterr: 135.206
Fpix: 0.999997
RecoPFMET: 274.187
RecoPFMET_phi: -0.349434
RecoCaloMET: 1006.23
RecoCaloMET_phi: 2.65489
Flag_allMETFilters: 1

      Run : 1 Lumi: 25 Event: 24967
HSCP type: 0
Ih: 9.68509
P: 992.734
Pt: 696
Eta: 0.893399
Phi: 1.01478
NbPixelHit_noL1: 3
NOM_noL1: 13
FracOfValidHit: 1
isHighPurityTrack: 1
miniRelIsoAll: 1
IsoSumPt_dr03: 0
dz: -0.00376465
dxy: 0.00010025
normChi2: 0
EoP: 0.0197801
Pterr: 206.402
Fpix: 0.998916
RecoPFMET: 353.381
RecoPFMET_phi: -2.59547
RecoCaloMET: 402.595
RecoCaloMET_phi: -2.47307
Flag_allMETFilters: 1

      Run : 1 Lumi: 25 Event: 24966
HSCP type: 0
Ih: 8.30571
P: 2833.6
Pt: 1344
Eta: -1.37736
Phi: -1.70699
NbPixelHit_noL1: 2
NOM_noL1: 11
FracOfValidHit: 1
isHighPurityTrack: 1
miniRelIsoAll: 1
IsoSumPt_dr03: 101.5
dz: 0.0207422
dxy: -0.00629395
normChi2: 1
EoP: 0
Pterr: 386.775
Fpix: 0.954862
RecoPFMET: 1364.26
RecoPFMET_phi: 1.41027
RecoCaloMET: 1357.64
RecoCaloMET_phi: 1.4345
Flag_allMETFilters: 1

      Run : 1 Lumi: 25 Event: 24975
HSCP type: 0
Ih: 9.263
P: 2186.29
Pt: 1973
Eta: 0.460891
Phi: -2.95536
NbPixelHit_noL1: 3
NOM_noL1: 16
FracOfValidHit: 1
isHighPurityTrack: 1
miniRelIsoAll: 1
IsoSumPt_dr03: 0
dz: -0.000935669
dxy: -0.00192383
normChi2: 0
EoP: 0
Pterr: 531.014
Fpix: 0.999564
RecoPFMET: 1817.7
RecoPFMET_phi: 0.149626
RecoCaloMET: 1915.73
RecoCaloMET_phi: 0.163207
Flag_allMETFilters: 1

      Run : 1 Lumi: 25 Event: 24971
HSCP type: 0
Ih: 5.91345
P: 6156.61
Pt: 4464
Eta: 0.845424
Phi: -0.356944
NbPixelHit_noL1: 2
NOM_noL1: 16
FracOfValidHit: 1
isHighPurityTrack: 1
miniRelIsoAll: 1
IsoSumPt_dr03: 0
dz: -0.0021814
dxy: 0.000541382
normChi2: 0
EoP: 0
Pterr: 171.331
Fpix: 0.967833
RecoPFMET: 4361.1
RecoPFMET_phi: 2.74251
RecoCaloMET: 4395.15
RecoCaloMET_phi: 2.73862
Flag_allMETFilters: 1

      Run : 1 Lumi: 25 Event: 24968
HSCP type: 0
Ih: 13.6245
P: 2395.34
Pt: 2354
Eta: 0.187139
Phi: 0.00507828
NbPixelHit_noL1: 3
NOM_noL1: 14
FracOfValidHit: 1
isHighPurityTrack: 1
miniRelIsoAll: 1
IsoSumPt_dr03: 0
dz: 0.0014856
dxy: -0.00134399
normChi2: 0
EoP: 0
Pterr: 982.209
Fpix: 0.999949
RecoPFMET: 1499.23
RecoPFMET_phi: 3.1214
RecoCaloMET: 1508.21
RecoCaloMET_phi: -3.1135
Flag_allMETFilters: 1

      Run : 1 Lumi: 25 Event: 24974
HSCP type: 0
Ih: 9.31986
P: 1619.52
Pt: 568.5
Eta: 1.70769
Phi: 0.549528
NbPixelHit_noL1: 2
NOM_noL1: 21
FracOfValidHit: 1
isHighPurityTrack: 1
miniRelIsoAll: 1
IsoSumPt_dr03: 0
dz: 0.0044043
dxy: 0.00078186
normChi2: 0
EoP: 0
Pterr: 37.3887
Fpix: 0.999994
RecoPFMET: 697.822
RecoPFMET_phi: -2.77287
RecoCaloMET: 629.134
RecoCaloMET_phi: -2.71541
Flag_allMETFilters: 1

      Run : 1 Lumi: 25 Event: 24980
HSCP type: 0
Ih: 6.55468
P: 13186.4
Pt: 3804
Eta: -1.91479
Phi: -0.405579
NbPixelHit_noL1: 5
NOM_noL1: 12
FracOfValidHit: 1
isHighPurityTrack: 1
miniRelIsoAll: 1
IsoSumPt_dr03: 0
dz: 0.00586426
dxy: -0.00169556
normChi2: 0
EoP: 0
Pterr: 234.174
Fpix: 0.999923
RecoPFMET: 3765.81
RecoPFMET_phi: 2.71302
RecoCaloMET: 3788.57
RecoCaloMET_phi: 2.72254
Flag_allMETFilters: 0

      Run : 1 Lumi: 25 Event: 24961
HSCP type: 0
Ih: 9.18922
P: 1174.25
Pt: 424
Eta: 1.67748
Phi: 1.57427
NbPixelHit_noL1: 4
NOM_noL1: 18
FracOfValidHit: 1
isHighPurityTrack: 1
miniRelIsoAll: 1
IsoSumPt_dr03: 0
dz: -0.015459
dxy: -0.0030957
normChi2: 1
EoP: 2.25967
Pterr: 36.9472
Fpix: 0.999997
RecoPFMET: 1335.09
RecoPFMET_phi: -1.483
RecoCaloMET: 389.302
RecoCaloMET_phi: -1.5284
Flag_allMETFilters: 1

      Run : 1 Lumi: 25 Event: 24977
HSCP type: 0
Ih: 10.0373
P: 1159.1
Pt: 1112
Eta: -0.290048
Phi: -1.99342
NbPixelHit_noL1: 3
NOM_noL1: 13
FracOfValidHit: 1
isHighPurityTrack: 1
miniRelIsoAll: 1
IsoSumPt_dr03: 0
dz: 7.6828e-05
dxy: -0.0021582
normChi2: 1
EoP: 0.0115781
Pterr: 199.855
Fpix: 0.999168
RecoPFMET: 1433.38
RecoPFMET_phi: 1.33742
RecoCaloMET: 1392.24
RecoCaloMET_phi: 1.36732
Flag_allMETFilters: 1

      Run : 1 Lumi: 25 Event: 24978
HSCP type: 0
Ih: 19.2476
P: 745.629
Pt: 492
Eta: -0.976165
Phi: -1.17777
NbPixelHit_noL1: 3
NOM_noL1: 12
FracOfValidHit: 1
isHighPurityTrack: 1
miniRelIsoAll: 1
IsoSumPt_dr03: 0
dz: 0.00424805
dxy: 0.0024292
normChi2: 0
EoP: 0.0246903
Pterr: 182.568
Fpix: 1
RecoPFMET: 515.129
RecoPFMET_phi: 1.88342
RecoCaloMET: 525.235
RecoCaloMET_phi: 2.02842
Flag_allMETFilters: 1

      Run : 1 Lumi: 25 Event: 24970
HSCP type: 0
Ih: 18.199
P: 703.91
Pt: 702.5
Eta: 0.0633564
Phi: 0.662032
NbPixelHit_noL1: 1
NOM_noL1: 9
FracOfValidHit: 1
isHighPurityTrack: 1
miniRelIsoAll: 1
IsoSumPt_dr03: 0
dz: -0.00712891
dxy: 0.00158813
normChi2: 0
EoP: 0.125529
Pterr: 213.86
Fpix: 0.99413
RecoPFMET: 855.863
RecoPFMET_phi: -2.27877
RecoCaloMET: 812.628
RecoCaloMET_phi: -2.32142
Flag_allMETFilters: 1

      Run : 1 Lumi: 25 Event: 24976
HSCP type: 0
Ih: 9.37164
P: 1277.02
Pt: 1212
Eta: -0.326121
Phi: 2.94716
NbPixelHit_noL1: 4
NOM_noL1: 17
FracOfValidHit: 1
isHighPurityTrack: 1
miniRelIsoAll: 1
IsoSumPt_dr03: 0
dz: 0.00328369
dxy: -0.000593262
normChi2: 0
EoP: 0
Pterr: 329.049
Fpix: 0.999954
RecoPFMET: 1186.59
RecoPFMET_phi: -0.173669
RecoCaloMET: 1188.67
RecoCaloMET_phi: -0.18368
Flag_allMETFilters: 1

      Run : 1 Lumi: 25 Event: 24986
HSCP type: 0
Ih: 4.67966
P: 2473.59
Pt: 1344
Eta: 1.21952
Phi: -1.72574
NbPixelHit_noL1: 3
NOM_noL1: 12
FracOfValidHit: 1
isHighPurityTrack: 1
miniRelIsoAll: 1
IsoSumPt_dr03: 0
dz: 0.00364258
dxy: -0.000393677
normChi2: 0
EoP: 1.01289
Pterr: 130.957
Fpix: 0.948847
RecoPFMET: 1335.65
RecoPFMET_phi: 1.41052
RecoCaloMET: 1325.05
RecoCaloMET_phi: 1.42005
Flag_allMETFilters: 0

      Run : 1 Lumi: 25 Event: 24981
HSCP type: 0
Ih: 11.7337
P: 999.987
Pt: 793.5
Eta: -0.706626
Phi: -1.26723
NbPixelHit_noL1: 3
NOM_noL1: 17
FracOfValidHit: 1
isHighPurityTrack: 1
miniRelIsoAll: 1
IsoSumPt_dr03: 0
dz: -0.00155396
dxy: -0.000333862
normChi2: 0
EoP: 0.0130242
Pterr: 172.419
Fpix: 0.999822
RecoPFMET: 759.411
RecoPFMET_phi: 1.99645
RecoCaloMET: 770.326
RecoCaloMET_phi: 1.96145
Flag_allMETFilters: 1

      Run : 1 Lumi: 25 Event: 24983
HSCP type: 0
Ih: 19.3571
P: 685.045
Pt: 376
Eta: 1.20743
Phi: 1.57319
NbPixelHit_noL1: 3
NOM_noL1: 12
FracOfValidHit: 1
isHighPurityTrack: 1
miniRelIsoAll: 0
IsoSumPt_dr03: 0
dz: -0.00504883
dxy: 0.000999756
normChi2: 0
EoP: 0.0366677
Pterr: 30.6925
Fpix: 1
RecoPFMET: 269.84
RecoPFMET_phi: -3.05395
RecoCaloMET: 433.338
RecoCaloMET_phi: -2.08819
Flag_allMETFilters: 1

      Run : 1 Lumi: 25 Event: 24989
HSCP type: 0
Ih: 15.6128
P: 812.354
Pt: 615.5
Eta: 0.77987
Phi: -2.14821
NbPixelHit_noL1: 3
NOM_noL1: 18
FracOfValidHit: 1
isHighPurityTrack: 1
miniRelIsoAll: 1
IsoSumPt_dr03: 0
dz: -0.00225342
dxy: 0.000768433
normChi2: 0
EoP: 0
Pterr: 117.316
Fpix: 0.999993
RecoPFMET: 71.2887
RecoPFMET_phi: 1.66973
RecoCaloMET: 591.126
RecoCaloMET_phi: 1.01834
Flag_allMETFilters: 1

      Run : 1 Lumi: 25 Event: 24982
HSCP type: 0
Ih: 9.41833
P: 1318.33
Pt: 1239
Eta: -0.355968
Phi: 0.995245
NbPixelHit_noL1: 0
NOM_noL1: 13
FracOfValidHit: 1
isHighPurityTrack: 1
miniRelIsoAll: 1
IsoSumPt_dr03: 0
dz: -0.0211133
dxy: 0.00561035
normChi2: 0
EoP: 0
Pterr: 314.149
Fpix: 1
RecoPFMET: 296.681
RecoPFMET_phi: 1.32004
RecoCaloMET: 1236.68
RecoCaloMET_phi: -2.14612
Flag_allMETFilters: 1

      Run : 1 Lumi: 25 Event: 24987
HSCP type: 0
Ih: 13.5798
P: 1999
Pt: 1943
Eta: 0.239509
Phi: -0.794653
NbPixelHit_noL1: 3
NOM_noL1: 18
FracOfValidHit: 1
isHighPurityTrack: 1
miniRelIsoAll: 1
IsoSumPt_dr03: 0
dz: 0.00167725
dxy: 9.11713e-05
normChi2: 0
EoP: 0.00535051
Pterr: 435.183
Fpix: 0.999982
RecoPFMET: 2006.61
RecoPFMET_phi: 2.3916
RecoCaloMET: 1971.31
RecoCaloMET_phi: 2.37852
Flag_allMETFilters: 1

      Run : 1 Lumi: 25 Event: 24990
HSCP type: 1
Ih: 23.819
P: 588.557
Pt: 361.75
Eta: 1.06827
Phi: -1.1809
NbPixelHit_noL1: 4
NOM_noL1: 9
FracOfValidHit: 1
isHighPurityTrack: 1
miniRelIsoAll: 1
IsoSumPt_dr03: 0
dz: 0.002771
dxy: -0.000210114
normChi2: 0
EoP: 0
Pterr: 90.2582
Fpix: 1
RecoPFMET: 28.5549
RecoPFMET_phi: 0.661274
RecoCaloMET: 415.372
RecoCaloMET_phi: -1.20381
Flag_allMETFilters: 1

      Run : 1 Lumi: 25 Event: 24997
HSCP type: 0
Ih: 3.72471
P: 3240.69
Pt: 1124
Eta: -1.72051
Phi: -2.96708
NbPixelHit_noL1: 5
NOM_noL1: 25
FracOfValidHit: 0.961538
isHighPurityTrack: 1
miniRelIsoAll: 1
IsoSumPt_dr03: 0
dz: 0.00258301
dxy: -0.000342407
normChi2: 0
EoP: 0
Pterr: 223.966
Fpix: 0.915943
RecoPFMET: 1069.93
RecoPFMET_phi: 0.286237
RecoCaloMET: 1072.25
RecoCaloMET_phi: 0.255326
Flag_allMETFilters: 1

      Run : 1 Lumi: 25 Event: 24992
HSCP type: 0
Ih: 11.852
P: 9405.28
Pt: 9024
Eta: -0.289682
Phi: -3.05771
NbPixelHit_noL1: 3
NOM_noL1: 16
FracOfValidHit: 1
isHighPurityTrack: 1
miniRelIsoAll: 1
IsoSumPt_dr03: 0
dz: 0.000521851
dxy: -0.000332947
normChi2: 0
EoP: 0.00175357
Pterr: 143.552
Fpix: 0.997674
RecoPFMET: 9077.04
RecoPFMET_phi: 0.0786868
RecoCaloMET: 9054.23
RecoCaloMET_phi: 0.0841907
Flag_allMETFilters: 1

      Run : 1 Lumi: 25 Event: 24995
HSCP type: 0
Ih: 10.8882
P: 889.966
Pt: 802
Eta: -0.464187
Phi: 0.152641
NbPixelHit_noL1: 3
NOM_noL1: 14
FracOfValidHit: 1
isHighPurityTrack: 1
miniRelIsoAll: 1
IsoSumPt_dr03: 6.47266
dz: -0.00506836
dxy: 0.00273926
normChi2: 0
EoP: 0.0241445
Pterr: 182.939
Fpix: 0.999199
RecoPFMET: 123.377
RecoPFMET_phi: -2.93133
RecoCaloMET: 839.246
RecoCaloMET_phi: -3.01623
Flag_allMETFilters: 1

      Run : 1 Lumi: 25 Event: 24999
HSCP type: 0
Ih: 5.47247
P: 1524.72
Pt: 1415
Eta: 0.391308
Phi: 0.68381
NbPixelHit_noL1: 2
NOM_noL1: 16
FracOfValidHit: 1
isHighPurityTrack: 1
miniRelIsoAll: 1
IsoSumPt_dr03: 0
dz: 0.00119995
dxy: 0.00343262
normChi2: 0
EoP: 0
Pterr: 472.337
Fpix: 0.993438
RecoPFMET: 1511.08
RecoPFMET_phi: -2.53739
RecoCaloMET: 1503.38
RecoCaloMET_phi: -2.51374
Flag_allMETFilters: 1

14:23:08  7046 Wrk-0.0 | Error in <TTreeCache::FillBuffer>: Inconsistency: fCurrentClusterStart=18452 fEntryCurrent=20754 fNextClusterStart=23064 but fEntryCurrent should not be in between the two
14:23:09  7046 Wrk-0.0 | SvcMsg in <TProofPlayerSlave::CheckMemUsage>: Memory 2337400 virtual 868180 resident event 92266
14:23:10  7046 Wrk-0.0 | Error in <TProofServLite::HandleSocketInput>: retrieving message from input socket
14:23:10  7046 Wrk-0.0 | Info in <TProofServLite::Terminate>: starting session termination operations ...
14:23:10  7046 Wrk-0.0 | Info in <TProofServLite::Terminate>: data directory '/home/gcoulon/.proof/data/0.0/0.0-sbgui14.in2p3.fr-1759494168-7046' has been removed
Terminate: termination operations ended: quitting!
